"","city_state","Agency Name","Murder","Rape","Robbery","Aggravated Assault","Burglary","Theft","Motor Vehicle Theft","Year","Month","State","Population","pop23","Violent Crime","Property Crime","agency_num"
"1","Abilene, TX","Abilene",1,2,5,35,29,138,13,2024,3,"TX",125186,"128387",43,180,1
"2","Abington, PA","Abington",0,2,5,2,1,60,1,2022,2,"PA",58432,"58433",9,62,1
"3","Albany, GA","Albany",0,2,14,78,58,170,18,2019,2,"GA",68613,"66281",94,246,1
"4","Allen, TX","Allen",0,4,0,8,7,69,6,2018,2,"TX",108135,"114696",12,82,1
"5","Allentown, PA","Allentown",0,3,18,26,46,170,20,2017,2,"PA",125917,"124782",47,236,1
"6","Antioch, CA","Antioch",0,3,16,33,35,94,40,2021,12,"CA",114338,"115271",52,169,1
"7","Apple Valley, MN","Apple Valley",0,1,1,7,4,76,5,2023,3,"MN",55145,"54995",9,85,1
"8","Arlington Heights, IL","Arlington Heights",0,0,0,1,13,31,10,2024,3,"IL",74094,"74094",1,54,1
"9","Arlington, TX","Arlington",3,33,39,123,162,828,115,2017,5,"TX",391591,"394799",198,1105,1
"10","Arvada, CO","Arvada",0,2,4,13,42,203,45,2020,4,"CO",122403,"120200",19,290,1
"11","Asheville, NC","Asheville",1,NA,15,19,27,246,33,2018,5,"NC",93729,"93471",35,306,1
"12","Atlanta, GA","Atlanta",17,NA,114,261,171,1367,379,2020,10,"GA",495707,"500212",392,1917,1
"13","Aurora, CO","Aurora",2,28,81,181,154,716,498,2021,2,"CO",392134,"396976",292,1368,1
"14","Austin, TX","Austin",1,52,73,158,356,1906,150,2017,2,"TX",965234,"978816",284,2412,1
"15","Baltimore, MD","Baltimore",20,13,303,539,215,1252,548,2023,3,"MD",570546,"565192",875,2015,1
"16","Baytown, TX","Baytown",0,4,5,16,26,139,37,2019,3,"TX",81477,"83809",25,202,1
"17","Beaumont, TX","Beaumont",3,12,12,72,64,193,16,2024,3,"TX",110898,"110671",99,273,1
"18","Beaverton, OR","Beaverton",0,3,5,6,20,109,18,2017,1,"OR",98991,"96840",14,147,1
"19","Bellevue, NE","Bellevue",1,3,1,1,7,68,9,2019,12,"NE",63178,"62372",6,84,1
"20","Bellingham, WA","Bellingham",1,NA,16,NA,NA,293,62,2022,2,"WA",93014,"94968",17,355,1
"21","Bend, OR","Bend",0,2,1,7,17,140,7,2018,5,"OR",104649,"105099",10,164,1
"22","Bensalem, PA","Bensalem",0,0,7,3,6,64,4,2019,2,"PA",62782,"62595",10,74,1
"23","Bethlehem, PA","Bethlehem",0,2,2,10,7,69,0,2019,3,"PA",75619,"78606",14,76,1
"24","Blaine, MN","Blaine",0,1,0,5,5,85,6,2023,4,"MN",71368,"72384",6,96,1
"25","Bloomington, MN","Bloomington",0,9,5,14,18,164,17,2020,6,"MN",88745,"86793",28,199,1
"26","Blue Springs, MO","Blue Springs",0,1,2,6,11,78,7,2019,3,"MO",60093,"59896",9,96,1
"27","Boise, ID","Boise",0,3,5,32,11,143,17,2024,2,"ID",239074,"236949",40,171,1
"28","Bolingbrook, IL","Bolingbrook",0,3,0,3,4,14,1,2021,6,"IL",73364,"74138",6,19,1
"29","Boston, MA","Boston",0,21,71,305,92,877,98,2024,6,"MA",638925,"642823",397,1067,1
"30","Boulder, CO","Boulder",0,2,4,19,35,244,24,2024,8,"CO",103099,"104232",25,303,1
"31","Bridgeport, CT","Bridgeport",1,6,56,57,52,202,79,2017,6,"CT",148395,"148483",120,333,1
"32","Bristol, CT","Bristol",0,0,2,2,7,48,9,2022,2,"CT",60657,"61609",4,64,1
"33","Brockton, MA","Brockton",0,8,9,47,30,93,44,2024,5,"MA",110084,"108938",64,167,1
"34","Brooklyn Park, MN","Brooklyn Park",0,1,12,12,31,175,26,2021,11,"MN",82682,"81920",25,232,1
"35","Broomfield, CO","Broomfield",0,1,0,5,13,147,15,2017,6,"CO",76137,"77072",6,175,1
"36","Buckeye, AZ","Buckeye",0,3,0,8,12,96,7,2020,12,"AZ",110002,"112048",11,115,1
"37","Buffalo, NY","Buffalo",2,18,77,144,175,647,65,2017,6,"NY",275710,"275922",241,887,1
"38","Burbank, CA","Burbank",0,1,8,27,39,212,28,2024,7,"CA",103516,"102345",36,279,1
"39","Burleson, TX","Burleson",0,4,2,6,1,41,9,2024,7,"TX",55356,"56307",12,51,1
"40","Burnsville, MN","Burnsville",0,0,3,3,7,113,3,2017,2,"MN",63361,"63650",6,123,1
"41","Cambridge, MA","Cambridge",0,4,7,23,12,175,6,2021,5,"MA",117044,"118960",34,193,1
"42","Carlsbad, CA","Carlsbad",0,4,3,4,24,140,16,2021,4,"CA",115531,"113796",11,180,1
"43","Casper, WY","Casper",0,NA,NA,NA,NA,NA,NA,2017,1,"WY",58543,"58169",0,0,1
"44","Castle Rock, CO","Castle Rock",0,2,0,1,4,70,0,2019,9,"CO",79102,"83546",3,74,1
"45","Cedar Park, TX","Cedar Park",0,0,0,1,2,31,5,2024,8,"TX",79353,"77464",1,38,1
"46","Centennial, CO","Centennial",1,0,2,6,48,202,47,2021,12,"CO",105849,"104724",9,297,1
"47","Champaign, IL","Champaign",1,7,5,33,36,182,13,2020,1,"IL",89815,"89687",46,231,1
"48","Chandler, AZ","Chandler",2,5,2,21,36,398,38,2022,12,"AZ",281373,"282419",30,472,1
"49","Charlotte, NC","Charlotte",12,15,123,209,405,2159,248,2019,4,"NC",955466,"979304",359,2812,1
"50","Chattanooga, TN","Chattanooga",0,17,18,102,70,581,143,2024,7,"TN",182603,"185370",137,794,1
"51","Cheyenne, WY","Cheyenne",0,NA,2,NA,19,135,NA,2017,1,"WY",64610,"64307",2,154,1
"52","Chicago, IL","Chicago",40,129,719,1272,601,4524,1653,2024,4,"IL",2652124,"2628298",2160,6778,1
"53","Chicopee, MA","Chicopee",0,0,2,28,10,75,10,2023,6,"MA",55265,"55043",30,95,1
"54","Chula Vista, CA","Chula Vista",0,2,21,55,36,178,36,2019,9,"CA",277976,"280748",78,250,1
"55","Cincinnati, OH","Cincinnati",5,12,66,142,159,628,283,2024,8,"OH",307761,"309484",225,1070,1
"56","Cleveland, OH","Cleveland",12,47,147,322,292,882,452,2024,3,"OH",363764,"358146",528,1626,1
"57","Coeur D Alene, ID","Coeur D Alene",0,2,2,2,3,46,6,2021,11,"ID",NA,NA,6,55,1
"58","Colerain Township, OH","Colerain Township",0,1,1,2,5,94,4,2022,3,"OH",58548,"58268",4,103,1
"59","College Station, TX","College Station",0,6,4,15,38,186,12,2017,3,"TX",121618,"126136",25,236,1
"60","Colorado Springs, CO","Colorado Springs",1,38,29,229,233,908,467,2024,6,"CO",487728,"489254",297,1608,1
"61","Columbia, MO","Columbia",0,4,10,20,22,185,15,2018,4,"MO",127862,"129602",34,222,1
"62","Columbus, OH","Columbus",23,NA,NA,NA,NA,NA,NA,2021,5,"OH",907196,"908834",23,0,1
"63","Commerce City, CO","Commerce City",0,3,6,21,30,86,19,2017,4,"CO",65817,"67851",30,135,1
"64","Concord, CA","Concord",1,5,19,18,29,242,71,2017,2,"CA",122982,"121331",43,342,1
"65","Conroe, TX","Conroe",0,5,2,7,19,93,10,2018,2,"TX",98623,"106904",14,122,1
"66","Coon Rapids, MN","Coon Rapids",0,3,5,7,4,59,12,2022,1,"MN",63181,"62391",15,75,1
"67","Corpus Christi, TX","Corpus Christi",2,30,39,171,172,772,77,2019,8,"TX",317694,"315340",242,1021,1
"68","Cranston, RI","Cranston",0,3,2,9,8,47,6,2019,9,"RI",82205,"82484",14,61,1
"69","Dallas, TX","Dallas",22,49,150,608,519,2224,1195,2023,1,"TX",1286121,"1304989",829,3938,1
"70","Danbury, CT","Danbury",0,0,5,7,11,72,5,2020,1,"CT",87164,"87327",12,88,1
"71","Dayton, OH","Dayton",3,18,16,67,88,264,75,2021,1,"OH",137084,"135181",104,427,1
"72","Decatur, IL","Decatur",2,4,3,15,26,73,6,2019,1,"IL",68789,"68301",24,105,1
"73","Denver, CO","Denver",3,38,104,247,270,1338,400,2018,11,"CO",705264,"712222",392,2008,1
"74","Desoto, TX","Desoto",0,1,5,5,21,70,10,2017,7,"TX",55956,"56257",11,101,1
"75","Detroit, MI","Detroit",16,39,126,554,333,990,820,2023,1,"MI",626757,"615501",735,2143,1
"76","Dublin, OH","Dublin",0,0,1,0,3,25,2,2020,2,"OH",48799,"Not Found",1,30,1
"77","Duluth, MN","Duluth",0,6,1,11,29,185,24,2022,1,"MN",86144,"86570",18,238,1
"78","Dunwoody, GA","Dunwoody",0,0,4,1,13,151,8,2018,3,"GA",50271,"52505",5,172,1
"79","Durham, NC","Durham",1,8,88,147,207,701,53,2017,10,"NC",286377,"295788",244,961,1
"80","Eagan, MN","Eagan",0,2,1,6,7,83,6,2022,9,"MN",68518,"66943",9,96,1
"81","East Hartford, CT","East Hartford",0,1,7,3,13,57,22,2018,12,"CT",50579,"50625",11,92,1
"82","Eden Prairie, MN","Eden Prairie",1,1,1,0,4,57,1,2018,8,"MN",62008,"61645",3,62,1
"83","Edina, MN","Edina",0,0,0,2,5,64,4,2020,1,"MN",53206,"51980",2,73,1
"84","Edinburg, TX","Edinburg",0,6,5,5,18,239,4,2019,4,"TX",104987,"106137",16,261,1
"85","El Cajon, CA","El Cajon",0,3,11,34,22,89,23,2023,5,"CA",104693,"103569",48,134,1
"86","Elyria, OH","Elyria",0,3,7,3,22,58,2,2017,3,"OH",52902,"53024",13,82,1
"87","Erie, PA","Erie",0,1,11,21,46,146,12,2017,5,"PA",93363,"92920",33,204,1
"88","Escondido, CA","Escondido",0,0,8,23,17,100,38,2022,2,"CA",150072,"149837",31,155,1
"89","Euclid, OH","Euclid",0,0,4,16,7,37,11,2021,2,"OH",48344,"Not Found",20,55,1
"90","Eugene, OR","Eugene",0,12,11,36,121,489,63,2020,8,"OR",175390,"178191",59,673,1
"91","Euless, TX","Euless",0,0,2,2,12,71,22,2017,1,"TX",59901,"59722",4,105,1
"92","Evanston, IL","Evanston",0,1,3,1,5,82,8,2021,2,"IL",76259,"74413",5,95,1
"93","Fairfield, CT","Fairfield",0,0,2,2,11,94,10,2019,10,"CT",62270,"63588",4,115,1
"94","Fayetteville, NC","Fayetteville",0,NA,27,91,119,494,37,2019,11,"NC",208980,"209262",118,650,1
"95","Flagstaff, AZ","Flagstaff",1,3,5,21,9,182,5,2018,11,"AZ",77018,"75343",30,196,1
"96","Flower Mound, TX","Flower Mound",0,0,0,4,4,32,4,2024,7,"TX",78167,"79513",4,40,1
"97","Fort Collins, CO","Fort Collins",0,6,3,43,36,300,53,2021,10,"CO",168045,"168886",52,389,1
"98","Fort Wayne, IN","Fort Wayne",1,12,22,29,73,461,40,2022,6,"IN",267791,"269728",64,574,1
"99","Fort Worth, TX","Fort Worth",6,51,51,284,284,1354,291,2024,4,"TX",948605,"973722",392,1929,1
"100","Frisco, TX","Frisco",0,4,2,10,26,129,5,2017,4,"TX",218962,"228527",16,160,1
"101","Galveston, TX","Galveston",0,6,5,4,36,87,8,2017,1,"TX",52920,"52810",15,131,1
"102","Garland, TX","Garland",3,5,39,27,125,491,71,2017,1,"TX",241095,"240051",74,687,1
"103","Georgetown, TX","Georgetown",0,2,1,1,4,37,0,2018,2,"TX",83371,"87871",4,41,1
"104","Gilbert, AZ","Gilbert",0,6,4,12,35,216,9,2018,1,"AZ",277123,"278495",22,260,1
"105","Glendale, AZ","Glendale",2,5,16,53,92,363,61,2020,5,"AZ",250466,"253768",76,516,1
"106","Glendale, CA","Glendale",1,2,18,11,34,197,22,2017,6,"CA",188599,"185923",32,253,1
"107","Goodyear, AZ","Goodyear",0,0,2,9,7,134,11,2022,10,"AZ",107212,"109929",11,152,1
"108","Grand Island, NE","Grand Island",0,5,0,19,37,127,7,2017,7,"NE",51733,"52264",24,171,1
"109","Grand Junction, CO","Grand Junction",0,6,3,42,17,200,19,2024,8,"CO",68126,"69240",51,236,1
"110","Grand Prairie, TX","Grand Prairie",0,2,9,24,22,249,51,2021,1,"TX",199663,"205487",35,322,1
"111","Grand Rapids, MI","Grand Rapids",1,6,17,60,44,173,25,2019,11,"MI",196662,"196019",84,242,1
"112","Grapevine, TX","Grapevine",0,0,1,4,7,69,12,2019,1,"TX",50988,"51458",5,88,1
"113","Greeley, CO","Greeley",1,6,8,22,34,117,18,2019,3,"CO",109258,"109183",37,169,1
"114","Green Township, OH","Green Township",0,0,0,2,6,41,1,2021,3,"OH",59568,"59277",2,48,1
"115","Greensboro, NC","Greensboro",1,6,57,120,211,712,87,2019,7,"NC",298719,"303237",184,1010,1
"116","Gresham, OR","Gresham",2,6,5,13,39,175,69,2017,4,"OR",111590,"110225",26,283,1
"117","Harlingen, TX","Harlingen",0,1,1,17,24,168,8,2018,3,"TX",72047,"71581",19,200,1
"118","Harrisburg, PA","Harrisburg",1,2,4,33,13,32,21,2023,3,"PA",50201,"50229",40,66,1
"119","Haverford, PA","Haverford",0,0,2,0,6,33,-1,2017,1,"PA",50505,"50505",2,38,1
"120","Haverhill, MA","Haverhill",0,2,0,51,22,71,13,2019,7,"MA",67359,"67133",53,106,1
"121","Henderson, NV","Henderson",0,10,19,45,85,414,70,2021,11,"NV",325332,"337794",74,569,1
"122","Hillsboro, OR","Hillsboro",0,9,1,10,17,153,15,2017,6,"OR",106345,"107459",20,185,1
"123","Honolulu, HI","Honolulu",0,NA,72,115,347,1921,321,2018,7,"HI",994799,"987546",187,2589,1
"124","Houston, TX","Houston",25,107,531,1434,1203,6116,1633,2023,4,"TX",2276533,"2304406",2097,8952,1
"125","Idaho Falls, ID","Idaho Falls",0,2,0,12,20,50,4,2019,9,"ID",68162,"68662",14,74,1
"126","Independence, MO","Independence",2,4,8,18,57,391,117,2018,3,"MO",121255,"120326",32,565,1
"127","Indianapolis, IN","Indianapolis",13,49,271,593,631,1854,376,2018,12,"IN",886455,"887131",926,2861,1
"128","Irving, TX","Irving",0,10,27,25,74,439,74,2020,1,"TX",254141,"255203",62,587,1
"129","Jackson, MI","Jackson",0,5,3,11,6,71,7,2018,3,"MI",31206,"Not Found",19,84,1
"130","Joplin, MO","Joplin",0,6,3,14,39,210,25,2019,2,"MO",51989,"52881",23,274,1
"131","Kansas City, MO","Kansas City",6,28,147,510,348,1002,302,2017,3,"MO",508856,"509855",691,1652,1
"132","Killeen, TX","Killeen",3,6,7,75,22,94,35,2024,8,"TX",159546,"161968",91,151,1
"133","Knoxville, TN","Knoxville",3,14,23,123,146,623,82,2017,8,"TN",194724,"198132",163,851,1
"134","Kyle, TX","Kyle",0,1,2,1,6,42,9,2017,3,"TX",57724,"63931",4,57,1
"135","La Mesa, CA","La Mesa",0,1,3,9,13,47,11,2019,1,"CA",60333,"60008",13,71,1
"136","Lake Havasu City, AZ","Lake Havasu City",0,3,2,6,14,58,2,2018,7,"AZ",59166,"59720",11,74,1
"137","Lakeville, MN","Lakeville",0,0,0,0,9,39,1,2017,5,"MN",75548,"76929",0,49,1
"138","Lancaster, PA","Lancaster",1,2,7,11,7,70,34,2023,5,"PA",57295,"57213",21,111,1
"139","Laredo, TX","Laredo",1,11,6,39,16,236,14,2021,7,"TX",256973,"256542",57,266,1
"140","Las Vegas, NV","Las Vegas",11,NA,173,433,934,2325,610,2019,7,"NV",1667961,"1670226",617,3869,1
"141","League City, TX","League City",1,5,0,3,8,67,8,2021,6,"TX",116511,"115791",9,83,1
"142","Leander, TX","Leander",0,0,1,1,3,47,1,2018,1,"TX",73905,"82228",2,51,1
"143","Lee's Summit, MO","Lee's Summit",0,2,1,3,16,162,11,2018,8,"MO",103976,"104402",6,189,1
"144","Lewisville, TX","Lewisville",0,3,15,14,22,181,20,2019,1,"TX",113568,"133694",32,223,1
"145","Lexington, KY","Lexington",4,15,25,35,84,663,140,2022,8,"KY",320983,"319994",79,887,1
"146","Lincoln, NE","Lincoln",0,28,11,70,44,533,57,2023,4,"NE",293937,"293155",109,634,1
"147","Little Elm, TX","Little Elm",0,1,1,1,1,12,1,2019,2,"TX",55340,"59954",3,14,1
"148","Little Rock, AR","Little Rock",3,22,16,184,146,740,80,2018,4,"AR",201513,"202986",225,966,1
"149","Long Beach, CA","Long Beach",2,29,59,131,181,671,270,2020,11,"CA",447528,"444415",221,1122,1
"150","Longmont, CO","Longmont",0,3,4,27,30,199,37,2021,3,"CO",101159,"98444",34,266,1
"151","Longview, TX","Longview",0,7,0,21,44,133,19,2018,4,"TX",81811,"82981",28,196,1
"152","Lorain, OH","Lorain",0,0,4,31,28,86,8,2021,9,"OH",65536,"65436",35,122,1
"153","Los Angeles, CA","Los Angeles",41,NA,NA,NA,NA,NA,NA,2020,10,"CA",3809182,"3786018",41,0,1
"154","Louisville, KY","Louisville",4,28,111,241,448,1821,397,2018,10,"KY",677554,"669468",384,2666,1
"155","Lower Merion, PA","Lower Merion",0,0,2,3,5,49,4,2022,2,"PA",64642,"64350",5,58,1
"156","Lower Paxton, PA","Lower Paxton",0,2,2,7,9,33,9,2023,8,"PA",54552,"55204",11,51,1
"157","Lubbock, TX","Lubbock",2,29,52,165,191,724,103,2019,6,"TX",264142,"266960",248,1018,1
"158","Lynn, MA","Lynn",1,1,5,38,22,58,18,2024,4,"MA",101056,"101144",45,98,1
"159","Manchester, NH","Manchester",0,8,8,53,34,211,18,2017,8,"NH",114650,"114963",69,263,1
"160","Mansfield, TX","Mansfield",0,2,2,1,3,42,5,2020,2,"TX",75993,"78788",5,50,1
"161","Maple Grove, MN","Maple Grove",0,0,0,2,14,100,6,2017,5,"MN",70935,"70729",2,120,1
"162","Marana, AZ","Marana",0,0,0,2,8,98,2,2020,10,"AZ",57119,"57718",2,108,1
"163","McAllen, TX","McAllen",0,2,5,7,13,268,1,2019,2,"TX",145510,"145684",14,282,1
"164","Mckinney, TX","Mckinney",0,6,7,11,13,115,11,2018,2,"TX",208415,"212716",24,139,1
"165","Memphis, TN","Memphis",30,25,197,587,506,2616,1586,2022,12,"TN",624944,"616061",839,4708,1
"166","Meridian, ID","Meridian",0,4,0,3,14,69,4,2017,5,"ID",132522,"135239",7,87,1
"167","Mesa, AZ","Mesa",2,21,20,140,87,513,73,2023,3,"AZ",513116,"515848",183,673,1
"168","Mesquite, TX","Mesquite",0,3,9,44,40,249,100,2023,1,"TX",147226,"147926",56,389,1
"169","Methuen, MA","Methuen",0,1,5,6,3,27,2,2021,9,"MA",52853,"53558",12,32,1
"170","Miami Beach, FL","Miami Beach",0,5,16,13,50,436,32,2018,11,"FL",89017,"78824",34,518,1
"171","Middletown, OH","Middletown",0,6,11,4,50,149,15,2017,3,"OH",50970,"51328",21,214,1
"172","Midland, TX","Midland",0,3,7,22,37,156,21,2017,1,"TX",129945,"135253",32,214,1
"173","Millcreek, PA","Millcreek",0,1,0,7,14,48,4,2017,6,"PA",53119,"53119",8,66,1
"174","Milwaukee, WI","Milwaukee",14,NA,NA,NA,NA,NA,NA,2017,7,"WI",561743,"558698",14,0,1
"175","Minneapolis, MN","Minneapolis",0,36,128,118,228,890,198,2017,2,"MN",421690,"422341",282,1316,1
"176","Minnetonka, MN","Minnetonka",0,0,1,0,19,51,2,2021,5,"MN",52309,"51791",1,72,1
"177","Mission, TX","Mission",0,0,0,0,0,0,0,2021,8,"TX",86577,"87031",0,0,1
"178","Missouri City, TX","Missouri City",0,0,3,3,8,41,1,2019,2,"TX",75323,"77560",6,50,1
"179","Moline, IL","Moline",0,6,3,15,26,72,11,2020,8,"IL",42009,"Not Found",24,109,1
"180","Mount Prospect, IL","Mount Prospect",0,1,2,0,0,44,5,2022,5,"IL",53932,"53932",3,49,1
"181","Mount Vernon, NY","Mount Vernon",0,3,7,30,23,77,6,2017,3,"NY",71690,"70812",40,106,1
"182","Nashville, TN","Nashville",11,NA,171,458,293,2046,217,2019,6,"TN",679562,"690495",640,2556,1
"183","National City, CA","National City",2,4,11,14,8,56,15,2017,6,"CA",55676,"55270",31,79,1
"184","New Bedford, MA","New Bedford",1,5,12,32,23,168,11,2019,8,"MA",101402,"100876",50,202,1
"185","New Braunfels, TX","New Braunfels",0,3,2,10,16,53,12,2017,11,"TX",107017,"111942",15,81,1
"186","New Britain, CT","New Britain",0,4,5,29,26,144,21,2020,8,"CT",73621,"74609",38,191,1
"187","New Orleans, LA","New Orleans",10,48,80,154,227,1222,280,2018,7,"LA",370128,"364197",292,1729,1
"188","New York City, NY","New York City",37,125,1369,2445,1175,4338,1352,2023,5,"NY",NA,NA,3976,6865,1
"189","Newark, NJ","Newark",3,9,20,63,30,122,150,2021,1,"NJ",304311,"303827",95,302,1
"190","Newark, OH","Newark",0,0,3,0,30,72,18,2022,8,"OH",50818,"51147",3,120,1
"191","North Bergen Township, NJ","North Bergen Township",0,3,1,3,7,25,5,2021,5,"NJ",58378,"59147",7,37,1
"192","North Las Vegas, NV","North Las Vegas",2,7,23,50,55,232,147,2024,8,"NV",284422,"290751",82,434,1
"193","North Richland Hills, TX","North Richland Hills",0,4,0,8,20,86,8,2022,7,"TX",70108,"70853",12,114,1
"194","O'Fallon, MO","O'Fallon",0,0,1,4,8,76,9,2019,3,"MO",95689,"94702",5,93,1
"195","Oak Lawn, IL","Oak Lawn",0,1,0,0,4,41,2,2021,2,"IL",55368,"55368",1,47,1
"196","Oceanside, CA","Oceanside",2,8,10,42,34,187,37,2018,4,"CA",171844,"171348",62,258,1
"197","Odessa, TX","Odessa",0,6,9,27,28,103,25,2022,2,"TX",110163,"111922",42,156,1
"198","Omaha, NE","Omaha",1,19,18,125,92,985,262,2024,8,"NE",483462,"481471",163,1339,1
"199","Palatine, IL","Palatine",0,3,0,4,3,43,2,2022,7,"IL",64407,"64407",7,48,1
"200","Parker, CO","Parker",0,1,0,5,7,82,9,2017,9,"CO",61865,"62431",6,98,1
"201","Pasadena, TX","Pasadena",0,6,6,44,44,183,28,2019,2,"TX",145954,"145850",56,255,1
"202","Pawtucket, RI","Pawtucket",0,5,0,14,21,55,18,2022,7,"RI",74967,"75100",19,94,1
"203","Pearland, TX","Pearland",1,3,7,8,19,170,10,2020,1,"TX",125894,"127433",19,199,1
"204","Pflugerville, TX","Pflugerville",0,0,2,4,8,56,8,2018,10,"TX",67817,"65599",6,72,1
"205","Pharr, TX","Pharr",0,5,2,9,15,92,7,2023,1,"TX",79558,"80359",16,114,1
"206","Philadelphia, PA","Philadelphia",26,38,387,798,402,4206,1464,2024,8,"PA",1555812,"1550843",1249,6072,1
"207","Phoenix, AZ","Phoenix",16,74,155,587,467,2152,561,2020,7,"AZ",1637902,"1660686",832,3180,1
"208","Pittsburgh, PA","Pittsburgh",2,NA,NA,NA,NA,NA,NA,2021,9,"PA",303137,"304825",2,0,1
"209","Plano, TX","Plano",2,2,6,15,66,301,27,2017,4,"TX",289847,"291140",25,394,1
"210","Plymouth, MN","Plymouth",0,1,2,1,13,66,3,2018,8,"MN",78585,"77576",4,82,1
"211","Pocatello, ID","Pocatello",0,3,1,16,12,24,8,2022,3,"ID",57914,"58390",20,44,1
"212","Port Arthur, TX","Port Arthur",1,4,6,20,10,56,8,2024,6,"TX",55899,"55371",31,74,1
"213","Portland, OR","Portland",0,33,73,145,321,1863,539,2018,4,"OR",630129,"626146",251,2723,1
"214","Prescott Valley, AZ","Prescott Valley",0,1,0,7,5,27,2,2022,7,"AZ",50166,"50166",8,34,1
"215","Pueblo, CO","Pueblo",1,0,14,72,80,273,82,2020,9,"CO",112618,"111240",87,435,1
"216","Quincy, MA","Quincy",0,1,5,31,26,80,17,2022,5,"MA",101434,"102465",37,123,1
"217","Raleigh, NC","Raleigh",2,5,28,66,156,645,81,2017,3,"NC",470829,"482842",101,882,1
"218","Reading, PA","Reading",1,4,21,21,33,90,13,2019,1,"PA",97698,"97790",47,136,1
"219","Redlands, CA","Redlands",1,1,8,10,25,95,44,2020,12,"CA",73554,"74147",20,164,1
"220","Reno, NV","Reno",2,22,22,80,102,413,86,2022,1,"NV",273671,"277792",126,601,1
"221","Revere, MA","Revere",0,2,0,12,3,16,8,2020,6,"MA",56961,"57132",14,27,1
"222","Richardson, TX","Richardson",1,3,3,2,26,166,14,2019,4,"TX",115771,"119008",9,206,1
"223","Richmond, CA","Richmond",2,3,18,73,20,133,137,2020,8,"CA",115043,"113282",96,290,1
"224","Richmond, VA","Richmond",4,10,39,39,59,466,90,2020,12,"VA",227323,"230789",92,615,1
"225","Riverside, CA","Riverside",1,NA,43,74,134,533,139,2017,6,"CA",319889,"323473",118,806,1
"226","Rochester, MN","Rochester",2,4,8,18,18,182,8,2020,9,"MN",121534,"122035",32,208,1
"227","Rochester, NY","Rochester",0,NA,70,39,97,NA,38,2017,1,"NY",210270,"208452",109,135,1
"228","Rockford, IL","Rockford",3,5,20,152,52,296,69,2022,7,"IL",146710,"145873",180,417,1
"229","Rockwall, TX","Rockwall",0,2,3,2,5,54,4,2020,1,"TX",51724,"53433",7,63,1
"230","Round Rock, TX","Round Rock",0,3,8,10,20,180,5,2019,1,"TX",127349,"129898",21,205,1
"231","Rowlett, TX","Rowlett",1,1,1,7,10,52,6,2023,2,"TX",65196,"66671",10,68,1
"232","Salt Lake City, UT","Salt Lake City",1,21,29,78,140,720,90,2018,5,"UT",201373,"206692",129,950,1
"233","San Angelo, TX","San Angelo",3,10,2,18,19,201,23,2020,10,"TX",99243,"98642",33,243,1
"234","San Antonio, TX","San Antonio",14,NA,218,514,706,3936,758,2020,1,"TX",1465608,"1490047",746,5400,1
"235","San Diego, CA","San Diego",4,54,139,274,316,1555,306,2017,8,"CA",1377838,"1378349",471,2177,1
"236","San Francisco, CA","San Francisco",3,10,238,185,760,1861,584,2020,12,"CA",764693,"782846",436,3205,1
"237","San Marcos, TX","San Marcos",0,7,3,9,22,106,12,2020,1,"TX",69470,"71413",19,140,1
"238","Schaumburg, IL","Schaumburg",1,0,2,7,11,107,4,2017,4,"IL",75745,"75140",10,122,1
"239","Scottsdale, AZ","Scottsdale",1,16,11,24,51,419,25,2021,7,"AZ",243576,"243644",52,495,1
"240","Scranton, PA","Scranton",0,7,0,17,16,91,6,2022,4,"PA",75798,"75687",24,113,1
"241","Seattle, WA","Seattle",2,23,141,187,641,2213,248,2017,4,"WA",729691,"753786",353,3102,1
"242","Skokie, IL","Skokie",0,1,1,4,25,142,9,2018,3,"IL",65185,"64417",6,176,1
"243","Somerville, MA","Somerville",0,0,1,10,15,87,18,2023,6,"MA",79178,"79513",11,120,1
"244","South Bend, IN","South Bend",2,9,27,53,129,313,41,2017,5,"IN",103179,"102999",91,483,1
"245","Southaven, MS","Southaven",0,1,4,13,14,122,39,2020,12,"MS",56092,"57135",18,175,1
"246","Sparks, NV","Sparks",0,9,9,18,34,121,58,2019,1,"NV",110475,"109403",36,213,1
"247","Springfield, IL","Springfield",0,2,17,69,86,357,47,2023,6,"IL",112549,"112781",88,490,1
"248","Springfield, MA","Springfield",8,7,36,86,48,280,165,2023,6,"MA",155046,"154218",137,493,1
"249","Springfield, OH","Springfield",1,13,11,57,45,147,29,2023,1,"OH",58725,"57866",82,221,1
"250","St Charles, MO","St Charles",1,3,1,6,12,89,14,2018,11,"MO",71079,"71408",11,115,1
"251","St Joseph, MO","St Joseph",1,15,2,30,34,157,21,2021,2,"MO",70918,"69925",48,212,1
"252","St Louis, MO","St Louis",10,20,88,211,190,760,156,2018,2,"MO",286053,"280108",329,1106,1
"253","St Peters, MO","St Peters",0,1,0,8,7,51,8,2020,4,"MO",58584,"58937",9,66,1
"254","St. Cloud, MN","St. Cloud",0,2,1,33,10,131,13,2024,2,"MN",NA,NA,36,154,1
"255","St. Paul, MN","St. Paul",4,15,36,128,121,703,298,2021,12,"MN",277533,"300368",183,1122,1
"256","Stamford, CT","Stamford",0,5,11,19,24,154,26,2017,7,"CT",136936,"136512",35,204,1
"257","State College, PA","State College",0,1,1,2,2,26,3,2019,2,"PA",55998,"58532",4,31,1
"258","Stockton, CA","Stockton",2,7,95,191,142,384,176,2024,8,"CA",323501,"322220",295,702,1
"259","Stratford, CT","Stratford",0,1,0,0,2,68,5,2022,5,"CT",52320,"52596",1,75,1
"260","Sugar Land, TX","Sugar Land",1,1,3,1,4,99,8,2023,4,"TX",107989,"108718",6,111,1
"261","Surprise, AZ","Surprise",0,2,3,4,28,152,9,2017,2,"AZ",154128,"159346",9,189,1
"262","Tacoma, WA","Tacoma",1,NA,46,117,158,691,173,2017,12,"WA",219027,"222828",164,1022,1
"263","Taunton, MA","Taunton",0,0,1,15,5,30,4,2023,12,"MA",60062,"60356",16,39,1
"264","Tempe, AZ","Tempe",2,9,17,34,77,492,35,2019,12,"AZ",187473,"188144",62,604,1
"265","Temple, TX","Temple",0,7,1,5,25,109,23,2020,1,"TX",88484,"93073",13,157,1
"266","Texas City, TX","Texas City",0,4,3,9,11,72,7,2024,7,"TX",56311,"57448",16,90,1
"267","Thornton, CO","Thornton",0,2,12,26,31,255,65,2019,5,"CO",143055,"143838",40,351,1
"268","Tigard, OR","Tigard",0,3,2,6,19,101,4,2018,8,"OR",56550,"56142",11,124,1
"269","Tinley Park, IL","Tinley Park",0,0,1,3,2,37,12,2021,6,"IL",53973,"53528",4,51,1
"270","Tracy, CA","Tracy",1,3,5,11,25,137,28,2018,6,"CA",97219,"99347",20,190,1
"271","Tucson, AZ","Tucson",3,48,124,185,399,1671,141,2017,1,"AZ",544629,"548544",360,2211,1
"272","Twin Falls, ID","Twin Falls",0,5,1,11,3,56,7,2023,10,"ID",54648,"55447",17,66,1
"273","Upper Darby, PA","Upper Darby",0,0,8,19,7,61,22,2019,2,"PA",84407,"84468",27,90,1
"274","Vallejo, CA","Vallejo",1,9,33,45,213,100,95,2017,1,"CA",123940,"122419",88,408,1
"275","Victoria, TX","Victoria",0,1,3,9,14,91,4,2024,5,"TX",65165,"65298",13,109,1
"276","Waco, TX","Waco",2,8,10,26,28,206,19,2024,4,"TX",140911,"145741",46,253,1
"277","Waltham, MA","Waltham",0,0,0,15,4,41,5,2023,3,"MA",63525,"63797",15,50,1
"278","Warwick, RI","Warwick",0,1,0,1,12,75,8,2019,8,"RI",82966,"83369",2,95,1
"279","Washington, DC","Washington",8,22,212,184,153,2273,169,2017,1,"DC",671803,"678972",426,2595,1
"280","Waterbury, CT","Waterbury",3,4,13,16,33,156,58,2023,5,"CT",113464,"115380",36,247,1
"281","West Hartford, CT","West Hartford",0,0,2,3,2,76,7,2019,3,"CT",63934,"64423",5,85,1
"282","West Haven, CT","West Haven",0,0,2,3,7,84,18,2021,6,"CT",55133,"54791",5,109,1
"283","Westminster, CO","Westminster",0,2,7,12,53,255,104,2020,11,"CO",112844,"113660",21,412,1
"284","Weymouth, MA","Weymouth",0,0,2,5,8,68,2,2021,3,"MA",58231,"57725",7,78,1
"285","Wichita Falls, TX","Wichita Falls",0,8,7,19,41,154,25,2024,8,"TX",103337,"102740",34,220,1
"286","Woodbury, MN","Woodbury",0,1,1,2,5,68,3,2024,6,"MN",78531,"80153",4,76,1
"287","Wylie, TX","Wylie",0,1,1,2,4,16,3,2022,2,"TX",60910,"62539",4,23,1
"288","Yuma, AZ","Yuma",0,7,6,43,38,104,20,2022,3,"AZ",98164,"99610",56,162,1
