"","city_state","Agency Name","Murder","Rape","Robbery","Aggravated Assault","Burglary","Theft","Motor Vehicle Theft","Year","Month","State","vio_crime","prop_crime","Agency","Source.Link","Source.Type","Source.Method","Population","pop23","Latitude","Longitude","Comment","pub_agency_name","state_abbr","region_name","division_name","agency_type_name","population","State_ref"
"1","Abilene, TX","Abilene",0,10,1,33,37,130,21,2024,1,"TX",44,188,"Abilene","https://txucr.nibrs.com/SRSReport/CrimeTrends","State UCR","Open Source",125186,128387,NA,NA,"","Abilene","TX","South","West South Central","City",128387,"TX"
"2","Abington, PA","Abington",0,0,2,5,3,75,3,2024,1,"PA",7,81,"Abington","https://www.ucr.pa.gov/PAUCRSPUBLIC/SRSReport/CrimeTrends","State UCR","Open Source",58432,58433,NA,NA,"","Abington Township, Montgomery County","PA","Northeast","Middle Atlantic","City",58433,"PA"
"3","Akron, OH","Akron",0,10,10,70,49,266,51,2024,1,"OH",90,366,"Akron","https://ocjs.ohio.gov/","State UCR","Provided by State UCR Program",188534,187705,NA,NA,"","Akron","OH","Midwest","East North Central","City",187705,"OH"
"4","Albany, GA","Albany",2,2,16,44,103,192,10,2017,1,"GA",64,305,"Albany","https://www.albanyga.gov/crime-statistics","Agency Aggregated","Open Source",68613,66281,NA,NA,"","Albany","GA","South","South Atlantic","City",66281,"GA"
"5","Albuquerque, NM","Albuquerque",6,NA,NA,NA,NA,NA,NA,2017,1,"NM",6,0,"Albuquerque","https://www.cabq.gov/police/crime-statistics","Agency Aggregated","Open Source",NA,559094,NA,NA,"FBI data for 2017 and Aug-Dec 2018. Agency data all other months. ","Albuquerque","NM","West","Mountain","City",559094,"NM"
"6","Alexandria, VA","Alexandria",0,1,13,21,18,287,32,2024,1,"VA",35,337,"Alexandria","https://vsp.virginia.gov/","State UCR","Provided by State UCR Program",150957,153897,NA,NA,"","Alexandria","VA","South","South Atlantic","City",153897,"VA"
"7","Allen, TX","Allen",0,3,1,10,5,62,15,2024,1,"TX",14,82,"Allen","https://txucr.nibrs.com/SRSReport/CrimeTrends","State UCR","Open Source",108135,114696,NA,NA,"Inferred Jan-Mar 2022 from annual average","Allen","TX","South","West South Central","City",114696,"TX"
"8","Allentown, PA","Allentown",0,1,4,13,9,153,17,2023,2,"PA",18,179,"Allentown","https://www.ucr.pa.gov/PAUCRSPUBLIC/SRSReport/CrimeTrends","State UCR","Open Source",125917,124782,NA,NA,"","Allentown","PA","Northeast","Middle Atlantic","City",124782,"PA"
"9","Amarillo, TX","Amarillo",3,13,14,58,76,359,54,2024,1,"TX",88,489,"Amarillo","https://txucr.nibrs.com/SRSReport/CrimeTrends","State UCR","Open Source",201572,201684,NA,NA,"","Amarillo","TX","South","West South Central","City",201684,"TX"
"10","Ann Arbor, MI","Ann Arbor",0,6,4,11,14,155,10,2024,1,"MI",21,179,"Ann Arbor","https://www.michigan.gov/msp/divisions/cjic/dashboard-portal/crime-dashboard","State UCR","Open Source",NA,118072,NA,NA,"","Ann Arbor","MI","Midwest","East North Central","City",118072,"MI"
"11","Antioch, CA","Antioch",1,4,30,25,56,160,80,2017,1,"CA",60,296,"Antioch","https://www.antiochca.gov/police/crime-statistics/","Agency Aggregated","Open Source",114338,115271,NA,NA,"","Antioch","CA","West","Pacific","City",115271,"CA"
"12","Apple Valley, MN","Apple Valley",0,1,0,9,3,77,10,2024,1,"MN",10,90,"Apple Valley","https://cde.state.mn.us/","State UCR","Open Source",55145,54995,NA,NA,"","Apple Valley","MN","Midwest","West North Central","City",54995,"MN"
"13","Arlington Heights, IL","Arlington Heights",0,1,2,3,7,58,2,2017,1,"IL",6,67,"Arlington Heights","https://ilucr.nibrs.com/AdvancedSearch/AdvancedSearch","State UCR","Open Source",74094,74094,NA,NA,"","Arlington Heights","IL","Midwest","East North Central","City",74094,"IL"
"14","Arlington, TX","Arlington",5,21,11,87,96,526,183,2024,1,"TX",124,805,"Arlington","https://txucr.nibrs.com/SRSReport/CrimeTrends","State UCR","Open Source",391591,394799,NA,NA,"","Arlington","TX","South","West South Central","City",394799,"TX"
"15","Arvada, CO","Arvada",0,5,11,7,21,205,47,2024,1,"CO",23,273,"Arvada","https://coloradocrimestats.state.co.us/public/View/dispview.aspx","State UCR","Open Source",122403,120200,NA,NA,"","Arvada","CO","West","Mountain","City",120200,"CO"
"16","Asheville, NC","Asheville",2,NA,13,17,52,171,23,2017,1,"NC",32,246,"Asheville","https://data-avl.opendata.arcgis.com/datasets/fa266be763124be89fee8c1fd99f88ff_3/explore","Agency RMS","Open Source",93729,93471,NA,NA,"","Asheville","NC","South","South Atlantic","City",93471,"NC"
"17","Atlanta, GA","Atlanta",12,NA,130,145,317,1224,267,2017,1,"GA",287,1808,"Atlanta","https://experience.arcgis.com/experience/d5dd2be2977d40acb340ef42f80671b8/","Agency RMS","Open Source",495707,500212,NA,NA,"","Atlanta","GA","South","South Atlantic","City",500212,"GA"
"18","Aurora, CO","Aurora",3,47,51,132,127,600,185,2018,4,"CO",233,912,"Aurora","https://coloradocrimestats.state.co.us/public/View/dispview.aspx","State UCR","Open Source",392134,396976,NA,NA,"","Aurora","CO","West","Mountain","City",396976,"CO"
"19","Austin, TX","Austin",5,42,63,242,374,1848,561,2024,1,"TX",352,2783,"Austin","https://txucr.nibrs.com/SRSReport/CrimeTrends, rape data for 2023 on from https://app.powerbigov.us/view?r=eyJrIjoiYmYyNTQ4NjgtNjhlMC00YjNiLWE0MDAtZTUwNWU5ZGIwNTk4IiwidCI6IjVjNWUxOWY2LWE2YWItNGI0NS1iMWQwLWJlNDYwOGE5YTY3ZiJ9","State UCR","Open Source",965234,978816,NA,NA,"","Austin","TX","South","West South Central","City",978816,"TX"
"20","Avondale, AZ","Avondale",0,2,4,12,19,152,26,2024,1,"AZ",18,197,"Avondale","https://azcrimestatistics.azdps.gov/","State UCR","Open Source",91467,92661,NA,NA,"","Avondale","AZ","West","Mountain","City",92661,"AZ"
"21","Bakersfield, CA","Bakersfield",1,4,61,74,285,967,284,2017,1,"CA",140,1536,"Bakersfield","https://www.bakersfieldcity.us/","Agency Aggregated","Provided by Agency",NA,413409,NA,NA,"","Bakersfield","CA","West","Pacific","City",413409,"CA"
"22","Baltimore, MD","Baltimore",32,31,586,580,736,1453,498,2017,1,"MD",1229,2687,"Baltimore","https://data.baltimorecity.gov/datasets/part-1-crime-data/explore","Agency RMS","Open Source",570546,565192,NA,NA,"","Baltimore","MD","South","South Atlantic","City",565192,"MD"
"23","Bartlett, TN","Bartlett",0,1,1,15,7,56,4,2017,1,"TN",17,67,"Bartlett","https://crimeinsight.tbi.tn.gov/public/View/dispview.aspx","State UCR","Open Source",56324,56324,NA,NA,"","Bartlett","TN","South","East South Central","City",56324,"TN"
"24","Battle Creek, MI","Battle Creek",0,9,2,27,24,81,6,2019,2,"MI",38,111,"Battle Creek","https://www.michigan.gov/msp/divisions/cjic/dashboard-portal/crime-dashboard","State UCR","Open Source",NA,60969,NA,NA,"","Battle Creek","MI","Midwest","East North Central","City",60969,"MI"
"25","Baytown, TX","Baytown",0,7,4,19,27,141,41,2024,1,"TX",30,209,"Baytown","https://txucr.nibrs.com/SRSReport/CrimeTrends","State UCR","Open Source",81477,83809,NA,NA,"","Baytown","TX","South","West South Central","City",83809,"TX"
"26","Beaumont, TX","Beaumont",0,10,14,83,53,225,33,2024,1,"TX",107,311,"Beaumont","https://txucr.nibrs.com/SRSReport/CrimeTrends","State UCR","Open Source",110898,110671,NA,NA,"","Beaumont","TX","South","West South Central","City",110671,"TX"
"27","Bellevue, NE","Bellevue",0,5,1,0,2,42,9,2024,1,"NE",6,53,"Bellevue","https://crimestats.ne.gov/public/View/RSReport.aspx?ReportId=1082","State UCR","Open Source",63178,62372,NA,NA,"","Bellevue","NE","Midwest","West North Central","City",62372,"NE"
"28","Bellingham, WA","Bellingham",0,NA,7,NA,NA,273,17,2017,1,"WA",7,290,"Bellingham","https://cob.org/gov/dept/police/news-police/crime-stats","Agency Aggregated","Open Source",93014,94968,NA,NA,"","Bellingham","WA","West","Pacific","City",94968,"WA"
"29","Bethlehem, PA","Bethlehem",0,6,1,6,12,60,9,2022,2,"PA",13,81,"Bethlehem","https://www.ucr.pa.gov/PAUCRSPUBLIC/SRSReport/CrimeTrends","State UCR","Open Source",75619,78606,NA,NA,"Inferred Dec 2019 from annual average","Bethlehem","PA","Northeast","Middle Atlantic","City",78606,"PA"
"30","Blaine, MN","Blaine",0,1,3,5,8,107,8,2018,2,"MN",9,123,"Blaine","https://cde.state.mn.us/","State UCR","Open Source",71368,72384,NA,NA,"","Blaine","MN","Midwest","West North Central","City",72384,"MN"
"31","Bloomington, MN","Bloomington",2,4,4,5,13,230,32,2023,2,"MN",15,275,"Bloomington","https://cde.state.mn.us/","State UCR","Open Source",88745,86793,NA,NA,"","Bloomington","MN","Midwest","West North Central","City",86793,"MN"
"32","Blue Springs, MO","Blue Springs",0,3,0,11,9,95,7,2024,1,"MO",14,111,"Blue Springs","https://showmecrime.mo.gov/","State UCR","Open Source",60093,59896,NA,NA,"","Blue Springs","MO","Midwest","West North Central","City",59896,"MO"
"33","Bolingbrook, IL","Bolingbrook",0,0,2,11,7,56,10,2017,1,"IL",13,73,"Bolingbrook","https://ilucr.nibrs.com/AdvancedSearch/AdvancedSearch","State UCR","Open Source",73364,74138,NA,NA,"","Bolingbrook","IL","Midwest","East North Central","City",74138,"IL"
"34","Boston, MA","Boston",0,12,61,227,141,822,76,2024,1,"MA",300,1039,"Boston","https://www.mass.gov/crime-statistics","State UCR","Provided by State UCR Program",638925,642823,NA,NA,"","Boston","MA","Northeast","New England","City",642823,"MA"
"35","Bridgeport, CT","Bridgeport",0,5,20,32,23,92,38,2024,1,"CT",57,153,"Bridgeport","https://ct.beyond2020.com/ct_public/Dim/dimension.aspx","State UCR","Open Source",148395,148483,NA,NA,"","Bridgeport","CT","Northeast","New England","City",148483,"CT"
"36","Bristol, CT","Bristol",0,0,3,2,6,28,12,2023,2,"CT",5,46,"Bristol","https://ct.beyond2020.com/ct_public/Dim/dimension.aspx","State UCR","Open Source",60657,61609,NA,NA,"","Bristol","CT","Northeast","New England","City",61609,"CT"
"37","Brockton, MA","Brockton",1,5,16,46,18,97,28,2018,4,"MA",68,143,"Brockton","https://www.mass.gov/crime-statistics","State UCR","Provided by State UCR Program",110084,108938,NA,NA,"","Brockton","MA","Northeast","New England","City",108938,"MA"
"38","Brooklyn Park, MN","Brooklyn Park",0,2,6,17,20,113,34,2024,1,"MN",25,167,"Brooklyn Park","https://cde.state.mn.us/","State UCR","Open Source",82682,81920,NA,NA,"","Brooklyn Park","MN","Midwest","West North Central","City",81920,"MN"
"39","Broomfield, CO","Broomfield",0,7,0,3,13,140,18,2018,5,"CO",10,171,"Broomfield","https://coloradocrimestats.state.co.us/public/View/dispview.aspx","State UCR","Open Source",76137,77072,NA,NA,"","Broomfield","CO","West","Mountain","City",77072,"CO"
"40","Brownsville, TX","Brownsville",0,4,12,61,24,210,90,2024,1,"TX",77,324,"Brownsville","https://txucr.nibrs.com/SRSReport/CrimeTrends","State UCR","Open Source",188906,190590,NA,NA,"","Brownsville","TX","South","West South Central","City",190590,"TX"
"41","Buckeye, AZ","Buckeye",0,5,2,10,4,56,10,2023,2,"AZ",17,70,"Buckeye","https://azcrimestatistics.azdps.gov/","State UCR","Open Source",110002,112048,NA,NA,"","Buckeye","AZ","West","Mountain","City",112048,"AZ"
"42","Buffalo, NY","Buffalo",8,15,75,94,165,496,63,2017,1,"NY",192,724,"Buffalo","https://data.buffalony.gov/Public-Safety/Monthly-Uniform-Crime-Reporting-UCR-Program-Statis/xxu9-yrhd/data","Agency Aggregated","Open Source",275710,275922,NA,NA,"","Buffalo","NY","Northeast","Middle Atlantic","City",275922,"NY"
"43","Burbank, CA","Burbank",0,0,7,13,33,247,27,2017,1,"CA",20,307,"Burbank","https://www.burbankpd.org/crime-information/crime-statistics/","Agency Aggregated","Open Source",103516,102345,NA,NA,"","Burbank","CA","West","Pacific","City",102345,"CA"
"44","Burleson, TX","Burleson",0,2,0,5,3,31,7,2024,1,"TX",7,41,"Burleson","https://txucr.nibrs.com/SRSReport/CrimeTrends","State UCR","Open Source",55356,56307,NA,NA,"","Burleson","TX","South","West South Central","City",56307,"TX"
"45","Burnsville, MN","Burnsville",0,2,2,9,7,125,15,2021,2,"MN",13,147,"Burnsville","https://cde.state.mn.us/","State UCR","Open Source",63361,63650,NA,NA,"","Burnsville","MN","Midwest","West North Central","City",63650,"MN"
"46","Caldwell, ID","Caldwell",0,2,0,16,3,25,8,2024,1,"ID",18,36,"Caldwell","https://nibrs.isp.idaho.gov/CrimeInIdaho/AdvancedSearch/AdvancedSearch","State UCR","Open Source",66940,68731,NA,NA,"","Caldwell","ID","West","Mountain","City",68731,"ID"
"47","Cambridge, MA","Cambridge",0,4,7,18,23,153,12,2018,5,"MA",29,188,"Cambridge","https://www.mass.gov/crime-statistics","State UCR","Provided by State UCR Program",117044,118960,NA,NA,"","Cambridge","MA","Northeast","New England","City",118960,"MA"
"48","Canton Township, MI","Canton Township",1,2,0,9,2,69,10,2024,1,"MI",12,81,"Canton Township","https://www.michigan.gov/msp/divisions/cjic/dashboard-portal/crime-dashboard","State UCR","Open Source",NA,98915,NA,NA,"","Canton Township","MI","Midwest","East North Central","City",98915,"MI"
"49","Canton, OH","Canton",1,12,9,66,49,187,30,2021,1,"OH",88,266,"Canton","https://ocjs.ohio.gov/","State UCR","Provided by State UCR Program",70070,69164,NA,NA,"","Canton","OH","Midwest","East North Central","City",69164,"OH"
"50","Carlsbad, CA","Carlsbad",0,2,3,14,34,147,10,2024,1,"CA",19,191,"Carlsbad","https://crimestats.arjis.org/default.aspx","Agency Aggregated","Open Source",115531,113796,NA,NA,"","Carlsbad","CA","West","Pacific","City",113796,"CA"
"51","Carrollton, TX","Carrollton",1,1,8,6,16,133,34,2024,1,"TX",16,183,"Carrollton","https://txucr.nibrs.com/SRSReport/CrimeTrends","State UCR","Open Source",133610,134261,NA,NA,"Inferred Aug-Dec 2019 from annual average","Carrollton","TX","South","West South Central","City",134261,"TX"
"52","Castle Rock, CO","Castle Rock",0,0,0,1,4,65,0,2022,2,"CO",1,69,"Castle Rock","https://coloradocrimestats.state.co.us/public/View/dispview.aspx","State UCR","Open Source",79102,83546,NA,NA,"","Castle Rock","CO","West","Mountain","City",83546,"CO"
"53","Cedar Park, TX","Cedar Park",0,3,0,2,4,80,12,2024,1,"TX",5,96,"Cedar Park","https://txucr.nibrs.com/SRSReport/CrimeTrends","State UCR","Open Source",79353,77464,NA,NA,"","Cedar Park","TX","South","West South Central","City",77464,"TX"
"54","Centennial, CO","Centennial",0,1,2,6,25,142,27,2018,6,"CO",9,194,"Centennial","https://coloradocrimestats.state.co.us/public/View/dispview.aspx","State UCR","Open Source",105849,104724,NA,NA,"","Centennial","CO","West","Mountain","City",104724,"CO"
"55","Champaign, IL","Champaign",0,5,12,36,66,177,16,2017,1,"IL",53,259,"Champaign","https://ilucr.nibrs.com/AdvancedSearch/AdvancedSearch","State UCR","Open Source",89815,89687,NA,NA,"","Champaign","IL","Midwest","East North Central","City",89687,"IL"
"56","Chandler, AZ","Chandler",0,11,5,27,33,364,41,2022,2,"AZ",43,438,"Chandler","https://azcrimestatistics.azdps.gov/","State UCR","Open Source",281373,282419,NA,NA,"","Chandler","AZ","West","Mountain","City",282419,"AZ"
"57","Charlotte, NC","Charlotte",9,35,190,182,577,2055,268,2017,1,"NC",416,2900,"Charlotte","https://data.charlottenc.gov/search?q=CMPD","Agency RMS","Open Source",955466,979304,NA,NA,"","Charlotte-Mecklenburg","NC","South","South Atlantic","City",979304,"NC"
"58","Chattanooga, TN","Chattanooga",2,3,43,98,135,567,81,2017,1,"TN",146,783,"Chattanooga","https://crimeinsight.tbi.tn.gov/public/View/dispview.aspx","Agency RMS","Open Source",182603,185370,NA,NA,"","Chattanooga","TN","South","East South Central","City",185370,"TN"
"59","Chesapeake, VA","Chesapeake",1,6,18,72,50,447,24,2017,10,"VA",97,521,"Chesapeake","https://vsp.virginia.gov/","State UCR","Provided by State UCR Program",253745,254051,NA,NA,"","Chesapeake","VA","South","South Atlantic","City",254051,"VA"
"60","Cheyenne, WY","Cheyenne",0,4,2,4,19,135,11,2017,1,"WY",10,165,"Cheyenne","https://crimestats.wyo.gov/public/View/dispview.aspx","State UCR","Open Source",64610,64307,NA,NA,"","Cheyenne","WY","West","Mountain","City",64307,"WY"
"61","Chicago, IL","Chicago",54,163,1075,953,1274,4957,1173,2017,1,"IL",2245,7404,"Chicago","https://data.cityofchicago.org/Public-Safety/Crimes-2001-to-Present/ijzp-q8t2/explore/query/SELECT%0A%20%20%60id%60%2C%0A%20%20%60case_number%60%2C%0A%20%20%60date%60%2C%0A%20%20%60block%60%2C%0A%20%20%60iucr%60%2C%0A%20%20%60primary_type%60%2C%0A%20%20%60description%60%2C%0A%20%20%60location_description%60%2C%0A%20%20%60arrest%60%2C%0A%20%20%60domestic%60%2C%0A%20%20%60beat%60%2C%0A%20%20%60district%60%2C%0A%20%20%60ward%60%2C%0A%20%20%60community_area%60%2C%0A%20%20%60fbi_code%60%2C%0A%20%20%60x_coordinate%60%2C%0A%20%20%60y_coordinate%60%2C%0A%20%20%60year%60%2C%0A%20%20%60updated_on%60%2C%0A%20%20%60latitude%60%2C%0A%20%20%60longitude%60%2C%0A%20%20%60location%60%2C%0A%20%20%60%3A%40computed_region_awaf_s7ux%60%2C%0A%20%20%60%3A%40computed_region_6mkv_f3dw%60%2C%0A%20%20%60%3A%40computed_region_vrxf_vc4k%60%2C%0A%20%20%60%3A%40computed_region_bdys_3d7i%60%2C%0A%20%20%60%3A%40computed_region_43wa_7qmu%60%2C%0A%20%20%60%3A%40computed_region_rpca_8um6%60%2C%0A%20%20%60%3A%40computed_region_d9mm_jgwp%60%2C%0A%20%20%60%3A%40computed_region_d3ds_rm58%60%2C%0A%20%20%60%3A%40computed_region_8hcu_yrd4%60%0AORDER%20BY%20%60date%60%20DESC%20NULL%20FIRST/page/filter","Agency RMS","Open Source",2652124,2628298,NA,NA,"","Chicago","IL","Midwest","East North Central","City",2628298,"IL"
"62","Chicopee, MA","Chicopee",0,3,1,11,9,58,4,2022,2,"MA",15,71,"Chicopee","https://www.mass.gov/crime-statistics","State UCR","Provided by State UCR Program",55265,55043,NA,NA,"","Chicopee","MA","Northeast","New England","City",55043,"MA"
"63","Chula Vista, CA","Chula Vista",1,5,35,76,49,210,84,2022,3,"CA",117,343,"Chula Vista","https://crimestats.arjis.org/default.aspx","Agency Aggregated","Open Source",277976,280748,NA,NA,"","Chula Vista","CA","West","Pacific","City",280748,"CA"
"64","Cicero, IL","Cicero",0,1,12,7,13,95,24,2017,1,"IL",20,132,"Cicero","https://ilucr.nibrs.com/AdvancedSearch/AdvancedSearch","State UCR","Open Source",81492,80455,NA,NA,"","Cicero","IL","Midwest","East North Central","City",80455,"IL"
"65","Cincinnati, OH","Cincinnati",2,9,40,74,145,581,153,2024,1,"OH",125,879,"Cincinnati","https://ocjs.ohio.gov/","State UCR","Provided by State UCR Program",307761,309484,NA,NA,"","Cincinnati","OH","Midwest","East North Central","City",309484,"OH"
"66","Clarksville, TN","Clarksville",1,14,18,65,71,269,21,2017,1,"TN",98,361,"Clarksville","https://crimeinsight.tbi.tn.gov/public/View/dispview.aspx","State UCR","Open Source",181916,181916,NA,NA,"","Clarksville","TN","South","East South Central","City",181916,"TN"
"67","Cleveland, OH","Cleveland",6,43,124,357,257,766,375,2024,4,"OH",530,1398,"Cleveland","https://ocjs.ohio.gov/","State UCR","Provided by State UCR Program",363764,358146,NA,NA,"","Cleveland","OH","Midwest","East North Central","City",358146,"OH"
"68","Coeur D Alene, ID","Coeur D Alene",0,8,1,12,12,55,8,2018,9,"ID",21,75,"Coeur D Alene","https://nibrs.isp.idaho.gov/CrimeInIdaho/AdvancedSearch/AdvancedSearch","State UCR","Open Source",57061,57653,NA,NA,"","Coeur d'Alene","ID","West","Mountain","City",57653,"ID"
"69","Colerain Township, OH","Colerain Township",0,1,2,7,8,50,7,2021,1,"OH",10,65,"Colerain Township","https://ocjs.ohio.gov/","State UCR","Provided by State UCR Program",58548,58268,NA,NA,"","Colerain Township","OH","Midwest","East North Central","City",58268,"OH"
"70","College Station, TX","College Station",0,7,5,10,10,67,9,2024,1,"TX",22,86,"College Station","https://txucr.nibrs.com/SRSReport/CrimeTrends","State UCR","Open Source",121618,126136,NA,NA,"","College Station","TX","South","West South Central","City",126136,"TX"
"71","Collierville, TN","Collierville",0,1,0,2,6,53,2,2017,1,"TN",3,61,"Collierville","https://crimeinsight.tbi.tn.gov/public/View/dispview.aspx","State UCR","Open Source",51686,51686,NA,NA,"","Collierville","TN","South","East South Central","City",51686,"TN"
"72","Colorado Springs, CO","Colorado Springs",1,36,45,122,203,976,187,2018,3,"CO",204,1366,"Colorado Springs","https://coloradocrimestats.state.co.us/public/View/dispview.aspx","State UCR","Open Source",487728,489254,NA,NA,"","Colorado Springs","CO","West","Mountain","City",489254,"CO"
"73","Columbia, MO","Columbia",0,16,4,38,38,254,40,2021,7,"MO",58,332,"Columbia","https://showmecrime.mo.gov/","State UCR","Open Source",127862,129602,NA,NA,"","Columbia","MO","Midwest","West North Central","City",129602,"MO"
"74","Columbus, OH","Columbus",6,NA,NA,NA,NA,NA,NA,2017,1,"OH",6,0,"Columbus","https://ocjs.ohio.gov/","State UCR","Provided by State UCR Program",907196,908834,NA,NA,"","Columbus","OH","Midwest","East North Central","City",908834,"OH"
"75","Commerce City, CO","Commerce City",1,9,5,20,17,79,30,2017,1,"CO",35,126,"Commerce City","https://coloradocrimestats.state.co.us/public/View/dispview.aspx","State UCR","Open Source",65817,67851,NA,NA,"","Commerce City","CO","West","Mountain","City",67851,"CO"
"76","Concord, CA","Concord",0,5,9,21,41,250,81,2017,1,"CA",35,372,"Concord","https://www.cityofconcord.org/1197/2024-Crime-Statistics","Agency Aggregated","Open Source",122982,121331,NA,NA,"","Concord","CA","West","Pacific","City",121331,"CA"
"77","Conroe, TX","Conroe",0,5,3,18,19,144,16,2024,1,"TX",26,179,"Conroe","https://txucr.nibrs.com/SRSReport/CrimeTrends","State UCR","Open Source",98623,106904,NA,NA,"","Conroe","TX","South","West South Central","City",106904,"TX"
"78","Coon Rapids, MN","Coon Rapids",0,3,3,2,7,76,3,2021,2,"MN",8,86,"Coon Rapids","https://cde.state.mn.us/","State UCR","Open Source",63181,62391,NA,NA,"","Coon Rapids","MN","Midwest","West North Central","City",62391,"MN"
"79","Corpus Christi, TX","Corpus Christi",3,14,36,167,155,581,149,2024,1,"TX",220,885,"Corpus Christi","https://txucr.nibrs.com/SRSReport/CrimeTrends","State UCR","Open Source",317694,315340,NA,NA,"","Corpus Christi","TX","South","West South Central","City",315340,"TX"
"80","Cranston, RI","Cranston",0,2,2,6,4,48,5,2024,1,"RI",10,57,"Cranston","https://riucr.nibrs.com/AdvancedSearch/AdvancedSearch","State UCR","Open Source",82205,82484,NA,NA,"","Cranston","RI","Northeast","New England","City",82484,"RI"
"81","Dallas, TX","Dallas",17,32,161,411,550,2293,1394,2024,1,"TX",621,4237,"Dallas","https://txucr.nibrs.com/SRSReport/CrimeTrends","State UCR","Open Source",1286121,1304989,NA,NA,"","Dallas","TX","South","West South Central","City",1304989,"TX"
"82","Danbury, CT","Danbury",0,0,2,3,9,64,12,2022,2,"CT",5,85,"Danbury","https://ct.beyond2020.com/ct_public/Dim/dimension.aspx","State UCR","Open Source",87164,87327,NA,NA,"","Danbury","CT","Northeast","New England","City",87327,"CT"
"83","Dayton, OH","Dayton",3,27,23,44,110,214,67,2019,1,"OH",97,391,"Dayton","https://ocjs.ohio.gov/","State UCR","Provided by State UCR Program",137084,135181,NA,NA,"","Dayton","OH","Midwest","East North Central","City",135181,"OH"
"84","Dearborn Heights, MI","Dearborn Heights",0,4,1,10,9,58,27,2022,12,"MI",15,94,"Dearborn Heights","https://www.michigan.gov/msp/divisions/cjic/dashboard-portal/crime-dashboard","State UCR","Open Source",NA,61420,NA,NA,"","Dearborn Heights","MI","Midwest","East North Central","City",61420,"MI"
"85","Dearborn, MI","Dearborn",0,0,3,12,17,125,25,2021,12,"MI",15,167,"Dearborn","https://www.michigan.gov/msp/divisions/cjic/dashboard-portal/crime-dashboard","State UCR","Open Source",NA,106747,NA,NA,"","Dearborn","MI","Midwest","East North Central","City",106747,"MI"
"86","Decatur, IL","Decatur",0,1,8,19,61,125,6,2017,1,"IL",28,192,"Decatur","https://ilucr.nibrs.com/AdvancedSearch/AdvancedSearch","State UCR","Open Source",68789,68301,NA,NA,"","Decatur","IL","Midwest","East North Central","City",68301,"IL"
"87","Denton, TX","Denton",1,15,6,21,25,229,21,2024,1,"TX",43,275,"Denton","https://txucr.nibrs.com/SRSReport/CrimeTrends","State UCR","Open Source",154230,155215,NA,NA,"","Denton","TX","South","West South Central","City",155215,"TX"
"88","Denver, CO","Denver",3,39,121,429,484,1939,960,2020,10,"CO",592,3383,"Denver","https://coloradocrimestats.state.co.us/public/View/dispview.aspx","State UCR","Open Source",705264,712222,NA,NA,"","Denver","CO","West","Mountain","City",712222,"CO"
"89","Desoto, TX","Desoto",0,6,4,13,11,46,11,2024,1,"TX",23,68,"Desoto","https://txucr.nibrs.com/SRSReport/CrimeTrends","State UCR","Open Source",55956,56257,NA,NA,"","DeSoto","TX","South","West South Central","City",56257,"TX"
"90","Detroit, MI","Detroit",22,65,229,557,772,1059,739,2017,1,"MI",873,2570,"Detroit","https://data.detroitmi.gov/datasets/rms-crime-incidents","Agency RMS","Open Source",626757,615501,NA,NA,"","Detroit","MI","Midwest","East North Central","City",615501,"MI"
"91","Dublin, OH","Dublin",0,1,1,1,7,33,2,2023,3,"OH",3,42,"Dublin","https://ocjs.ohio.gov/","State UCR","Provided by State UCR Program",48799,48799,NA,NA,"","Dublin","OH","Midwest","East North Central","City",48827,"OH"
"92","Duluth, MN","Duluth",4,4,5,12,21,204,17,2022,4,"MN",25,242,"Duluth","https://cde.state.mn.us/","State UCR","Open Source",86144,86570,NA,NA,"","Duluth","MN","Midwest","West North Central","City",86570,"MN"
"93","Dunwoody, GA","Dunwoody",0,1,0,3,9,138,14,2017,1,"GA",4,161,"Dunwoody","https://www.dunwoodyga.gov/police/crime-info-stats/crime-comparison","Agency Aggregated","Open Source",50271,52505,NA,NA,"","Dunwoody","GA","South","South Atlantic","City",52505,"GA"
"94","Durham, NC","Durham",2,6,111,165,216,562,71,2017,1,"NC",284,849,"Durham","https://www.durhamnc.gov/Archive.aspx?AMID=195","Agency Aggregated","Open Source",286377,295788,NA,NA,"","Durham","NC","South","South Atlantic","City",295788,"NC"
"95","Eagan, MN","Eagan",0,1,0,5,8,120,10,2021,8,"MN",6,138,"Eagan","https://cde.state.mn.us/","State UCR","Open Source",68518,66943,NA,NA,"Inferred Aug 2020 from annual average","Eagan","MN","Midwest","West North Central","City",66943,"MN"
"96","East Hartford, CT","East Hartford",0,0,1,2,1,56,28,2023,4,"CT",3,85,"East Hartford","https://ct.beyond2020.com/ct_public/Dim/dimension.aspx","State UCR","Open Source",50579,50625,NA,NA,"","East Hartford","CT","Northeast","New England","City",50625,"CT"
"97","Eden Prairie, MN","Eden Prairie",0,0,0,1,3,64,2,2018,12,"MN",1,69,"Eden Prairie","https://cde.state.mn.us/","State UCR","Open Source",62008,61645,NA,NA,"","Eden Prairie","MN","Midwest","West North Central","City",61645,"MN"
"98","Edina, MN","Edina",0,0,0,0,11,63,2,2017,3,"MN",0,76,"Edina","https://cde.state.mn.us/","State UCR","Open Source",53206,51980,NA,NA,"","Edina","MN","Midwest","West North Central","City",51980,"MN"
"99","Edinburg, TX","Edinburg",0,12,6,18,9,144,15,2024,1,"TX",36,168,"Edinburg","https://txucr.nibrs.com/SRSReport/CrimeTrends","State UCR","Open Source",104987,106137,NA,NA,"","Edinburg","TX","South","West South Central","City",106137,"TX"
"100","El Cajon, CA","El Cajon",0,6,9,32,23,142,37,2020,1,"CA",47,202,"El Cajon","https://crimestats.arjis.org/default.aspx","Agency Aggregated","Open Source",104693,103569,NA,NA,"","El Cajon","CA","West","Pacific","City",103569,"CA"
"101","Elyria, OH","Elyria",2,1,0,10,5,34,6,2024,2,"OH",13,45,"Elyria","https://ocjs.ohio.gov/","State UCR","Provided by State UCR Program",52902,53024,NA,NA,"","Elyria","OH","Midwest","East North Central","City",53024,"OH"
"102","Erie, PA","Erie",0,3,5,35,12,93,9,2023,4,"PA",43,114,"Erie","https://www.ucr.pa.gov/PAUCRSPUBLIC/SRSReport/CrimeTrends","State UCR","Open Source",93363,92920,NA,NA,"","Erie","PA","Northeast","Middle Atlantic","City",92920,"PA"
"103","Escondido, CA","Escondido",0,6,11,38,23,172,25,2024,8,"CA",55,220,"Escondido","https://crimestats.arjis.org/default.aspx","Agency Aggregated","Open Source",150072,149837,NA,NA,"","Escondido","CA","West","Pacific","City",149837,"CA"
"104","Euclid, OH","Euclid",0,2,5,11,15,76,69,2023,6,"OH",18,160,"Euclid","https://ocjs.ohio.gov/","State UCR","Provided by State UCR Program",48344,48344,NA,NA,"","Euclid","OH","Midwest","East North Central","City",48170,"OH"
"105","Euless, TX","Euless",0,1,4,5,8,78,19,2024,1,"TX",10,105,"Euless","https://txucr.nibrs.com/SRSReport/CrimeTrends","State UCR","Open Source",59901,59722,NA,NA,"","Euless","TX","South","West South Central","City",59722,"TX"
"106","Evanston, IL","Evanston",0,0,0,2,27,96,6,2017,1,"IL",2,129,"Evanston","https://ilucr.nibrs.com/AdvancedSearch/AdvancedSearch","State UCR","Open Source",76259,74413,NA,NA,"","Evanston","IL","Midwest","East North Central","City",74413,"IL"
"107","Everett, MA","Everett",0,1,2,9,9,31,4,2018,6,"MA",12,44,"Everett","https://www.mass.gov/crime-statistics","State UCR","Provided by State UCR Program",48340,48340,NA,NA,"","Everett","MA","Northeast","New England","City",49740,"MA"
"108","Fairfield, CT","Fairfield",0,0,1,1,4,61,9,2023,2,"CT",2,74,"Fairfield","https://ct.beyond2020.com/ct_public/Dim/dimension.aspx","State UCR","Open Source",62270,63588,NA,NA,"","Fairfield","CT","Northeast","New England","City",63588,"CT"
"109","Fall River, MA","Fall River",0,5,7,47,21,54,23,2018,3,"MA",59,98,"Fall River","https://www.mass.gov/crime-statistics","State UCR","Provided by State UCR Program",94339,93879,NA,NA,"","Fall River","MA","Northeast","New England","City",93879,"MA"
"110","Farmington Hills, MI","Farmington Hills",0,1,1,5,4,52,18,2023,4,"MI",7,74,"Farmington Hills","https://www.michigan.gov/msp/divisions/cjic/dashboard-portal/crime-dashboard","State UCR","Open Source",NA,82223,NA,NA,"","Farmington Hills","MI","Midwest","East North Central","City",82223,"MI"
"111","Fayetteville, NC","Fayetteville",2,NA,26,79,177,550,32,2017,1,"NC",107,759,"Fayetteville","https://data.fayettevillenc.gov/search?tags=incidents","Agency RMS","Open Source",208980,209262,NA,NA,"","Fayetteville","NC","South","South Atlantic","City",209262,"NC"
"112","Flint, MI","Flint",2,12,14,144,63,97,26,2018,3,"MI",172,186,"Flint","https://www.michigan.gov/msp/divisions/cjic/dashboard-portal/crime-dashboard","State UCR","Open Source",NA,79234,NA,NA,"","Flint","MI","Midwest","East North Central","City",79234,"MI"
"113","Florissant, MO","Florissant",1,0,2,4,6,67,8,2017,2,"MO",7,81,"Florissant","https://showmecrime.mo.gov/","State UCR","Open Source",51565,51045,NA,NA,"","Florissant","MO","Midwest","West North Central","City",51045,"MO"
"114","Flower Mound, TX","Flower Mound",0,0,0,3,6,31,1,2024,1,"TX",3,38,"Flower Mound","https://txucr.nibrs.com/SRSReport/CrimeTrends","State UCR","Open Source",78167,79513,NA,NA,"","Flower Mound","TX","South","West South Central","City",79513,"TX"
"115","Fort Collins, CO","Fort Collins",0,6,8,18,33,261,32,2020,7,"CO",32,326,"Fort Collins","https://coloradocrimestats.state.co.us/public/View/dispview.aspx","State UCR","Open Source",168045,168886,NA,NA,"","Fort Collins","CO","West","Mountain","City",168886,"CO"
"116","Fort Worth, TX","Fort Worth",3,81,52,194,332,1415,548,2024,1,"TX",330,2295,"Fort Worth","https://txucr.nibrs.com/SRSReport/CrimeTrends","State UCR","Open Source",948605,973722,NA,NA,"","Fort Worth","TX","South","West South Central","City",973722,"TX"
"117","Franklin, TN","Franklin",0,3,2,14,6,86,3,2017,1,"TN",19,95,"Franklin","https://crimeinsight.tbi.tn.gov/public/View/dispview.aspx","State UCR","Open Source",88315,88315,NA,NA,"","Franklin","TN","South","East South Central","City",88315,"TN"
"118","Fremont, CA","Fremont",0,3,14,11,89,340,94,2017,1,"CA",28,523,"Fremont","https://www.fremontpolice.gov/","Agency Aggregated","Provided by Agency",223430,220775,NA,NA,"","Fremont","CA","West","Pacific","City",220775,"CA"
"119","Frisco, TX","Frisco",0,2,1,17,16,155,11,2024,1,"TX",20,182,"Frisco","https://txucr.nibrs.com/SRSReport/CrimeTrends","State UCR","Open Source",218962,228527,NA,NA,"","Frisco","TX","South","West South Central","City",228527,"TX"
"120","Galveston, TX","Galveston",1,6,8,8,7,56,6,2024,1,"TX",23,69,"Galveston","https://txucr.nibrs.com/SRSReport/CrimeTrends","State UCR","Open Source",52920,52810,NA,NA,"","Galveston","TX","South","West South Central","City",52810,"TX"
"121","Garland, TX","Garland",4,7,10,18,56,263,97,2024,1,"TX",39,416,"Garland","https://txucr.nibrs.com/SRSReport/CrimeTrends","State UCR","Open Source",241095,240051,NA,NA,"","Garland","TX","South","West South Central","City",240051,"TX"
"122","Georgetown, TX","Georgetown",0,6,0,8,17,70,7,2024,1,"TX",14,94,"Georgetown","https://txucr.nibrs.com/SRSReport/CrimeTrends","State UCR","Open Source",83371,87871,NA,NA,"","Georgetown","TX","South","West South Central","City",87871,"TX"
"123","Gilbert, AZ","Gilbert",0,6,2,15,10,161,11,2023,4,"AZ",23,182,"Gilbert","https://azcrimestatistics.azdps.gov/","State UCR","Open Source",277123,278495,NA,NA,"","Gilbert","AZ","West","Mountain","City",278495,"AZ"
"124","Glendale, AZ","Glendale",1,16,22,81,63,365,95,2023,2,"AZ",120,523,"Glendale","https://azcrimestatistics.azdps.gov/","State UCR","Open Source",250466,253768,NA,NA,"","Glendale","AZ","West","Mountain","City",253768,"AZ"
"125","Glendale, CA","Glendale",0,2,9,18,61,208,32,2017,1,"CA",29,301,"Glendale","https://www.glendaleca.gov/government/departments/police-department/community-outreach-resources-and-engagement-c-o-r-e/crime-prevention-programs-resources/crime-statistics-booking-logs","Agency Aggregated","Open Source",188599,185923,NA,NA,"","Glendale","CA","West","Pacific","City",185923,"CA"
"126","Goodyear, AZ","Goodyear",1,3,2,13,17,127,10,2017,2,"AZ",19,154,"Goodyear","https://azcrimestatistics.azdps.gov/","State UCR","Open Source",107212,109929,NA,NA,"","Goodyear","AZ","West","Mountain","City",109929,"AZ"
"127","Grand Island, NE","Grand Island",0,3,0,20,10,79,9,2023,7,"NE",23,98,"Grand Island","https://crimestats.ne.gov/public/View/RSReport.aspx?ReportId=1082","State UCR","Open Source",51733,52264,NA,NA,"","Grand Island","NE","Midwest","West North Central","City",52264,"NE"
"128","Grand Junction, CO","Grand Junction",0,4,4,29,46,218,36,2020,8,"CO",37,300,"Grand Junction","https://coloradocrimestats.state.co.us/public/View/dispview.aspx","State UCR","Open Source",68126,69240,NA,NA,"","Grand Junction","CO","West","Mountain","City",69240,"CO"
"129","Grand Prairie, TX","Grand Prairie",1,2,8,30,32,183,55,2024,1,"TX",41,270,"Grand Prairie","https://txucr.nibrs.com/SRSReport/CrimeTrends","State UCR","Open Source",199663,205487,NA,NA,"","Grand Prairie","TX","South","West South Central","City",205487,"TX"
"130","Grand Rapids, MI","Grand Rapids",1,11,16,89,41,289,82,2017,1,"MI",117,412,"Grand Rapids","https://grpd-grandrapids.hub.arcgis.com/","Agency RMS","Open Source",196662,196019,NA,NA,"","Grand Rapids","MI","Midwest","East North Central","City",196019,"MI"
"131","Grapevine, TX","Grapevine",0,0,0,11,8,53,19,2024,1,"TX",11,80,"Grapevine","https://txucr.nibrs.com/SRSReport/CrimeTrends","State UCR","Open Source",50988,51458,NA,NA,"","Grapevine","TX","South","West South Central","City",51458,"TX"
"132","Greeley, CO","Greeley",2,8,8,75,30,208,52,2024,7,"CO",93,290,"Greeley","https://coloradocrimestats.state.co.us/public/View/dispview.aspx","State UCR","Open Source",109258,109183,NA,NA,"","Greeley","CO","West","Mountain","City",109183,"CO"
"133","Green Township, OH","Green Township",0,0,2,3,1,50,6,2024,2,"OH",5,57,"Green Township","https://ocjs.ohio.gov/","State UCR","Provided by State UCR Program",59568,59277,NA,NA,"","Green Township","OH","Midwest","East North Central","City",59277,"OH"
"134","Greensboro, NC","Greensboro",2,6,43,112,192,571,47,2017,1,"NC",163,810,"Greensboro","https://data.greensboro-nc.gov/pages/385998aa22e940999b05b6c3b6dcad03","Agency Aggregated","Provided by Agency",298719,303237,NA,NA,"","Greensboro","NC","South","South Atlantic","City",303237,"NC"
"135","Hamden, CT","Hamden",0,1,1,14,3,72,9,2017,2,"CT",16,84,"Hamden","https://ct.beyond2020.com/ct_public/Dim/dimension.aspx","State UCR","Open Source",60831,60691,NA,NA,"","Hamden","CT","Northeast","New England","City",60691,"CT"
"136","Hampton, VA","Hampton",2,3,15,8,45,298,42,2017,11,"VA",28,385,"Hampton","https://vsp.virginia.gov/","State UCR","Provided by State UCR Program",138843,138533,NA,NA,"","Hampton","VA","South","South Atlantic","City",138533,"VA"
"137","Harlingen, TX","Harlingen",0,1,4,8,17,96,24,2024,1,"TX",13,137,"Harlingen","https://txucr.nibrs.com/SRSReport/CrimeTrends","State UCR","Open Source",72047,71581,NA,NA,"","Harlingen","TX","South","West South Central","City",71581,"TX"
"138","Harrisburg, PA","Harrisburg",0,2,4,25,10,30,16,2023,2,"PA",31,56,"Harrisburg","https://www.ucr.pa.gov/PAUCRSPUBLIC/SRSReport/CrimeTrends","State UCR","Open Source",50201,50229,NA,NA,"","Harrisburg","PA","Northeast","Middle Atlantic","City",50229,"PA"
"139","Harrisonburg, VA","Harrisonburg",0,1,1,4,8,50,4,2017,5,"VA",6,62,"Harrisonburg","https://vsp.virginia.gov/","State UCR","Provided by State UCR Program",51363,50928,NA,NA,"","Harrisonburg","VA","South","South Atlantic","City",50928,"VA"
"140","Hartford, CT","Hartford",4,6,34,71,53,289,68,2017,1,"CT",115,410,"Hartford","https://ct.beyond2020.com/ct_public/Dim/dimension.aspx","State UCR","Open Source",120196,120710,NA,NA,"","Hartford","CT","Northeast","New England","City",120710,"CT"
"141","Haverford, PA","Haverford",0,0,0,2,3,60,2,2017,2,"PA",2,65,"Haverford","https://www.ucr.pa.gov/PAUCRSPUBLIC/SRSReport/CrimeTrends","State UCR","Open Source",50505,50505,NA,NA,"","Haverford Township","PA","Northeast","Middle Atlantic","City",50505,"PA"
"142","Haverhill, MA","Haverhill",0,0,5,38,18,60,16,2017,1,"MA",43,94,"Haverhill","https://www.mass.gov/crime-statistics","State UCR","Provided by State UCR Program",67359,67133,NA,NA,"","Haverhill","MA","Northeast","New England","City",67133,"MA"
"143","Henderson, NV","Henderson",0,5,19,45,67,315,135,2024,1,"NV",69,517,"Henderson","https://nevadacrimestats.nv.gov/public/View/dispview.aspx","State UCR","Open Source",325332,337794,NA,NA,"","Henderson","NV","West","Mountain","City",337794,"NV"
"144","Hendersonville, TN","Hendersonville",0,0,2,5,8,69,4,2017,1,"TN",7,81,"Hendersonville","https://crimeinsight.tbi.tn.gov/public/View/dispview.aspx","State UCR","Open Source",63291,63291,NA,NA,"","Hendersonville","TN","South","East South Central","City",63291,"TN"
"145","Honolulu, HI","Honolulu",4,NA,78,82,252,1782,332,2017,1,"HI",164,2366,"Honolulu","https://www.honolulupd.org/dashboard/crime-by-category/","Agency Aggregated","Open Source",994799,987546,NA,NA,"","Honolulu","HI","West","Pacific","City",987546,"HI"
"146","Houston, TX","Houston",24,113,570,1241,1176,5681,1735,2024,1,"TX",1948,8592,"Houston","https://txucr.nibrs.com/SRSReport/CrimeTrends","State UCR","Open Source",2276533,2304406,NA,NA,"","Houston","TX","South","West South Central","City",2304406,"TX"
"147","Idaho Falls, ID","Idaho Falls",0,7,2,9,23,54,11,2018,1,"ID",18,88,"Idaho Falls","https://nibrs.isp.idaho.gov/CrimeInIdaho/AdvancedSearch/AdvancedSearch","State UCR","Open Source",68162,68662,NA,NA,"","Idaho Falls","ID","West","Mountain","City",68662,"ID"
"148","Independence, MO","Independence",1,18,8,65,61,334,125,2022,7,"MO",92,520,"Independence","https://showmecrime.mo.gov/","State UCR","Open Source",121255,120326,NA,NA,"","Independence","MO","Midwest","West North Central","City",120326,"MO"
"149","Indianapolis, IN","Indianapolis",9,45,379,974,989,2324,496,2017,1,"IN",1407,3809,"Indianapolis","https://www.indy.gov/agency/indianapolis-metropolitan-police-department","Agency Aggregated","Provided by Agency",886455,887131,NA,NA,"","Indianapolis","IN","Midwest","East North Central","City",887131,"IN"
"150","Irving, TX","Irving",2,17,14,23,52,335,85,2024,1,"TX",56,472,"Irving","https://txucr.nibrs.com/SRSReport/CrimeTrends","State UCR","Open Source",254141,255203,NA,NA,"","Irving","TX","South","West South Central","City",255203,"TX"
"151","Jackson, TN","Jackson",0,3,5,29,48,208,13,2017,1,"TN",37,269,"Jackson","https://crimeinsight.tbi.tn.gov/public/View/dispview.aspx","State UCR","Open Source",68470,68470,NA,NA,"","Jackson","TN","South","East South Central","City",68470,"TN"
"152","Johnson City, TN","Johnson City",0,0,3,15,31,219,12,2017,1,"TN",18,262,"Johnson City","https://crimeinsight.tbi.tn.gov/public/View/dispview.aspx","State UCR","Open Source",73225,73225,NA,NA,"","Johnson City","TN","South","East South Central","City",73225,"TN"
"153","Joplin, MO","Joplin",1,4,6,18,29,212,23,2017,1,"MO",29,264,"Joplin","https://showmecrime.mo.gov/","State UCR","Open Source",51989,52881,NA,NA,"","Joplin","MO","Midwest","West North Central","City",52881,"MO"
"154","Kansas City, MO","Kansas City",12,25,71,348,195,966,420,2021,2,"MO",456,1581,"Kansas City","https://showmecrime.mo.gov/","State UCR","Open Source",508856,509855,NA,NA,"","Kansas City","MO","Midwest","West North Central","City",509855,"MO"
"155","Kentwood, MI","Kentwood",0,5,1,6,15,97,7,2018,5,"MI",12,119,"Kentwood","https://www.michigan.gov/msp/divisions/cjic/dashboard-portal/crime-dashboard","State UCR","Open Source",NA,53979,NA,NA,"","Kentwood","MI","Midwest","East North Central","City",53979,"MI"
"156","Killeen, TX","Killeen",0,7,5,43,22,100,58,2024,1,"TX",55,180,"Killeen","https://txucr.nibrs.com/SRSReport/CrimeTrends","State UCR","Open Source",159546,161968,NA,NA,"","Killeen","TX","South","West South Central","City",161968,"TX"
"157","Kingsport, TN","Kingsport",2,2,8,25,25,165,18,2017,1,"TN",37,208,"Kingsport","https://crimeinsight.tbi.tn.gov/public/View/dispview.aspx","State UCR","Open Source",56522,56522,NA,NA,"","Kingsport","TN","South","East South Central","City",56522,"TN"
"158","Knoxville, TN","Knoxville",2,13,48,94,133,623,93,2017,1,"TN",157,849,"Knoxville","https://crimeinsight.tbi.tn.gov/public/View/dispview.aspx","Agency Aggregated","Provided by Agency",194724,198132,NA,NA,"","Knoxville","TN","South","East South Central","City",198132,"TN"
"159","Kyle, TX","Kyle",0,2,1,10,6,26,5,2024,1,"TX",13,37,"Kyle","https://txucr.nibrs.com/SRSReport/CrimeTrends","State UCR","Open Source",57724,63931,NA,NA,"","Kyle","TX","South","West South Central","City",63931,"TX"
"160","La Mesa, CA","La Mesa",0,6,11,6,16,56,11,2019,2,"CA",23,83,"La Mesa","https://crimestats.arjis.org/default.aspx","Agency Aggregated","Open Source",60333,60008,NA,NA,"","La Mesa","CA","West","Pacific","City",60008,"CA"
"161","Lake Havasu City, AZ","Lake Havasu City",0,0,1,8,17,69,8,2017,1,"AZ",9,94,"Lake Havasu City","https://azcrimestatistics.azdps.gov/","State UCR","Open Source",59166,59720,NA,NA,"","Lake Havasu City","AZ","West","Mountain","City",59720,"AZ"
"162","Lakeville, MN","Lakeville",0,3,1,2,6,41,1,2019,1,"MN",6,48,"Lakeville","https://cde.state.mn.us/","State UCR","Open Source",75548,76929,NA,NA,"","Lakeville","MN","Midwest","West North Central","City",76929,"MN"
"163","Lakewood, CO","Lakewood",0,10,10,49,104,487,116,2018,4,"CO",69,707,"Lakewood","https://coloradocrimestats.state.co.us/public/View/dispview.aspx","State UCR","Open Source",157068,156065,NA,NA,"","Lakewood","CO","West","Mountain","City",156065,"CO"
"164","Lancaster, PA","Lancaster",0,13,12,20,16,124,8,2017,1,"PA",45,148,"Lancaster","https://www.ucr.pa.gov/PAUCRSPUBLIC/SRSReport/CrimeTrends","State UCR","Open Source",57295,57213,NA,NA,"","Lancaster","PA","Northeast","Middle Atlantic","City",57213,"PA"
"165","Lansing, MI","Lansing",0,7,15,65,59,153,22,2020,2,"MI",87,234,"Lansing","https://www.michigan.gov/msp/divisions/cjic/dashboard-portal/crime-dashboard","State UCR","Open Source",NA,112529,NA,NA,"","Lansing","MI","Midwest","East North Central","City",112529,"MI"
"166","Laredo, TX","Laredo",0,10,12,71,29,255,22,2024,1,"TX",93,306,"Laredo","https://txucr.nibrs.com/SRSReport/CrimeTrends","State UCR","Open Source",256973,256542,NA,NA,"","Laredo","TX","South","West South Central","City",256542,"TX"
"167","Las Vegas, NV","Las Vegas",11,NA,357,395,1248,2461,678,2017,1,"NV",763,4387,"Las Vegas","https://nevadacrimestats.nv.gov/public/View/dispview.aspx","State UCR","Open Source",1667961,1670226,NA,NA,"","Las Vegas Metropolitan Police Department","NV","West","Mountain","City",1670226,"NV"
"168","League City, TX","League City",0,3,1,7,24,87,7,2024,1,"TX",11,118,"League City","https://txucr.nibrs.com/SRSReport/CrimeTrends","State UCR","Open Source",116511,115791,NA,NA,"","League City","TX","South","West South Central","City",115791,"TX"
"169","Leander, TX","Leander",0,5,0,2,14,58,5,2024,1,"TX",7,77,"Leander","https://txucr.nibrs.com/SRSReport/CrimeTrends","State UCR","Open Source",73905,82228,NA,NA,"","Leander","TX","South","West South Central","City",82228,"TX"
"170","Lee's Summit, MO","Lee's Summit",0,2,0,5,6,55,13,2022,10,"MO",7,74,"Lee's Summit","https://showmecrime.mo.gov/","State UCR","Open Source",103976,104402,NA,NA,"","Lee's Summit","MO","Midwest","West North Central","City",104402,"MO"
"171","Lewisville, TX","Lewisville",1,6,4,7,11,117,30,2024,1,"TX",18,158,"Lewisville","https://txucr.nibrs.com/SRSReport/CrimeTrends","State UCR","Open Source",113568,133694,NA,NA,"","Lewisville","TX","South","West South Central","City",133694,"TX"
"172","Lexington, KY","Lexington",2,9,47,28,246,726,111,2017,1,"KY",86,1083,"Lexington","https://www.lexingtonky.gov/crime-data","Agency Aggregated","Open Source",320983,319994,NA,NA,"","Lexington","KY","South","East South Central","City",319994,"KY"
"173","Lincoln, NE","Lincoln",0,23,10,55,123,582,60,2020,12,"NE",88,765,"Lincoln","https://crimestats.ne.gov/public/View/RSReport.aspx?ReportId=1082","State UCR","Open Source",293937,293155,NA,NA,"","Lincoln","NE","Midwest","West North Central","City",293155,"NE"
"174","Little Elm, TX","Little Elm",0,2,1,1,0,8,1,2024,1,"TX",4,9,"Little Elm","https://txucr.nibrs.com/SRSReport/CrimeTrends","State UCR","Open Source",55340,59954,NA,NA,"","Little Elm","TX","South","West South Central","City",59954,"TX"
"175","Little Rock, AR","Little Rock",3,14,55,231,173,858,119,2017,1,"AR",303,1150,"Little Rock","https://www.littlerock.gov/media/21988/part-i-offenses-by-month.pdf","Agency Aggregated","Open Source",201513,202986,NA,NA,"","Little Rock","AR","South","West South Central","City",202986,"AR"
"176","Livonia, MI","Livonia",0,1,1,6,8,70,11,2024,12,"MI",8,89,"Livonia","https://www.michigan.gov/msp/divisions/cjic/dashboard-portal/crime-dashboard","State UCR","Open Source",NA,93042,NA,NA,"","Livonia","MI","Midwest","East North Central","City",93042,"MI"
"177","Long Beach, CA","Long Beach",4,10,85,100,257,678,265,2017,1,"CA",199,1200,"Long Beach","https://www.longbeach.gov/police/crime-info/crime-statistics/","Agency Aggregated","Open Source",447528,444415,NA,NA,"","Long Beach","CA","West","Pacific","City",444415,"CA"
"178","Longmont, CO","Longmont",0,9,6,25,26,139,38,2018,1,"CO",40,203,"Longmont","https://coloradocrimestats.state.co.us/public/View/dispview.aspx","State UCR","Open Source",101159,98444,NA,NA,"","Longmont","CO","West","Mountain","City",98444,"CO"
"179","Longview, TX","Longview",1,1,2,18,31,122,13,2024,1,"TX",22,166,"Longview","https://txucr.nibrs.com/SRSReport/CrimeTrends","State UCR","Open Source",81811,82981,NA,NA,"","Longview","TX","South","West South Central","City",82981,"TX"
"180","Lorain, OH","Lorain",3,2,4,12,14,71,4,2021,2,"OH",21,89,"Lorain","https://ocjs.ohio.gov/","State UCR","Provided by State UCR Program",65536,65436,NA,NA,"","Lorain","OH","Midwest","East North Central","City",65436,"OH"
"181","Los Angeles, CA","Los Angeles",33,NA,NA,NA,NA,NA,NA,2017,1,"CA",33,0,"Los Angeles","https://www.lapdonline.org/","Agency Aggregated","Provided by Agency",3809182,3786018,NA,NA,"","Los Angeles","CA","West","Pacific","City",3786018,"CA"
"182","Louisville, KY","Louisville",6,39,112,209,539,1757,382,2017,1,"KY",366,2678,"Louisville","https://data.louisvilleky.gov/search?tags=lmpd","Agency RMS","Open Source",677554,669468,NA,NA,"","Louisville Metro","KY","South","East South Central","City",669468,"KY"
"183","Loveland, CO","Loveland",0,4,2,16,10,94,12,2021,5,"CO",22,116,"Loveland","https://coloradocrimestats.state.co.us/public/View/dispview.aspx","State UCR","Open Source",77770,78656,NA,NA,"","Loveland","CO","West","Mountain","City",78656,"CO"
"184","Lower Merion, PA","Lower Merion",0,0,1,0,2,45,3,2021,3,"PA",1,50,"Lower Merion","https://www.ucr.pa.gov/PAUCRSPUBLIC/SRSReport/CrimeTrends","State UCR","Open Source",64642,64350,NA,NA,"","Lower Merion Township","PA","Northeast","Middle Atlantic","City",64350,"PA"
"185","Lower Paxton, PA","Lower Paxton",0,6,4,6,5,46,2,2023,2,"PA",16,53,"Lower Paxton","https://www.ucr.pa.gov/PAUCRSPUBLIC/SRSReport/CrimeTrends","State UCR","Open Source",54552,55204,NA,NA,"","Lower Paxton Township","PA","Northeast","Middle Atlantic","City",55204,"PA"
"186","Lynchburg, VA","Lynchburg",1,2,2,22,23,129,9,2017,5,"VA",27,161,"Lynchburg","https://vsp.virginia.gov/","State UCR","Provided by State UCR Program",79421,79509,NA,NA,"","Lynchburg","VA","South","South Atlantic","City",79509,"VA"
"187","Lynn, MA","Lynn",0,2,4,29,14,69,11,2020,10,"MA",35,94,"Lynn","https://www.mass.gov/crime-statistics","State UCR","Provided by State UCR Program",101056,101144,NA,NA,"","Lynn","MA","Northeast","New England","City",101144,"MA"
"188","Malden, MA","Malden",0,3,1,9,5,43,12,2020,7,"MA",13,60,"Malden","https://www.mass.gov/crime-statistics","State UCR","Provided by State UCR Program",64356,64291,NA,NA,"","Malden","MA","Northeast","New England","City",64291,"MA"
"189","Manchester, CT","Manchester",0,2,3,2,7,126,21,2021,3,"CT",7,154,"Manchester","https://ct.beyond2020.com/ct_public/Dim/dimension.aspx","State UCR","Open Source",59293,59408,NA,NA,"","Manchester","CT","Northeast","New England","City",59408,"CT"
"190","Manchester, NH","Manchester",0,8,16,37,44,152,12,2017,1,"NH",61,208,"Manchester","https://www.manchesternh.gov/Departments/Police/Administrative-Division/Crime-Analysis/Interactive-Data-Dashboards","Agency Aggregated","Open Source",114650,114963,NA,NA,"","Manchester","NH","Northeast","New England","City",114963,"NH"
"191","Mansfield, TX","Mansfield",0,0,0,4,13,75,5,2024,1,"TX",4,93,"Mansfield","https://txucr.nibrs.com/SRSReport/CrimeTrends","State UCR","Open Source",75993,78788,NA,NA,"","Mansfield","TX","South","West South Central","City",78788,"TX"
"192","Maple Grove, MN","Maple Grove",0,1,0,8,4,91,1,2024,7,"MN",9,96,"Maple Grove","https://cde.state.mn.us/","State UCR","Open Source",70935,70729,NA,NA,"","Maple Grove","MN","Midwest","West North Central","City",70729,"MN"
"193","Marana, AZ","Marana",0,1,0,1,5,99,0,2021,3,"AZ",2,104,"Marana","https://azcrimestatistics.azdps.gov/","State UCR","Open Source",57119,57718,NA,NA,"","Marana","AZ","West","Mountain","City",57718,"AZ"
"194","Maricopa, AZ","Maricopa",0,0,1,7,4,45,4,2023,2,"AZ",8,53,"Maricopa","https://azcrimestatistics.azdps.gov/","State UCR","Open Source",66525,70355,NA,NA,"","Maricopa","AZ","West","Mountain","City",70355,"AZ"
"195","McAllen, TX","McAllen",0,1,4,12,6,205,15,2024,1,"TX",17,226,"McAllen","https://txucr.nibrs.com/SRSReport/CrimeTrends","State UCR","Open Source",145510,145684,NA,NA,"","McAllen","TX","South","West South Central","City",145684,"TX"
"196","Mckinney, TX","Mckinney",0,3,2,10,17,96,17,2024,1,"TX",15,130,"Mckinney","https://txucr.nibrs.com/SRSReport/CrimeTrends","State UCR","Open Source",208415,212716,NA,NA,"","McKinney","TX","South","West South Central","City",212716,"TX"
"197","Memphis, TN","Memphis",18,61,335,668,802,2132,394,2017,1,"TN",1082,3328,"Memphis","https://crimeinsight.tbi.tn.gov/public/View/dispview.aspx","Agency Aggregated","Open Source",624944,616061,NA,NA,"","Memphis","TN","South","East South Central","City",616061,"TN"
"198","Meridian, ID","Meridian",0,2,2,5,5,59,4,2022,1,"ID",9,68,"Meridian","https://nibrs.isp.idaho.gov/CrimeInIdaho/AdvancedSearch/AdvancedSearch","State UCR","Open Source",132522,135239,NA,NA,"","Meridian","ID","West","Mountain","City",135239,"ID"
"199","Mesa, AZ","Mesa",2,26,34,125,109,664,99,2022,1,"AZ",187,872,"Mesa","https://azcrimestatistics.azdps.gov/","State UCR","Open Source",513116,515848,NA,NA,"","Mesa","AZ","West","Mountain","City",515848,"AZ"
"200","Mesquite, TX","Mesquite",2,7,3,11,8,88,12,2024,1,"TX",23,108,"Mesquite","https://txucr.nibrs.com/SRSReport/CrimeTrends","State UCR","Open Source",147226,147926,NA,NA,"","Mesquite","TX","South","West South Central","City",147926,"TX"
"201","Methuen, MA","Methuen",0,0,0,6,6,40,8,2020,8,"MA",6,54,"Methuen","https://www.mass.gov/crime-statistics","State UCR","Provided by State UCR Program",52853,53558,NA,NA,"","Methuen","MA","Northeast","New England","City",53558,"MA"
"202","Miami Beach, FL","Miami Beach",0,8,25,21,47,603,39,2017,1,"FL",54,689,"Miami Beach","https://www.miamibeachfl.gov/yourmbpd/monthlycrimesdatareport/","Agency Aggregated","Open Source",89017,78824,NA,NA,"Population via FBI CIUS 2020","Miami Beach","FL","South","South Atlantic","City",78824,"FL"
"203","Milford, CT","Milford",0,3,4,2,3,60,20,2023,2,"CT",9,83,"Milford","https://ct.beyond2020.com/ct_public/Dim/dimension.aspx","State UCR","Open Source",52694,53011,NA,NA,"","Milford","CT","Northeast","New England","City",53011,"CT"
"204","Millcreek, PA","Millcreek",0,2,1,6,2,28,0,2022,1,"PA",9,30,"Millcreek","https://www.ucr.pa.gov/PAUCRSPUBLIC/SRSReport/CrimeTrends","State UCR","Open Source",53119,53119,NA,NA,"Erie County","Millcreek Township, Erie County","PA","Northeast","Middle Atlantic","City",53119,"PA"
"205","Milpitas, CA","Milpitas",0,NA,3,3,22,143,24,2017,1,"CA",6,189,"Milpitas","https://www.milpitas.gov/1107/Crime-and-Incident-Data","Agency Aggregated","Open Source",77790,76573,NA,NA,"","Milpitas","CA","West","Pacific","City",76573,"CA"
"206","Milwaukee, WI","Milwaukee",11,NA,NA,NA,NA,NA,NA,2017,1,"WI",11,0,"Milwaukee","https://data.milwaukee.gov/dataset/wibr","Agency RMS","Open Source",561743,558698,NA,NA,"","Milwaukee","WI","Midwest","East North Central","City",558698,"WI"
"207","Minneapolis, MN","Minneapolis",4,48,185,211,333,1325,172,2017,7,"MN",448,1830,"Minneapolis","https://cde.state.mn.us/","State UCR","Open Source",421690,422341,NA,NA,"","Minneapolis","MN","Midwest","West North Central","City",422341,"MN"
"208","Minnetonka, MN","Minnetonka",0,0,4,1,6,58,4,2022,12,"MN",5,68,"Minnetonka","https://cde.state.mn.us/","State UCR","Open Source",52309,51791,NA,NA,"","Minnetonka","MN","Midwest","West North Central","City",51791,"MN"
"209","Mission, TX","Mission",0,3,3,10,6,49,6,2024,1,"TX",16,61,"Mission","https://txucr.nibrs.com/SRSReport/CrimeTrends","State UCR","Open Source",86577,87031,NA,NA,"","Mission","TX","South","West South Central","City",87031,"TX"
"210","Missouri City, TX","Missouri City",0,1,1,4,3,51,5,2024,1,"TX",6,59,"Missouri City","https://txucr.nibrs.com/SRSReport/CrimeTrends","State UCR","Open Source",75323,77560,NA,NA,"","Missouri City","TX","South","West South Central","City",77560,"TX"
"211","Moline, IL","Moline",0,2,4,11,13,69,3,2017,1,"IL",17,85,"Moline","https://ilucr.nibrs.com/AdvancedSearch/AdvancedSearch","State UCR","Open Source",42009,42009,NA,NA,"","Moline","IL","Midwest","East North Central","City",41601,"IL"
"212","Mount Prospect, IL","Mount Prospect",0,0,1,0,4,50,4,2017,1,"IL",1,58,"Mount Prospect","https://ilucr.nibrs.com/AdvancedSearch/AdvancedSearch","State UCR","Open Source",53932,53932,NA,NA,"Inferred Jan-Mar 2021 counts from annual average","Mount Prospect","IL","Midwest","East North Central","City",53932,"IL"
"213","Mount Vernon, NY","Mount Vernon",0,3,7,23,13,85,14,2017,1,"NY",33,112,"Mount Vernon","https://www.cmvny.com/518/Annual-Reports-Monthly-Crime-Stats-Histo","Agency Aggregated","Open Source",71690,70812,NA,NA,"","Mount Vernon","NY","Northeast","Middle Atlantic","City",70812,"NY"
"214","Murfreesboro, TN","Murfreesboro",0,10,10,49,46,266,23,2017,1,"TN",69,335,"Murfreesboro","https://crimeinsight.tbi.tn.gov/public/View/dispview.aspx","State UCR","Open Source",166916,166916,NA,NA,"","Murfreesboro","TN","South","East South Central","City",166916,"TN"
"215","Nampa, ID","Nampa",0,4,0,11,47,162,18,2018,7,"ID",15,227,"Nampa","https://nibrs.isp.idaho.gov/CrimeInIdaho/AdvancedSearch/AdvancedSearch","State UCR","Open Source",111501,116116,NA,NA,"","Nampa","ID","West","Mountain","City",116116,"ID"
"216","Nashua, NH","Nashua",1,3,6,6,4,89,3,2017,1,"NH",16,96,"Nashua","https://crimestats.dos.nh.gov/","State UCR","Open Source",NA,91145,NA,NA,"","Nashua","NH","Northeast","New England","City",91145,"NH"
"217","Nashville, TN","Nashville",9,42,192,459,345,1537,238,2017,1,"TN",702,2120,"Nashville","https://crimeinsight.tbi.tn.gov/public/View/dispview.aspx","Agency RMS","Open Source",679562,690495,NA,NA,"","Metropolitan Nashville Police Department","TN","South","East South Central","City",690495,"TN"
"218","National City, CA","National City",0,5,11,20,13,85,23,2019,2,"CA",36,121,"National City","https://crimestats.arjis.org/default.aspx","Agency Aggregated","Open Source",55676,55270,NA,NA,"","National City","CA","West","Pacific","City",55270,"CA"
"219","New Braunfels, TX","New Braunfels",0,3,1,7,18,72,13,2024,1,"TX",11,103,"New Braunfels","https://txucr.nibrs.com/SRSReport/CrimeTrends","State UCR","Open Source",107017,111942,NA,NA,"","New Braunfels","TX","South","West South Central","City",111942,"TX"
"220","New Britain, CT","New Britain",0,7,3,16,18,103,20,2022,1,"CT",26,141,"New Britain","https://ct.beyond2020.com/ct_public/Dim/dimension.aspx","State UCR","Open Source",73621,74609,NA,NA,"","New Britain","CT","Northeast","New England","City",74609,"CT"
"221","New Orleans, LA","New Orleans",23,25,114,116,250,959,218,2017,1,"LA",278,1427,"New Orleans","https://data.nola.gov/Public-Safety-and-Preparedness/Electronic-Police-Report-2024/c5iy-ew8n/explore/query/SELECT%0A%20%20%60item_number%60%2C%0A%20%20%60district%60%2C%0A%20%20%60location%60%2C%0A%20%20%60disposition%60%2C%0A%20%20%60signal_type%60%2C%0A%20%20%60signal_description%60%2C%0A%20%20%60occurred_date_time%60%2C%0A%20%20%60charge_code%60%2C%0A%20%20%60charge_description%60%2C%0A%20%20%60offender_number%60%2C%0A%20%20%60offenderid%60%2C%0A%20%20%60offenderstatus%60%2C%0A%20%20%60offender_race%60%2C%0A%20%20%60offender_gender%60%2C%0A%20%20%60offender_age%60%2C%0A%20%20%60victim_number%60%2C%0A%20%20%60persontype%60%2C%0A%20%20%60victim_race%60%2C%0A%20%20%60victim_gender%60%2C%0A%20%20%60victim_age%60%2C%0A%20%20%60victim_fatal_status%60%2C%0A%20%20%60hate_crime%60%2C%0A%20%20%60report_type%60/page/filter","Agency RMS","Open Source",370128,364197,NA,NA,"","New Orleans","LA","South","West South Central","City",364197,"LA"
"222","New York City, NY","New York City",24,112,1246,1646,1097,3580,462,2017,1,"NY",3028,5139,"New York City","https://compstat.nypdonline.org/","Agency Aggregated","Open Source",8236567,8184044,NA,NA,"","New York","NY","Northeast","Middle Atlantic","City",8184044,"NY"
"223","Newark, OH","Newark",1,0,1,11,11,56,3,2024,2,"OH",13,70,"Newark","https://ocjs.ohio.gov/","State UCR","Provided by State UCR Program",50818,51147,NA,NA,"","Newark","OH","Midwest","East North Central","City",51147,"OH"
"224","Newport News, VA","Newport News",4,5,12,55,51,322,24,2017,4,"VA",76,397,"Newport News","https://vsp.virginia.gov/","State UCR","Provided by State UCR Program",183903,183600,NA,NA,"","Newport News","VA","South","South Atlantic","City",183600,"VA"
"225","Norfolk, VA","Norfolk",5,8,24,71,42,480,58,2020,2,"VA",108,580,"Norfolk","https://vsp.virginia.gov/","State UCR","Provided by State UCR Program",233419,230849,NA,NA,"","Norfolk","VA","South","South Atlantic","City",230849,"VA"
"226","Normal, IL","Normal",0,5,0,3,8,68,5,2017,1,"IL",8,81,"Normal","https://ilucr.nibrs.com/AdvancedSearch/AdvancedSearch","State UCR","Open Source",53613,52883,NA,NA,"","Normal","IL","Midwest","East North Central","City",52883,"IL"
"227","North Bergen Township, NJ","North Bergen Township",0,0,3,5,6,27,3,2017,1,"NJ",8,36,"North Bergen Township","http://www.northbergenpolice.com/report/datasets/crime-statistics/","Agency Aggregated","Open Source",58378,59147,NA,NA,"","North Bergen Township","NJ","Northeast","Middle Atlantic","City",59147,"NJ"
"228","North Las Vegas, NV","North Las Vegas",4,8,25,41,101,198,144,2022,2,"NV",78,443,"North Las Vegas","https://nevadacrimestats.nv.gov/public/View/dispview.aspx","State UCR","Open Source",284422,290751,NA,NA,"","North Las Vegas","NV","West","Mountain","City",290751,"NV"
"229","North Richland Hills, TX","North Richland Hills",0,1,2,7,14,98,16,2024,1,"TX",10,128,"North Richland Hills","https://txucr.nibrs.com/SRSReport/CrimeTrends","State UCR","Open Source",70108,70853,NA,NA,"","North Richland Hills","TX","South","West South Central","City",70853,"TX"
"230","Norwalk, CT","Norwalk",0,1,3,6,7,64,11,2018,2,"CT",10,82,"Norwalk","https://ct.beyond2020.com/ct_public/Dim/dimension.aspx","State UCR","Open Source",91414,91639,NA,NA,"","Norwalk","CT","Northeast","New England","City",91639,"CT"
"231","Novi, MI","Novi",0,1,1,10,0,32,1,2019,3,"MI",12,33,"Novi","https://www.michigan.gov/msp/divisions/cjic/dashboard-portal/crime-dashboard","State UCR","Open Source",NA,66482,NA,NA,"","Novi","MI","Midwest","East North Central","City",66482,"MI"
"232","O'Fallon, MO","O'Fallon",0,2,0,8,10,72,10,2017,6,"MO",10,92,"O'Fallon","https://showmecrime.mo.gov/","State UCR","Open Source",95689,94702,NA,NA,"","O'Fallon","MO","Midwest","West North Central","City",94702,"MO"
"233","Oak Lawn, IL","Oak Lawn",1,0,3,1,9,38,1,2017,1,"IL",5,48,"Oak Lawn","https://ilucr.nibrs.com/AdvancedSearch/AdvancedSearch","State UCR","Open Source",55368,55368,NA,NA,"Inferred Jan 2021 counts from annual average","Oak Lawn","IL","Midwest","East North Central","City",55368,"IL"
"234","Oceanside, CA","Oceanside",1,5,11,35,64,298,49,2018,1,"CA",52,411,"Oceanside","https://crimestats.arjis.org/default.aspx","Agency Aggregated","Open Source",171844,171348,NA,NA,"","Oceanside","CA","West","Pacific","City",171348,"CA"
"235","Odessa, TX","Odessa",0,8,3,24,23,151,34,2024,1,"TX",35,208,"Odessa","https://txucr.nibrs.com/SRSReport/CrimeTrends","State UCR","Open Source",110163,111922,NA,NA,"","Odessa","TX","South","West South Central","City",111922,"TX"
"236","Omaha, NE","Omaha",2,15,21,83,96,849,256,2024,1,"NE",121,1201,"Omaha","https://police.cityofomaha.org/opd-crime-statistics","Agency Aggregated","Open Source",483462,481471,NA,NA,"","Omaha","NE","Midwest","West North Central","City",481471,"NE"
"237","Oshkosh, WI","Oshkosh",0,1,4,11,13,77,5,2017,1,"WI",16,95,"Oshkosh","https://www.oshkoshpd.com/MonthlyCrimeStats/Default.aspx","Agency Aggregated","Open Source",66521,65548,NA,NA,"","Oshkosh","WI","Midwest","East North Central","City",65548,"WI"
"238","Palatine, IL","Palatine",0,0,2,1,3,36,1,2017,1,"IL",3,40,"Palatine","https://ilucr.nibrs.com/AdvancedSearch/AdvancedSearch","State UCR","Open Source",64407,64407,NA,NA,"Inferred Jan-Mar 2021 counts from annual average","Palatine","IL","Midwest","East North Central","City",64407,"IL"
"239","Parker, CO","Parker",0,2,1,2,12,45,4,2018,3,"CO",5,61,"Parker","https://coloradocrimestats.state.co.us/public/View/dispview.aspx","State UCR","Open Source",61865,62431,NA,NA,"","Parker","CO","West","Mountain","City",62431,"CO"
"240","Parma, OH","Parma",0,2,1,4,5,46,8,2024,2,"OH",7,59,"Parma","https://ocjs.ohio.gov/","State UCR","Provided by State UCR Program",79098,78913,NA,NA,"","Parma","OH","Midwest","East North Central","City",78913,"OH"
"241","Pasadena, TX","Pasadena",1,3,8,19,35,187,51,2024,1,"TX",31,273,"Pasadena","https://txucr.nibrs.com/SRSReport/CrimeTrends","State UCR","Open Source",145954,145850,NA,NA,"","Pasadena","TX","South","West South Central","City",145850,"TX"
"242","Pawtucket, RI","Pawtucket",1,1,2,17,15,90,6,2021,2,"RI",21,111,"Pawtucket","https://riucr.nibrs.com/AdvancedSearch/AdvancedSearch","State UCR","Open Source",74967,75100,NA,NA,"","Pawtucket","RI","Northeast","New England","City",75100,"RI"
"243","Pearland, TX","Pearland",0,3,1,3,17,131,14,2024,1,"TX",7,162,"Pearland","https://txucr.nibrs.com/SRSReport/CrimeTrends","State UCR","Open Source",125894,127433,NA,NA,"","Pearland","TX","South","West South Central","City",127433,"TX"
"244","Peoria, AZ","Peoria",0,8,4,18,42,204,19,2018,2,"AZ",30,265,"Peoria","https://azcrimestatistics.azdps.gov/","State UCR","Open Source",197894,200886,NA,NA,"","Peoria","AZ","West","Mountain","City",200886,"AZ"
"245","Pflugerville, TX","Pflugerville",0,4,3,2,11,90,7,2024,1,"TX",9,108,"Pflugerville","https://txucr.nibrs.com/SRSReport/CrimeTrends","State UCR","Open Source",67817,65599,NA,NA,"","Pflugerville","TX","South","West South Central","City",65599,"TX"
"246","Pharr, TX","Pharr",0,4,3,3,8,62,7,2024,1,"TX",10,77,"Pharr","https://txucr.nibrs.com/SRSReport/CrimeTrends","State UCR","Open Source",79558,80359,NA,NA,"","Pharr","TX","South","West South Central","City",80359,"TX"
"247","Philadelphia, PA","Philadelphia",26,87,392,536,444,2532,367,2018,2,"PA",1041,3343,"Philadelphia","https://www.ucr.pa.gov/PAUCRSPUBLIC/SRSReport/CrimeTrends","State UCR","Open Source",1555812,1550843,NA,NA,"","Philadelphia","PA","Northeast","Middle Atlantic","City",1550843,"PA"
"248","Phoenix, AZ","Phoenix",6,106,240,350,1008,2827,591,2017,1,"AZ",702,4426,"Phoenix","https://www.phoenixopendata.com/dataset/crime-data/resource/0ce3411a-2fc6-4302-a33f-167f68608a20","Agency RMS","Open Source",1637902,1660686,NA,NA,"","Phoenix","AZ","West","Mountain","City",1660686,"AZ"
"249","Pittsburgh, PA","Pittsburgh",4,NA,NA,NA,NA,NA,NA,2017,1,"PA",4,0,"Pittsburgh","https://app.powerbigov.us/view?r=eyJrIjoiMDYzNWMyNGItNWNjMS00ODMwLWIxZDgtMTNkNzhlZDE2OWFjIiwidCI6ImY1ZjQ3OTE3LWM5MDQtNDM2OC05MTIwLWQzMjdjZjE3NTU5MSJ9","Agency Aggregated","Open Source",303137,304825,NA,NA,"","Pittsburgh","PA","Northeast","Middle Atlantic","City",304825,"PA"
"250","Plano, TX","Plano",0,8,1,20,58,251,41,2024,1,"TX",29,350,"Plano","https://txucr.nibrs.com/SRSReport/CrimeTrends","State UCR","Open Source",289847,291140,NA,NA,"","Plano","TX","South","West South Central","City",291140,"TX"
"251","Plymouth, MA","Plymouth",0,1,0,18,5,40,4,2024,7,"MA",19,49,"Plymouth","https://www.mass.gov/crime-statistics","State UCR","Provided by State UCR Program",65779,68771,NA,NA,"","Plymouth","MA","Northeast","New England","City",68771,"MA"
"252","Plymouth, MN","Plymouth",0,0,0,2,10,48,11,2023,1,"MN",2,69,"Plymouth","https://cde.state.mn.us/","State UCR","Open Source",78585,77576,NA,NA,"","Plymouth","MN","Midwest","West North Central","City",77576,"MN"
"253","Pocatello, ID","Pocatello",0,2,2,16,11,52,13,2021,11,"ID",20,76,"Pocatello","https://nibrs.isp.idaho.gov/CrimeInIdaho/AdvancedSearch/AdvancedSearch","State UCR","Open Source",57914,58390,NA,NA,"","Pocatello","ID","West","Mountain","City",58390,"ID"
"254","Port Arthur, TX","Port Arthur",0,1,4,14,17,27,8,2024,1,"TX",19,52,"Port Arthur","https://txucr.nibrs.com/SRSReport/CrimeTrends","State UCR","Open Source",55899,55371,NA,NA,"","Port Arthur","TX","South","West South Central","City",55371,"TX"
"255","Portland, OR","Portland",0,21,77,121,321,1502,670,2017,1,"OR",219,2493,"Portland","https://public.tableau.com/app/profile/portlandpolicebureau/viz/New_Monthly_Neighborhood/MonthlyOffenseTotals","Agency RMS","Open Source",630129,626146,NA,NA,"","Portland","OR","West","Pacific","City",626146,"OR"
"256","Portsmouth, VA","Portsmouth",4,1,11,48,30,270,44,2020,5,"VA",64,344,"Portsmouth","https://vsp.virginia.gov/","State UCR","Provided by State UCR Program",98003,96649,NA,NA,"","Portsmouth","VA","South","South Atlantic","City",96649,"VA"
"257","Prescott Valley, AZ","Prescott Valley",0,2,0,6,10,84,3,2017,1,"AZ",8,97,"Prescott Valley","https://azcrimestatistics.azdps.gov/","State UCR","Open Source",50166,50166,NA,NA,"","Prescott Valley","AZ","West","Mountain","City",50166,"AZ"
"258","Providence, RI","Providence",1,3,11,29,22,200,40,2023,12,"RI",44,262,"Providence","https://riucr.nibrs.com/AdvancedSearch/AdvancedSearch","State UCR","Open Source",189064,189590,NA,NA,"","Providence","RI","Northeast","New England","City",189590,"RI"
"259","Pueblo, CO","Pueblo",0,17,14,53,87,337,80,2018,3,"CO",84,504,"Pueblo","https://coloradocrimestats.state.co.us/public/View/dispview.aspx","State UCR","Open Source",112618,111240,NA,NA,"","Pueblo","CO","West","Mountain","City",111240,"CO"
"260","Quincy, MA","Quincy",0,2,4,29,21,69,9,2018,4,"MA",35,99,"Quincy","https://www.mass.gov/crime-statistics","State UCR","Provided by State UCR Program",101434,102465,NA,NA,"","Quincy","MA","Northeast","New England","City",102465,"MA"
"261","Raleigh, NC","Raleigh",0,12,45,60,191,680,69,2017,1,"NC",117,940,"Raleigh","https://data-ral.opendata.arcgis.com/datasets/ral::raleigh-police-incidents-nibrs/explore","Agency RMS","Open Source",470829,482842,NA,NA,"","Raleigh","NC","South","South Atlantic","City",482842,"NC"
"262","Rapid City, SD","Rapid City",3,6,5,23,22,179,29,2017,1,"SD",37,230,"Rapid City","https://sdcrime.nibrs.com/AdvancedSearch/AdvancedSearch","State UCR","Open Source",78063,80850,NA,NA,"","Rapid City","SD","Midwest","West North Central","City",80850,"SD"
"263","Reading, PA","Reading",0,1,17,13,59,118,13,2017,1,"PA",31,190,"Reading","https://www.ucr.pa.gov/PAUCRSPUBLIC/SRSReport/CrimeTrends","State UCR","Open Source",97698,97790,NA,NA,"","Reading","PA","Northeast","Middle Atlantic","City",97790,"PA"
"264","Redlands, CA","Redlands",0,3,4,12,45,164,21,2017,1,"CA",19,230,"Redlands","https://www.cityofredlands.org/police","Agency Aggregated","Provided by Agency",73554,74147,NA,NA,"","Redlands","CA","West","Pacific","City",74147,"CA"
"265","Revere, MA","Revere",0,0,4,22,5,43,7,2018,1,"MA",26,55,"Revere","https://www.mass.gov/crime-statistics","State UCR","Provided by State UCR Program",56961,57132,NA,NA,"","Revere","MA","Northeast","New England","City",57132,"MA"
"266","Richardson, TX","Richardson",1,1,7,8,25,155,45,2024,1,"TX",17,225,"Richardson","https://txucr.nibrs.com/SRSReport/CrimeTrends","State UCR","Open Source",115771,119008,NA,NA,"","Richardson","TX","South","West South Central","City",119008,"TX"
"267","Richmond, CA","Richmond",1,6,35,58,63,214,122,2017,1,"CA",100,399,"Richmond","https://www.ci.richmond.ca.us/4010/Crime-Statistics-Reports","Agency Aggregated","Open Source",115043,113282,NA,NA,"","Richmond","CA","West","Pacific","City",113282,"CA"
"268","Richmond, VA","Richmond",9,3,47,54,146,527,119,2017,1,"VA",113,792,"Richmond","https://apps.richmondgov.com/applications/CrimeInfo","Agency RMS","Open Source",227323,230789,NA,NA,"","Richmond","VA","South","South Atlantic","City",230789,"VA"
"269","Riverside, CA","Riverside",0,NA,53,78,165,611,166,2017,1,"CA",131,942,"Riverside","https://www.riversideca.gov/transparency/data/dataset/show/27","Agency RMS","Open Source",319889,323473,NA,NA,"","Riverside","CA","West","Pacific","City",323473,"CA"
"270","Roanoke, VA","Roanoke",1,4,6,25,31,250,27,2020,4,"VA",36,308,"Roanoke","https://vsp.virginia.gov/","State UCR","Provided by State UCR Program",98204,96925,NA,NA,"","Roanoke","VA","South","South Atlantic","City",96925,"VA"
"271","Rochester, MN","Rochester",0,5,2,6,26,128,15,2023,3,"MN",13,169,"Rochester","https://cde.state.mn.us/","State UCR","Open Source",121534,122035,NA,NA,"","Rochester","MN","Midwest","West North Central","City",122035,"MN"
"272","Rochester, NY","Rochester",0,NA,70,39,105,480,37,2017,1,"NY",109,622,"Rochester","https://data-rpdny.opendata.arcgis.com/datasets/rpdny::rpd-part-i-crime-2011-to-present/explore","Agency RMS","Open Source",210270,208452,NA,NA,"","Rochester","NY","Northeast","Middle Atlantic","City",208452,"NY"
"273","Rockford, IL","Rockford",1,5,48,184,142,258,48,2017,1,"IL",238,448,"Rockford","https://ilucr.nibrs.com/AdvancedSearch/AdvancedSearch","State UCR","Open Source",146710,145873,NA,NA,"","Rockford","IL","Midwest","East North Central","City",145873,"IL"
"274","Rockwall, TX","Rockwall",0,0,1,7,7,50,2,2024,1,"TX",8,59,"Rockwall","https://txucr.nibrs.com/SRSReport/CrimeTrends","State UCR","Open Source",51724,53433,NA,NA,"","Rockwall","TX","South","West South Central","City",53433,"TX"
"275","Round Rock, TX","Round Rock",0,1,4,12,25,159,11,2024,1,"TX",17,195,"Round Rock","https://txucr.nibrs.com/SRSReport/CrimeTrends","State UCR","Open Source",127349,129898,NA,NA,"","Round Rock","TX","South","West South Central","City",129898,"TX"
"276","Rowlett, TX","Rowlett",0,4,2,5,5,68,12,2024,1,"TX",11,85,"Rowlett","https://txucr.nibrs.com/SRSReport/CrimeTrends","State UCR","Open Source",65196,66671,NA,NA,"","Rowlett","TX","South","West South Central","City",66671,"TX"
"277","Royal Oak, MI","Royal Oak",0,3,2,4,1,40,7,2023,1,"MI",9,48,"Royal Oak","https://www.michigan.gov/msp/divisions/cjic/dashboard-portal/crime-dashboard","State UCR","Open Source",NA,57233,NA,NA,"","Royal Oak","MI","Midwest","East North Central","City",57233,"MI"
"278","Salt Lake City, UT","Salt Lake City",0,17,39,45,127,1035,173,2017,1,"UT",101,1335,"Salt Lake City","https://slcpd.com/open-data/crimestatistics/","Agency Aggregated","Open Source",201373,206692,NA,NA,"","Salt Lake City","UT","West","Mountain","City",206692,"UT"
"279","San Angelo, TX","San Angelo",2,0,2,15,27,143,10,2024,1,"TX",19,180,"San Angelo","https://txucr.nibrs.com/SRSReport/CrimeTrends","State UCR","Open Source",99243,98642,NA,NA,"","San Angelo","TX","South","West South Central","City",98642,"TX"
"280","San Antonio, TX","San Antonio",8,107,163,436,689,4111,1246,2024,1,"TX",714,6046,"San Antonio","https://txucr.nibrs.com/SRSReport/CrimeTrends","State UCR","Open Source",1465608,1490047,NA,NA,"","San Antonio","TX","South","West South Central","City",1490047,"TX"
"281","San Bernardino, CA","San Bernardino",3,18,70,146,270,379,220,2017,1,"CA",237,869,"San Bernardino","https://www.sbcity.org/city_hall/police_department/crime_statistics/about_ucr_statistics/crime_statistics","Agency Aggregated","Open Source",222623,219483,NA,NA,"","San Bernardino","CA","West","Pacific","City",219483,"CA"
"282","San Diego, CA","San Diego",3,30,98,313,206,1305,475,2024,2,"CA",444,1986,"San Diego","https://crimestats.arjis.org/default.aspx","Agency Aggregated","Open Source",1377838,1378349,NA,NA,"","San Diego","CA","West","Pacific","City",1378349,"CA"
"283","San Francisco, CA","San Francisco",6,45,241,232,433,3666,409,2017,1,"CA",524,4508,"San Francisco","https://www.sanfranciscopolice.org/stay-safe/crime-data/crime-reports","Agency Aggregated","Open Source",764693,782846,NA,NA,"","San Francisco","CA","West","Pacific","City",782846,"CA"
"284","San Jose, CA","San Jose",4,50,101,157,373,1194,877,2017,1,"CA",312,2444,"San Jose","https://www.sjpd.org/records/crime-stats-maps/police-dashboards","Agency Aggregated","Open Source",956814,952530,NA,NA,"","San Jose","CA","West","Pacific","City",952530,"CA"
"285","San Marcos, TX","San Marcos",0,6,4,11,16,99,24,2024,1,"TX",21,139,"San Marcos","https://txucr.nibrs.com/SRSReport/CrimeTrends","State UCR","Open Source",69470,71413,NA,NA,"","San Marcos","TX","South","West South Central","City",71413,"TX"
"286","Schaumburg, IL","Schaumburg",0,1,5,1,6,92,4,2017,1,"IL",7,102,"Schaumburg","https://ilucr.nibrs.com/AdvancedSearch/AdvancedSearch","State UCR","Open Source",75745,75140,NA,NA,"Inferred Jan-Mar 2021 from annual average","Schaumburg","IL","Midwest","East North Central","City",75140,"IL"
"287","Scottsdale, AZ","Scottsdale",1,6,4,24,58,411,40,2022,2,"AZ",35,509,"Scottsdale","https://azcrimestatistics.azdps.gov/","State UCR","Open Source",243576,243644,NA,NA,"","Scottsdale","AZ","West","Mountain","City",243644,"AZ"
"288","Scranton, PA","Scranton",0,9,2,6,9,85,5,2022,2,"PA",17,99,"Scranton","https://www.ucr.pa.gov/PAUCRSPUBLIC/SRSReport/CrimeTrends","State UCR","Open Source",75798,75687,NA,NA,"","Scranton","PA","Northeast","Middle Atlantic","City",75687,"PA"
"289","Seattle, WA","Seattle",2,33,114,181,673,2312,310,2017,1,"WA",330,3295,"Seattle","https://www.seattle.gov/police/information-and-data/data/crime-dashboard","Agency Aggregated","Open Source",729691,753786,NA,NA,"","Seattle","WA","West","Pacific","City",753786,"WA"
"290","Shelby Township, MI","Shelby Township",0,3,1,10,0,25,3,2024,3,"MI",14,28,"Shelby Township","https://www.michigan.gov/msp/divisions/cjic/dashboard-portal/crime-dashboard","State UCR","Open Source",NA,79545,NA,NA,"","Shelby Township","MI","Midwest","East North Central","City",79545,"MI"
"291","Sioux Falls, SD","Sioux Falls",1,9,12,46,41,291,66,2017,1,"SD",68,398,"Sioux Falls","https://sdcrime.nibrs.com/AdvancedSearch/AdvancedSearch","State UCR","Open Source",199879,206559,NA,NA,"","Sioux Falls","SD","Midwest","West North Central","City",206559,"SD"
"292","Skokie, IL","Skokie",0,3,2,14,18,102,2,2017,1,"IL",19,122,"Skokie","https://ilucr.nibrs.com/AdvancedSearch/AdvancedSearch","State UCR","Open Source",65185,64417,NA,NA,"","Skokie","IL","Midwest","East North Central","City",64417,"IL"
"293","Smyrna, TN","Smyrna",0,4,8,5,9,93,11,2017,1,"TN",17,113,"Smyrna","https://crimeinsight.tbi.tn.gov/public/View/dispview.aspx","State UCR","Open Source",58096,58096,NA,NA,"","Smyrna","TN","South","East South Central","City",58096,"TN"
"294","Somerville, MA","Somerville",0,2,0,10,1,5,1,2021,5,"MA",12,7,"Somerville","https://www.mass.gov/crime-statistics","State UCR","Provided by State UCR Program",79178,79513,NA,NA,"","Somerville","MA","Northeast","New England","City",79513,"MA"
"295","South Bend, IN","South Bend",0,5,42,29,126,248,52,2017,1,"IN",76,426,"South Bend","https://southbendin.gov/transparency-and-performance/police-transparency-hub/particrimes/","Agency Aggregated","Open Source",103179,102999,NA,NA,"Inferred Apr-Nov 2021 from annual state total","South Bend","IN","Midwest","East North Central","City",102999,"IN"
"296","Southaven, MS","Southaven",3,2,4,2,22,126,3,2017,1,"MS",11,151,"Southaven","https://mscrimestats.dps.ms.gov/public/View/dispview.aspx","State UCR","Open Source",56092,57135,NA,NA,"","Southaven","MS","South","East South Central","City",57135,"MS"
"297","Southfield, MI","Southfield",0,2,0,21,24,110,43,2024,12,"MI",23,177,"Southfield","https://www.michigan.gov/msp/divisions/cjic/dashboard-portal/crime-dashboard","State UCR","Open Source",NA,74960,NA,NA,"","Southfield","MI","Midwest","East North Central","City",74960,"MI"
"298","Sparks, NV","Sparks",0,3,3,23,26,58,13,2020,4,"NV",29,97,"Sparks","https://nevadacrimestats.nv.gov/public/View/dispview.aspx","State UCR","Open Source",110475,109403,NA,NA,"","Sparks","NV","West","Mountain","City",109403,"NV"
"299","Spokane, WA","Spokane",1,17,35,80,190,851,167,2017,1,"WA",133,1208,"Spokane","https://my.spokanecity.org/police/","Agency RMS","Provided by Agency",230648,230648,NA,NA,"","Spokane","WA","West","Pacific","City",230648,"WA"
"300","Spring Hill, TN","Spring Hill",0,0,0,8,5,30,1,2017,1,"TN",8,36,"Spring Hill","https://crimeinsight.tbi.tn.gov/public/View/dispview.aspx","State UCR","Open Source",58200,58200,NA,NA,"","Spring Hill","TN","South","East South Central","City",58200,"TN"
"301","Springfield, IL","Springfield",0,10,17,57,80,286,22,2017,1,"IL",84,388,"Springfield","https://ilucr.nibrs.com/AdvancedSearch/AdvancedSearch","State UCR","Open Source",112549,112781,NA,NA,"","Springfield","IL","Midwest","East North Central","City",112781,"IL"
"302","Springfield, MA","Springfield",2,6,39,73,69,197,28,2018,3,"MA",120,294,"Springfield","https://www.mass.gov/crime-statistics","State UCR","Provided by State UCR Program",155046,154218,NA,NA,"","Springfield","MA","Northeast","New England","City",154218,"MA"
"303","Springfield, OH","Springfield",0,3,6,1,11,35,9,2021,1,"OH",10,55,"Springfield","https://ocjs.ohio.gov/","State UCR","Provided by State UCR Program",58725,57866,NA,NA,"","Springfield","OH","Midwest","East North Central","City",57866,"OH"
"304","St Charles, MO","St Charles",0,3,0,13,18,82,11,2022,1,"MO",16,111,"St Charles","https://showmecrime.mo.gov/","State UCR","Open Source",71079,71408,NA,NA,"","St. Charles","MO","Midwest","West North Central","City",71408,"MO"
"305","St Joseph, MO","St Joseph",1,5,5,15,39,237,36,2022,1,"MO",26,312,"St Joseph","https://showmecrime.mo.gov/","State UCR","Open Source",70918,69925,NA,NA,"","St. Joseph","MO","Midwest","West North Central","City",69925,"MO"
"306","St Louis, MO","St Louis",19,16,71,275,175,911,320,2021,1,"MO",381,1406,"St Louis","https://showmecrime.mo.gov/","State UCR","Open Source",286053,280108,NA,NA,"","St. Louis","MO","Midwest","West North Central","City",280108,"MO"
"307","St Peters, MO","St Peters",1,0,0,8,3,48,2,2024,1,"MO",9,53,"St Peters","https://showmecrime.mo.gov/","State UCR","Open Source",58584,58937,NA,NA,"","St. Peters","MO","Midwest","West North Central","City",58937,"MO"
"308","St. Clair Shores, MI","St. Clair Shores",0,1,0,6,5,31,4,2020,2,"MI",7,40,"St. Clair Shores","https://www.michigan.gov/msp/divisions/cjic/dashboard-portal/crime-dashboard","State UCR","Open Source",NA,57257,NA,NA,"","St. Clair Shores","MI","Midwest","East North Central","City",57257,"MI"
"309","St. Cloud, MN","St. Cloud",0,5,4,13,21,228,25,2020,7,"MN",22,274,"St. Cloud","https://cde.state.mn.us/","State UCR","Open Source",68925,69922,NA,NA,"","St. Cloud","MN","Midwest","West North Central","City",69922,"MN"
"310","St. Paul, MN","St. Paul",0,26,51,146,148,636,192,2021,6,"MN",223,976,"St. Paul","https://cde.state.mn.us/","State UCR","Open Source",277533,300368,NA,NA,"","St. Paul","MN","Midwest","West North Central","City",300368,"MN"
"311","Stamford, CT","Stamford",0,2,7,13,18,134,17,2017,1,"CT",22,169,"Stamford","https://ct.beyond2020.com/ct_public/Dim/dimension.aspx","State UCR","Open Source",136936,136512,NA,NA,"","Stamford","CT","Northeast","New England","City",136512,"CT"
"312","State College, PA","State College",0,3,0,4,2,34,0,2022,2,"PA",7,36,"State College","https://www.ucr.pa.gov/PAUCRSPUBLIC/SRSReport/CrimeTrends","State UCR","Open Source",55998,58532,NA,NA,"","State College","PA","Northeast","Middle Atlantic","City",58532,"PA"
"313","Sterling Heights, MI","Sterling Heights",0,3,1,11,14,74,9,2020,2,"MI",15,97,"Sterling Heights","https://www.michigan.gov/msp/divisions/cjic/dashboard-portal/crime-dashboard","State UCR","Open Source",NA,131801,NA,NA,"","Sterling Heights","MI","Midwest","East North Central","City",131801,"MI"
"314","Stratford, CT","Stratford",0,2,3,0,5,58,21,2022,2,"CT",5,84,"Stratford","https://ct.beyond2020.com/ct_public/Dim/dimension.aspx","State UCR","Open Source",52320,52596,NA,NA,"","Stratford","CT","Northeast","New England","City",52596,"CT"
"315","Suffolk, VA","Suffolk",0,1,7,18,5,120,13,2022,2,"VA",26,138,"Suffolk","https://vsp.virginia.gov/","State UCR","Provided by State UCR Program",98065,100598,NA,NA,"","Suffolk","VA","South","South Atlantic","City",100598,"VA"
"316","Sugar Land, TX","Sugar Land",0,0,0,4,8,101,8,2024,1,"TX",4,117,"Sugar Land","https://txucr.nibrs.com/SRSReport/CrimeTrends","State UCR","Open Source",107989,108718,NA,NA,"","Sugar Land","TX","South","West South Central","City",108718,"TX"
"317","Surprise, AZ","Surprise",0,1,4,20,22,147,18,2022,2,"AZ",25,187,"Surprise","https://azcrimestatistics.azdps.gov/","State UCR","Open Source",154128,159346,NA,NA,"","Surprise","AZ","West","Mountain","City",159346,"AZ"
"318","Tacoma, WA","Tacoma",3,NA,30,87,169,799,210,2017,1,"WA",120,1178,"Tacoma","https://public.tableau.com/app/profile/city.of.tacoma/viz/TacomaPoliceCrimeDashboard/CrimeDashboard-IntroPage","Agency Aggregated","Open Source",219027,222828,NA,NA,"","Tacoma","WA","West","Pacific","City",222828,"WA"
"319","Taunton, MA","Taunton",0,1,0,11,3,13,0,2018,3,"MA",12,16,"Taunton","https://www.mass.gov/crime-statistics","State UCR","Provided by State UCR Program",60062,60356,NA,NA,"","Taunton","MA","Northeast","New England","City",60356,"MA"
"320","Taylor, MI","Taylor",0,4,4,15,28,79,14,2017,5,"MI",23,121,"Taylor","https://www.michigan.gov/msp/divisions/cjic/dashboard-portal/crime-dashboard","State UCR","Open Source",NA,61781,NA,NA,"","Taylor","MI","Midwest","East North Central","City",61781,"MI"
"321","Tempe, AZ","Tempe",1,11,13,66,57,492,53,2022,2,"AZ",91,602,"Tempe","https://azcrimestatistics.azdps.gov/","State UCR","Open Source",187473,188144,NA,NA,"","Tempe","AZ","West","Mountain","City",188144,"AZ"
"322","Temple, TX","Temple",0,2,1,13,26,103,27,2024,1,"TX",16,156,"Temple","https://txucr.nibrs.com/SRSReport/CrimeTrends","State UCR","Open Source",88484,93073,NA,NA,"","Temple","TX","South","West South Central","City",93073,"TX"
"323","Texas City, TX","Texas City",1,2,3,4,17,61,8,2024,1,"TX",10,86,"Texas City","https://txucr.nibrs.com/SRSReport/CrimeTrends","State UCR","Open Source",56311,57448,NA,NA,"","Texas City","TX","South","West South Central","City",57448,"TX"
"324","Thornton, CO","Thornton",1,19,5,11,40,240,81,2020,7,"CO",36,361,"Thornton","https://coloradocrimestats.state.co.us/public/View/dispview.aspx","State UCR","Open Source",143055,143838,NA,NA,"","Thornton","CO","West","Mountain","City",143838,"CO"
"325","Tinley Park, IL","Tinley Park",0,2,1,1,3,32,1,2017,1,"IL",4,36,"Tinley Park","https://ilucr.nibrs.com/AdvancedSearch/AdvancedSearch","State UCR","Open Source",53973,53528,NA,NA,"","Tinley Park","IL","Midwest","East North Central","City",53528,"IL"
"326","Tracy, CA","Tracy",0,2,7,8,31,166,34,2017,1,"CA",17,231,"Tracy","https://tracypd.com/crime-mapping","Agency Aggregated","Open Source",97219,99347,NA,NA,"","Tracy","CA","West","Pacific","City",99347,"CA"
"327","Troy, MI","Troy",0,0,3,1,3,100,3,2023,12,"MI",4,106,"Troy","https://www.michigan.gov/msp/divisions/cjic/dashboard-portal/crime-dashboard","State UCR","Open Source",NA,87265,NA,NA,"","Troy","MI","Midwest","East North Central","City",87265,"MI"
"328","Tucson, AZ","Tucson",3,48,124,185,399,1671,141,2017,1,"AZ",360,2211,"Tucson","https://app.powerbigov.us/view?r=eyJrIjoiY2ViZmNiYzAtMDQ5ZC00OTMwLTliMTgtYjM1ZjAwYjJlMTkzIiwidCI6ImQyMWU1OWVjLWMyMDgtNDNlYi1hYWYxLWNmMDZkOWExOTZlMCJ9&pageName=ReportSectionccd6be2a1a0db780dadd","Agency Aggregated","Open Source",544629,548544,NA,NA,"","Tucson","AZ","West","Mountain","City",548544,"AZ"
"329","Twin Falls, ID","Twin Falls",0,8,0,14,9,59,4,2021,3,"ID",22,72,"Twin Falls","https://nibrs.isp.idaho.gov/CrimeInIdaho/AdvancedSearch/AdvancedSearch","State UCR","Open Source",54648,55447,NA,NA,"","Twin Falls","ID","West","Mountain","City",55447,"ID"
"330","Tyler, TX","Tyler",0,3,3,17,19,147,15,2024,1,"TX",23,181,"Tyler","https://txucr.nibrs.com/SRSReport/CrimeTrends","State UCR","Open Source",108422,110824,NA,NA,"","Tyler","TX","South","West South Central","City",110824,"TX"
"331","Upper Darby, PA","Upper Darby",1,0,7,4,9,97,15,2022,2,"PA",12,121,"Upper Darby","https://www.ucr.pa.gov/PAUCRSPUBLIC/SRSReport/CrimeTrends","State UCR","Open Source",84407,84468,NA,NA,"","Upper Darby Township","PA","Northeast","Middle Atlantic","City",84468,"PA"
"332","Vallejo, CA","Vallejo",1,9,33,45,213,100,95,2017,1,"CA",88,408,"Vallejo","https://www.vallejopd.net/public_information/crime_data/operations_bureau_reports/operations_bureau_2024_reports","Agency Aggregated","Open Source",123940,122419,NA,NA,"","Vallejo","CA","West","Pacific","City",122419,"CA"
"333","Victoria, TX","Victoria",0,1,0,24,14,83,6,2024,1,"TX",25,103,"Victoria","https://txucr.nibrs.com/SRSReport/CrimeTrends","State UCR","Open Source",65165,65298,NA,NA,"","Victoria","TX","South","West South Central","City",65298,"TX"
"334","Virginia Beach, VA","Virginia Beach",1,2,9,9,20,554,28,2024,12,"VA",21,602,"Virginia Beach","https://vsp.virginia.gov/","State UCR","Provided by State UCR Program",457556,453991,NA,NA,"","Virginia Beach","VA","South","South Atlantic","City",453991,"VA"
"335","Waco, TX","Waco",0,10,5,21,39,212,40,2024,1,"TX",36,291,"Waco","https://txucr.nibrs.com/SRSReport/CrimeTrends","State UCR","Open Source",140911,145741,NA,NA,"","Waco","TX","South","West South Central","City",145741,"TX"
"336","Waltham, MA","Waltham",0,2,0,9,9,21,4,2020,7,"MA",11,34,"Waltham","https://www.mass.gov/crime-statistics","State UCR","Provided by State UCR Program",63525,63797,NA,NA,"","Waltham","MA","Northeast","New England","City",63797,"MA"
"337","Warren, MI","Warren",0,7,3,44,35,91,29,2024,3,"MI",54,155,"Warren","https://www.michigan.gov/msp/divisions/cjic/dashboard-portal/crime-dashboard","State UCR","Open Source",NA,136121,NA,NA,"","Warren","MI","Midwest","East North Central","City",136121,"MI"
"338","Warwick, RI","Warwick",0,2,1,3,9,81,4,2024,9,"RI",6,94,"Warwick","https://riucr.nibrs.com/AdvancedSearch/AdvancedSearch","State UCR","Open Source",82966,83369,NA,NA,"","Warwick","RI","Northeast","New England","City",83369,"RI"
"339","Washington, DC","Washington",8,22,212,184,153,2273,169,2017,1,"DC",426,2595,"Washington","https://crimecards.dc.gov/","Agency RMS","Open Source",671803,678972,NA,NA,"","Washington","DC","South","South Atlantic","City",678972,"DC"
"340","Waterbury, CT","Waterbury",0,1,17,21,34,171,37,2022,2,"CT",39,242,"Waterbury","https://ct.beyond2020.com/ct_public/Dim/dimension.aspx","State UCR","Open Source",113464,115380,NA,NA,"","Waterbury","CT","Northeast","New England","City",115380,"CT"
"341","Waterford Township, MI","Waterford Township",1,1,0,5,15,34,2,2019,3,"MI",7,51,"Waterford Township","https://www.michigan.gov/msp/divisions/cjic/dashboard-portal/crime-dashboard","State UCR","Open Source",NA,69153,NA,NA,"","Waterford Township","MI","Midwest","East North Central","City",69153,"MI"
"342","West Bloomfield Township, MI","West Bloomfield Township",0,0,0,0,3,13,1,2019,3,"MI",0,17,"West Bloomfield Township","https://www.michigan.gov/msp/divisions/cjic/dashboard-portal/crime-dashboard","State UCR","Open Source",NA,64904,NA,NA,"","West Bloomfield Township","MI","Midwest","East North Central","City",64904,"MI"
"343","West Chester Township, OH","West Chester Township",0,1,0,1,4,63,0,2021,2,"OH",2,67,"West Chester Township","https://ocjs.ohio.gov/","State UCR","Provided by State UCR Program",62374,62860,NA,NA,"","West Chester Township","OH","Midwest","East North Central","City",62860,"OH"
"344","West Hartford, CT","West Hartford",0,0,4,0,4,107,2,2022,2,"CT",4,113,"West Hartford","https://ct.beyond2020.com/ct_public/Dim/dimension.aspx","State UCR","Open Source",63934,64423,NA,NA,"","West Hartford","CT","Northeast","New England","City",64423,"CT"
"345","West Haven, CT","West Haven",0,0,2,4,3,41,11,2024,1,"CT",6,55,"West Haven","https://ct.beyond2020.com/ct_public/Dim/dimension.aspx","State UCR","Open Source",55133,54791,NA,NA,"","West Haven","CT","Northeast","New England","City",54791,"CT"
"346","Westland, MI","Westland",0,2,2,17,7,55,15,2024,12,"MI",21,77,"Westland","https://www.michigan.gov/msp/divisions/cjic/dashboard-portal/crime-dashboard","State UCR","Open Source",NA,83463,NA,NA,"","Westland","MI","Midwest","East North Central","City",83463,"MI"
"347","Wichita Falls, TX","Wichita Falls",0,7,7,15,39,144,17,2024,1,"TX",29,200,"Wichita Falls","https://txucr.nibrs.com/SRSReport/CrimeTrends","State UCR","Open Source",103337,102740,NA,NA,"","Wichita Falls","TX","South","West South Central","City",102740,"TX"
"348","Woodbury, MN","Woodbury",0,0,1,1,8,52,2,2018,6,"MN",2,62,"Woodbury","https://cde.state.mn.us/","State UCR","Open Source",78531,80153,NA,NA,"","Woodbury","MN","Midwest","West North Central","City",80153,"MN"
"349","Wylie, TX","Wylie",1,1,0,1,1,29,7,2024,1,"TX",3,37,"Wylie","https://txucr.nibrs.com/SRSReport/CrimeTrends","State UCR","Open Source",60910,62539,NA,NA,"","Wylie","TX","South","West South Central","City",62539,"TX"
"350","Wyoming, MI","Wyoming",0,0,2,15,4,126,13,2024,12,"MI",17,143,"Wyoming","https://www.michigan.gov/msp/divisions/cjic/dashboard-portal/crime-dashboard","State UCR","Open Source",NA,76712,NA,NA,"","Wyoming","MI","Midwest","East North Central","City",76712,"MI"
"351","York, PA","York",1,2,5,17,7,52,6,2024,1,"PA",25,65,"York","https://www.ucr.pa.gov/PAUCRSPUBLIC/SRSReport/CrimeTrends","State UCR","Open Source",44901,44901,NA,NA,"","York","PA","Northeast","Middle Atlantic","City",44876,"PA"
"352","Yuma, AZ","Yuma",0,6,5,21,25,63,13,2024,1,"AZ",32,101,"Yuma","https://azcrimestatistics.azdps.gov/","State UCR","Open Source",98164,99610,NA,NA,"","Yuma","AZ","West","Mountain","City",99610,"AZ"
