"date","agency_name","state_name","agency_full","location_full","population","source_link","agency_num","source_type","source_method","most_recent_month"
2024-03-01,"Rapid City","South Dakota","Rapid City, South Dakota","Rapid City, South Dakota",78063,"https://sdcrime.nibrs.com/AdvancedSearch/AdvancedSearch",1,"State UCR","Open Source","March 2024"
2024-05-01,"Sioux Falls","South Dakota","Sioux Falls, South Dakota","Sioux Falls, South Dakota",199879,"https://sdcrime.nibrs.com/AdvancedSearch/AdvancedSearch",1,"State UCR","Open Source","May 2024"
2024-06-01,"Abilene","Texas","Abilene, Texas","Abilene, Texas",125186,"https://txucr.nibrs.com/Report/NIBRSMonthlyCrimeSummaryReport",1,"State UCR","Open Source","June 2024"
2024-06-01,"Abington","Pennsylvania","Abington, Pennsylvania","Abington, Pennsylvania",58432,"https://www.ucr.pa.gov/PAUCRSPUBLIC/SRSReport/CrimeTrends",1,"State UCR","Open Source","June 2024"
2024-06-01,"Akron","Ohio","Akron, Ohio","Akron, Ohio",188534,"https://ocjs.ohio.gov/",1,"State UCR","Provided by State UCR Program","June 2024"
2024-06-01,"Albany","Georgia","Albany, Georgia","Albany, Georgia",68613,"https://www.albanyga.gov/crime-statistics",1,"Agency Aggregated","Open Source","June 2024"
2024-06-01,"Albany","Oregon","Albany, Oregon","Albany, Oregon",57058,"https://www.oregon.gov/osp/pages/uniform-crime-reporting-data.aspx",1,"State UCR","Open Source","June 2024"
2024-06-01,"Alexandria","Virginia","Alexandria, Virginia","Alexandria, Virginia",150957,"https://vsp.virginia.gov/",1,"State UCR","Provided by State UCR Program","June 2024"
2024-06-01,"Alhambra","California","Alhambra, California","Alhambra, California",79703,"https://www.cityofalhambra.org/271/Crime-Statistics",1,"Agency Aggregated","Open Source","June 2024"
2024-06-01,"Allen","Texas","Allen, Texas","Allen, Texas",108135,"https://txucr.nibrs.com/Report/NIBRSMonthlyCrimeSummaryReport",1,"State UCR","Open Source","June 2024"
2024-06-01,"Allentown","Pennsylvania","Allentown, Pennsylvania","Allentown, Pennsylvania",125917,"https://www.ucr.pa.gov/PAUCRSPUBLIC/SRSReport/CrimeTrends",1,"State UCR","Open Source","June 2024"
2024-06-01,"Amarillo","Texas","Amarillo, Texas","Amarillo, Texas",201572,"https://txucr.nibrs.com/Report/NIBRSMonthlyCrimeSummaryReport",1,"State UCR","Open Source","June 2024"
2024-06-01,"Antioch","California","Antioch, California","Antioch, California",114338,"https://www.antiochca.gov/police/crime-statistics/",1,"Agency Aggregated","Open Source","June 2024"
2024-06-01,"Apple Valley","Minnesota","Apple Valley, Minnesota","Apple Valley, Minnesota",55145,"https://cde.state.mn.us/CrimesAgainstPerson/CrimesAgainstPerson",1,"State UCR","Open Source","June 2024"
2024-06-01,"Arlington","Texas","Arlington, Texas","Arlington, Texas",391591,"https://txucr.nibrs.com/Report/NIBRSMonthlyCrimeSummaryReport",1,"State UCR","Open Source","June 2024"
2024-06-01,"Arvada","Colorado","Arvada, Colorado","Arvada, Colorado",122403,"https://coloradocrimestats.state.co.us/public/View/dispview.aspx",1,"State UCR","Open Source","June 2024"
2024-06-01,"Asheville","North Carolina","Asheville, North Carolina","Asheville, North Carolina",93729,"https://data-avl.opendata.arcgis.com/datasets/fa266be763124be89fee8c1fd99f88ff_3/explore",1,"Agency RMS","Open Source","June 2024"
2024-06-01,"Atlanta","Georgia","Atlanta, Georgia","Atlanta, Georgia",495707,"https://experience.arcgis.com/experience/17e7eb7783944ca6918fc97bb1190bec/",1,"Agency RMS","Open Source","June 2024"
2024-06-01,"Aurora","Colorado","Aurora, Colorado","Aurora, Colorado",392134,"https://coloradocrimestats.state.co.us/public/View/dispview.aspx",1,"State UCR","Open Source","June 2024"
2024-06-01,"Austin","Texas","Austin, Texas","Austin, Texas",965234,"https://txucr.nibrs.com/Report/NIBRSMonthlyCrimeSummaryReport",1,"State UCR","Open Source","June 2024"
2024-06-01,"Avondale","Arizona","Avondale, Arizona","Avondale, Arizona",91467,"https://azcrimestatistics.azdps.gov/",1,"State UCR","Open Source","June 2024"
2024-06-01,"Baltimore","Maryland","Baltimore, Maryland","Baltimore, Maryland",570546,"https://data.baltimorecity.gov/datasets/part-1-crime-data/explore",1,"Agency RMS","Open Source","June 2024"
2024-06-01,"Barnstable","Massachusetts","Barnstable, Massachusetts","Barnstable, Massachusetts",50501,"https://www.mass.gov/crime-statistics",1,"State UCR","Provided by State UCR Program","June 2024"
2024-06-01,"Baton Rouge","Louisiana","Baton Rouge, Louisiana","Baton Rouge, Louisiana",219913,"https://data.brla.gov/Public-Safety/Baton-Rouge-Police-Crime-Incidents/pbin-pcm7/explore/query/SELECT%0A%20%20%60incident_number%60%2C%0A%20%20%60charge_id%60%2C%0A%20%20%60charge_date%60%2C%0A%20%20%60report_date%60%2C%0A%20%20%60approved_date%60%2C%0A%20%20%60attempted_committed%60%2C%0A%20%20%60street%60%2C%0A%20%20%60street_2%60%2C%0A%20%20%60city%60%2C%0A%20%20%60state%60%2C%0A%20%20%60postal_code%60%2C%0A%20%20%60district%60%2C%0A%20%20%60zone%60%2C%0A%20%20%60sub_zone%60%2C%0A%20%20%60statute_title%60%2C%0A%20%20%60statute_description%60%2C%0A%20%20%60statute_category%60%2C%0A%20%20%60crime_against%60%2C%0A%20%20%60nibrs_code%60%2C%0A%20%20%60offense_description%60%2C%0A%20%20%60census_block_group%60%2C%0A%20%20%60council_district%60%2C%0A%20%20%60crime_prevention_district%60%2C%0A%20%20%60neighborhood%60%2C%0A%20%20%60longitude%60%2C%0A%20%20%60latitude%60%2C%0A%20%20%60geolocation%60%2C%0A%20%20%60%3A%40computed_region_jrqt_zu77%60%2C%0A%20%20%60%3A%40computed_region_ntzg_c2w3%60%2C%0A%20%20%60%3A%40computed_region_uvg4_nwq8%60%0AWHERE%0A%20%20caseless_one_of%28%0A%20%20%20%20%60nibrs_code%60%2C%0A%20%20%20%20%2209A%22%2C%0A%20%20%20%20%2211A%22%2C%0A%20%20%20%20%2213A%22%2C%0A%20%20%20%20%22120%22%2C%0A%20%20%20%20%22220%22%2C%0A%20%20%20%20%22240%22%2C%0A%20%20%20%20%2223A%22%2C%0A%20%20%20%20%2223B%22%2C%0A%20%20%20%20%2223C%22%2C%0A%20%20%20%20%2223D%22%2C%0A%20%20%20%20%2223E%22%2C%0A%20%20%20%20%2223F%22%2C%0A%20%20%20%20%2223G%22%2C%0A%20%20%20%20%2223H%22%0A%20%20%29%0A%20%20AND%20%28%60report_date%60%20%3E%20%222024-01-01T00%3A00%3A00%22%20%3A%3A%20floating_timestamp%29%0AORDER%20BY%20%60report_date%60%20DESC%20NULL%20FIRST/page/filter",1,"Agency RMS","Open Source","June 2024"
2024-06-01,"Baytown","Texas","Baytown, Texas","Baytown, Texas",81477,"https://txucr.nibrs.com/Report/NIBRSMonthlyCrimeSummaryReport",1,"State UCR","Open Source","June 2024"
2024-06-01,"Beaumont","Texas","Beaumont, Texas","Beaumont, Texas",110898,"https://txucr.nibrs.com/Report/NIBRSMonthlyCrimeSummaryReport",1,"State UCR","Open Source","June 2024"
2024-06-01,"Beaverton","Oregon","Beaverton, Oregon","Beaverton, Oregon",98991,"https://www.oregon.gov/osp/pages/uniform-crime-reporting-data.aspx",1,"State UCR","Open Source","June 2024"
2024-06-01,"Bellevue","Nebraska","Bellevue, Nebraska","Bellevue, Nebraska",63178,"https://crimestats.ne.gov/public/View/RSReport.aspx?ReportId=1082",1,"State UCR","Open Source","June 2024"
2024-06-01,"Bend","Oregon","Bend, Oregon","Bend, Oregon",104649,"https://www.oregon.gov/osp/pages/uniform-crime-reporting-data.aspx",1,"State UCR","Open Source","June 2024"
2024-06-01,"Bensalem","Pennsylvania","Bensalem, Pennsylvania","Bensalem, Pennsylvania",62782,"https://www.ucr.pa.gov/PAUCRSPUBLIC/SRSReport/CrimeTrends",1,"State UCR","Open Source","June 2024"
2024-06-01,"Bethlehem","Pennsylvania","Bethlehem, Pennsylvania","Bethlehem, Pennsylvania",101658,"https://www.ucr.pa.gov/PAUCRSPUBLIC/SRSReport/CrimeTrends",1,"State UCR","Open Source","June 2024"
2024-06-01,"Blaine","Minnesota","Blaine, Minnesota","Blaine, Minnesota",71368,"https://cde.state.mn.us/CrimesAgainstPerson/CrimesAgainstPerson",1,"State UCR","Open Source","June 2024"
2024-06-01,"Bloomington","Minnesota","Bloomington, Minnesota","Bloomington, Minnesota",88745,"https://cde.state.mn.us/CrimesAgainstPerson/CrimesAgainstPerson",1,"State UCR","Open Source","June 2024"
2024-06-01,"Blue Springs","Missouri","Blue Springs, Missouri","Blue Springs, Missouri",60093,"https://showmecrime.mo.gov/",1,"State UCR","Open Source","June 2024"
2024-06-01,"Boise","Idaho","Boise, Idaho","Boise, Idaho",239074,"https://nibrs.isp.idaho.gov/CrimeInIdaho/AdvancedSearch/AdvancedSearch",1,"State UCR","Open Source","June 2024"
2024-06-01,"Bolingbrook","Illinois","Bolingbrook, Illinois","Bolingbrook, Illinois",73364,"https://ilucr.nibrs.com/AdvancedSearch/AdvancedSearch",1,"State UCR","Open Source","June 2024"
2024-06-01,"Boston","Massachusetts","Boston, Massachusetts","Boston, Massachusetts",638925,"https://www.mass.gov/crime-statistics",1,"State UCR","Provided by State UCR Program","June 2024"
2024-06-01,"Boulder","Colorado","Boulder, Colorado","Boulder, Colorado",103099,"https://coloradocrimestats.state.co.us/public/View/dispview.aspx",1,"State UCR","Open Source","June 2024"
2024-06-01,"Bridgeport","Connecticut","Bridgeport, Connecticut","Bridgeport, Connecticut",148395,"https://ct.beyond2020.com/ct_public/Dim/dimension.aspx",1,"State UCR","Open Source","June 2024"
2024-06-01,"Bristol","Connecticut","Bristol, Connecticut","Bristol, Connecticut",60657,"https://ct.beyond2020.com/ct_public/Dim/dimension.aspx",1,"State UCR","Open Source","June 2024"
2024-06-01,"Brockton","Massachusetts","Brockton, Massachusetts","Brockton, Massachusetts",110084,"https://www.mass.gov/crime-statistics",1,"State UCR","Provided by State UCR Program","June 2024"
2024-06-01,"Brookline","Massachusetts","Brookline, Massachusetts","Brookline, Massachusetts",62825,"https://www.mass.gov/crime-statistics",1,"State UCR","Provided by State UCR Program","June 2024"
2024-06-01,"Brooklyn Park","Minnesota","Brooklyn Park, Minnesota","Brooklyn Park, Minnesota",82682,"https://cde.state.mn.us/CrimesAgainstPerson/CrimesAgainstPerson",1,"State UCR","Open Source","June 2024"
2024-06-01,"Broomfield","Colorado","Broomfield, Colorado","Broomfield, Colorado",76137,"https://coloradocrimestats.state.co.us/public/View/dispview.aspx",1,"State UCR","Open Source","June 2024"
2024-06-01,"Brownsville","Texas","Brownsville, Texas","Brownsville, Texas",188906,"https://txucr.nibrs.com/Report/NIBRSMonthlyCrimeSummaryReport",1,"State UCR","Open Source","June 2024"
2024-06-01,"Buckeye","Arizona","Buckeye, Arizona","Buckeye, Arizona",110002,"https://azcrimestatistics.azdps.gov/",1,"State UCR","Open Source","June 2024"
2024-06-01,"Buffalo","New York","Buffalo, New York","Buffalo, New York",275710,"https://data.buffalony.gov/Public-Safety/Monthly-Uniform-Crime-Reporting-UCR-Program-Statis/xxu9-yrhd/data",1,"Agency Aggregated","Open Source","June 2024"
2024-06-01,"Burbank","California","Burbank, California","Burbank, California",103516,"https://www.burbankpd.org/crime-information/crime-statistics/",1,"Agency Aggregated","Open Source","June 2024"
2024-06-01,"Burleson","Texas","Burleson, Texas","Burleson, Texas",55356,"https://txucr.nibrs.com/Report/NIBRSMonthlyCrimeSummaryReport",1,"State UCR","Open Source","June 2024"
2024-06-01,"Burnsville","Minnesota","Burnsville, Minnesota","Burnsville, Minnesota",63361,"https://cde.state.mn.us/CrimesAgainstPerson/CrimesAgainstPerson",1,"State UCR","Open Source","June 2024"
2024-06-01,"Caldwell","Idaho","Caldwell, Idaho","Caldwell, Idaho",66940,"https://nibrs.isp.idaho.gov/CrimeInIdaho/AdvancedSearch/AdvancedSearch",1,"State UCR","Open Source","June 2024"
2024-06-01,"Cambridge","Massachusetts","Cambridge, Massachusetts","Cambridge, Massachusetts",117044,"https://www.mass.gov/crime-statistics",1,"State UCR","Provided by State UCR Program","June 2024"
2024-06-01,"Canton","Ohio","Canton, Ohio","Canton, Ohio",70070,"https://ocjs.ohio.gov/",1,"State UCR","Provided by State UCR Program","June 2024"
2024-06-01,"Carlsbad","California","Carlsbad, California","Carlsbad, California",115531,"https://crimestats.arjis.org/default.aspx",1,"Agency Aggregated","Open Source","June 2024"
2024-06-01,"Carrollton","Texas","Carrollton, Texas","Carrollton, Texas",133610,"https://txucr.nibrs.com/Report/NIBRSMonthlyCrimeSummaryReport",1,"State UCR","Open Source","June 2024"
2024-06-01,"Casa Grande","Arizona","Casa Grande, Arizona","Casa Grande, Arizona",61271,"https://azcrimestatistics.azdps.gov/",1,"State UCR","Open Source","June 2024"
2024-06-01,"Castle Rock","Colorado","Castle Rock, Colorado","Castle Rock, Colorado",79102,"https://coloradocrimestats.state.co.us/public/View/dispview.aspx",1,"State UCR","Open Source","June 2024"
2024-06-01,"Cedar Park","Texas","Cedar Park, Texas","Cedar Park, Texas",79353,"https://txucr.nibrs.com/Report/NIBRSMonthlyCrimeSummaryReport",1,"State UCR","Open Source","June 2024"
2024-06-01,"Centennial","Colorado","Centennial, Colorado","Centennial, Colorado",105849,"https://coloradocrimestats.state.co.us/public/View/dispview.aspx",1,"State UCR","Open Source","June 2024"
2024-06-01,"Champaign","Illinois","Champaign, Illinois","Champaign, Illinois",89815,"https://ilucr.nibrs.com/AdvancedSearch/AdvancedSearch",1,"State UCR","Open Source","June 2024"
2024-06-01,"Chandler","Arizona","Chandler, Arizona","Chandler, Arizona",281373,"https://azcrimestatistics.azdps.gov/",1,"State UCR","Open Source","June 2024"
2024-06-01,"Charlotte","North Carolina","Charlotte, North Carolina","Charlotte, North Carolina",955466,"https://data.charlottenc.gov/datasets/d22200cd879248fcb2258e6840bd6726_0/explore",1,"Agency RMS","Open Source","June 2024"
2024-06-01,"Chattanooga","Tennessee","Chattanooga, Tennessee","Chattanooga, Tennessee",182603,"https://www.chattadata.org/Public-Safety/Police-Incident-Data/jvkg-79ss/explore/query/SELECT%0A%20%20%60address%60%2C%0A%20%20%60city%60%2C%0A%20%20%60state%60%2C%0A%20%20%60zip%60%2C%0A%20%20%60date_incident%60%2C%0A%20%20%60jurisdiction%60%2C%0A%20%20%60incident_tract%60%2C%0A%20%20%60zone%60%2C%0A%20%20%60ucr_incident_code%60%2C%0A%20%20%60incident_description%60%2C%0A%20%20%60incident_type%60%2C%0A%20%20%60case_number%60%2C%0A%20%20%60case_status%60%2C%0A%20%20%60case_status_description%60%2C%0A%20%20%60latitude%60%2C%0A%20%20%60neighborhood%60%2C%0A%20%20%60longitude%60%2C%0A%20%20%60location%60%2C%0A%20%20%60citydst%60%2C%0A%20%20%60%3A%40computed_region_q7y7_kk3x%60%2C%0A%20%20%60%3A%40computed_region_3qrp_xh54%60%2C%0A%20%20%60%3A%40computed_region_tdua_xyxp%60%2C%0A%20%20%60%3A%40computed_region_hr78_d3nd%60%2C%0A%20%20%60%3A%40computed_region_epkc_jqa5%60%2C%0A%20%20%60%3A%40computed_region_ymb6_j43f%60%0AWHERE%0A%20%20caseless_one_of%28%0A%20%20%20%20%60ucr_incident_code%60%2C%0A%20%20%20%20%2211A%22%2C%0A%20%20%20%20%2213A%22%2C%0A%20%20%20%20%22120%22%2C%0A%20%20%20%20%22220%22%2C%0A%20%20%20%20%22240%22%2C%0A%20%20%20%20%2223A%22%2C%0A%20%20%20%20%2223B%22%2C%0A%20%20%20%20%2223C%22%2C%0A%20%20%20%20%2223D%22%2C%0A%20%20%20%20%2223E%22%2C%0A%20%20%20%20%2223F%22%2C%0A%20%20%20%20%2223G%22%2C%0A%20%20%20%20%2223H%22%2C%0A%20%20%20%20%2209A%22%0A%20%20%29/page/filter",1,"Agency RMS","Open Source","June 2024"
2024-06-01,"Chesapeake","Virginia","Chesapeake, Virginia","Chesapeake, Virginia",253745,"https://vsp.virginia.gov/",1,"State UCR","Provided by State UCR Program","June 2024"
2024-06-01,"Chicago","Illinois","Chicago, Illinois","Chicago, Illinois",2652124,"https://data.cityofchicago.org/Public-Safety/Crimes-2001-to-Present/ijzp-q8t2/explore/query/SELECT%0A%20%20%60id%60%2C%0A%20%20%60case_number%60%2C%0A%20%20%60date%60%2C%0A%20%20%60block%60%2C%0A%20%20%60iucr%60%2C%0A%20%20%60primary_type%60%2C%0A%20%20%60description%60%2C%0A%20%20%60location_description%60%2C%0A%20%20%60arrest%60%2C%0A%20%20%60domestic%60%2C%0A%20%20%60beat%60%2C%0A%20%20%60district%60%2C%0A%20%20%60ward%60%2C%0A%20%20%60community_area%60%2C%0A%20%20%60fbi_code%60%2C%0A%20%20%60x_coordinate%60%2C%0A%20%20%60y_coordinate%60%2C%0A%20%20%60year%60%2C%0A%20%20%60updated_on%60%2C%0A%20%20%60latitude%60%2C%0A%20%20%60longitude%60%2C%0A%20%20%60location%60%2C%0A%20%20%60%3A%40computed_region_awaf_s7ux%60%2C%0A%20%20%60%3A%40computed_region_6mkv_f3dw%60%2C%0A%20%20%60%3A%40computed_region_vrxf_vc4k%60%2C%0A%20%20%60%3A%40computed_region_bdys_3d7i%60%2C%0A%20%20%60%3A%40computed_region_43wa_7qmu%60%2C%0A%20%20%60%3A%40computed_region_rpca_8um6%60%2C%0A%20%20%60%3A%40computed_region_d9mm_jgwp%60%2C%0A%20%20%60%3A%40computed_region_d3ds_rm58%60%2C%0A%20%20%60%3A%40computed_region_8hcu_yrd4%60%0AORDER%20BY%20%60date%60%20DESC%20NULL%20FIRST/page/filter",1,"Agency RMS","Open Source","June 2024"
2024-06-01,"Chicopee","Massachusetts","Chicopee, Massachusetts","Chicopee, Massachusetts",55265,"https://www.mass.gov/crime-statistics",1,"State UCR","Provided by State UCR Program","June 2024"
2024-06-01,"Chula Vista","California","Chula Vista, California","Chula Vista, California",277976,"https://crimestats.arjis.org/default.aspx",1,"Agency Aggregated","Open Source","June 2024"
2024-06-01,"Cicero","Illinois","Cicero, Illinois","Cicero, Illinois",81492,"https://ilucr.nibrs.com/AdvancedSearch/AdvancedSearch",1,"State UCR","Open Source","June 2024"
2024-06-01,"Cincinnati","Ohio","Cincinnati, Ohio","Cincinnati, Ohio",307761,"https://ocjs.ohio.gov/",1,"State UCR","Provided by State UCR Program","June 2024"
2024-06-01,"Cleveland","Ohio","Cleveland, Ohio","Cleveland, Ohio",363764,"https://ocjs.ohio.gov/",1,"State UCR","Provided by State UCR Program","June 2024"
2024-06-01,"Coeur D Alene","Idaho","Coeur D Alene, Idaho","Coeur D Alene, Idaho",57061,"https://nibrs.isp.idaho.gov/CrimeInIdaho/AdvancedSearch/AdvancedSearch",1,"State UCR","Open Source","June 2024"
2024-06-01,"Colerain Township","Ohio","Colerain Township, Ohio","Colerain Township, Ohio",NA,NA,1,NA,NA,"June 2024"
2024-06-01,"College Station","Texas","College Station, Texas","College Station, Texas",121618,"https://txucr.nibrs.com/Report/NIBRSMonthlyCrimeSummaryReport",1,"State UCR","Open Source","June 2024"
2024-06-01,"Colorado Springs","Colorado","Colorado Springs, Colorado","Colorado Springs, Colorado",487728,"https://coloradocrimestats.state.co.us/public/View/dispview.aspx",1,"State UCR","Open Source","June 2024"
2024-06-01,"Columbia","Missouri","Columbia, Missouri","Columbia, Missouri",127862,"https://showmecrime.mo.gov/",1,"State UCR","Open Source","June 2024"
2024-06-01,"Columbus","Ohio","Columbus, Ohio","Columbus, Ohio",907196,"https://ocjs.ohio.gov/",1,"State UCR","Provided by State UCR Program","June 2024"
2024-06-01,"Commerce City","Colorado","Commerce City, Colorado","Commerce City, Colorado",65817,"https://coloradocrimestats.state.co.us/public/View/dispview.aspx",1,"State UCR","Open Source","June 2024"
2024-06-01,"Concord","California","Concord, California","Concord, California",122982,"https://www.cityofconcord.org/1197/2024-Crime-Statistics",1,"Agency Aggregated","Open Source","June 2024"
2024-06-01,"Conroe","Texas","Conroe, Texas","Conroe, Texas",98623,"https://txucr.nibrs.com/Report/NIBRSMonthlyCrimeSummaryReport",1,"State UCR","Open Source","June 2024"
2024-06-01,"Coon Rapids","Minnesota","Coon Rapids, Minnesota","Coon Rapids, Minnesota",63181,"https://cde.state.mn.us/CrimesAgainstPerson/CrimesAgainstPerson",1,"State UCR","Open Source","June 2024"
2024-06-01,"Corpus Christi","Texas","Corpus Christi, Texas","Corpus Christi, Texas",317694,"https://txucr.nibrs.com/Report/NIBRSMonthlyCrimeSummaryReport",1,"State UCR","Open Source","June 2024"
2024-06-01,"Corvallis","Oregon","Corvallis, Oregon","Corvallis, Oregon",60031,"https://www.oregon.gov/osp/pages/uniform-crime-reporting-data.aspx",1,"State UCR","Open Source","June 2024"
2024-06-01,"Cranston","Rhode Island","Cranston, Rhode Island","Cranston, Rhode Island",82205,"https://riucr.nibrs.com/AdvancedSearch/AdvancedSearch",1,"State UCR","Open Source","June 2024"
2024-06-01,"Cuyahoga Falls","Ohio","Cuyahoga Falls, Ohio","Cuyahoga Falls, Ohio",50607,"https://ocjs.ohio.gov/",1,"State UCR","Provided by State UCR Program","June 2024"
2024-06-01,"Dallas","Texas","Dallas, Texas","Dallas, Texas",1286121,"https://txucr.nibrs.com/Report/NIBRSMonthlyCrimeSummaryReport",1,"State UCR","Open Source","June 2024"
2024-06-01,"Danbury","Connecticut","Danbury, Connecticut","Danbury, Connecticut",87164,"https://ct.beyond2020.com/ct_public/Dim/dimension.aspx",1,"State UCR","Open Source","June 2024"
2024-06-01,"Dayton","Ohio","Dayton, Ohio","Dayton, Ohio",137084,"https://ocjs.ohio.gov/",1,"State UCR","Provided by State UCR Program","June 2024"
2024-06-01,"Decatur","Illinois","Decatur, Illinois","Decatur, Illinois",68789,"https://ilucr.nibrs.com/AdvancedSearch/AdvancedSearch",1,"State UCR","Open Source","June 2024"
2024-06-01,"Denton","Texas","Denton, Texas","Denton, Texas",154230,"https://txucr.nibrs.com/Report/NIBRSMonthlyCrimeSummaryReport",1,"State UCR","Open Source","June 2024"
2024-06-01,"Denver","Colorado","Denver, Colorado","Denver, Colorado",705264,"https://coloradocrimestats.state.co.us/public/View/dispview.aspx",1,"State UCR","Open Source","June 2024"
2024-06-01,"Des Plaines","Illinois","Des Plaines, Illinois","Des Plaines, Illinois",58425,"https://ilucr.nibrs.com/AdvancedSearch/AdvancedSearch",1,"State UCR","Open Source","June 2024"
2024-06-01,"Desoto","Texas","Desoto, Texas","Desoto, Texas",55956,"https://txucr.nibrs.com/Report/NIBRSMonthlyCrimeSummaryReport",1,"State UCR","Open Source","June 2024"
2024-06-01,"Detroit","Michigan","Detroit, Michigan","Detroit, Michigan",626757,"https://data.detroitmi.gov/datasets/rms-crime-incidents",1,"Agency RMS","Open Source","June 2024"
2024-06-01,"Dublin","Ohio","Dublin, Ohio","Dublin, Ohio",48799,"https://ocjs.ohio.gov/",1,"State UCR","Provided by State UCR Program","June 2024"
2024-06-01,"Duluth","Minnesota","Duluth, Minnesota","Duluth, Minnesota",86144,"https://cde.state.mn.us/CrimesAgainstPerson/CrimesAgainstPerson",1,"State UCR","Open Source","June 2024"
2024-06-01,"Dunwoody","Georgia","Dunwoody, Georgia","Dunwoody, Georgia",50271,"https://www.dunwoodyga.gov/police/crime-info-stats/crime-comparison",1,"Agency Aggregated","Open Source","June 2024"
2024-06-01,"Durham","North Carolina","Durham, North Carolina","Durham, North Carolina",286377,"https://www.durhamnc.gov/Archive.aspx?AMID=195",1,"Agency Aggregated","Open Source","June 2024"
2024-06-01,"Eagan","Minnesota","Eagan, Minnesota","Eagan, Minnesota",68518,"https://cde.state.mn.us/CrimesAgainstPerson/CrimesAgainstPerson",1,"State UCR","Open Source","June 2024"
2024-06-01,"East Hartford","Connecticut","East Hartford, Connecticut","East Hartford, Connecticut",50579,"https://ct.beyond2020.com/ct_public/Dim/dimension.aspx",1,"State UCR","Open Source","June 2024"
2024-06-01,"Eden Prairie","Minnesota","Eden Prairie, Minnesota","Eden Prairie, Minnesota",62008,"https://cde.state.mn.us/CrimesAgainstPerson/CrimesAgainstPerson",1,"State UCR","Open Source","June 2024"
2024-06-01,"Edina","Minnesota","Edina, Minnesota","Edina, Minnesota",53206,"https://cde.state.mn.us/CrimesAgainstPerson/CrimesAgainstPerson",1,"State UCR","Open Source","June 2024"
2024-06-01,"Edinburg","Texas","Edinburg, Texas","Edinburg, Texas",104987,"https://txucr.nibrs.com/Report/NIBRSMonthlyCrimeSummaryReport",1,"State UCR","Open Source","June 2024"
2024-06-01,"El Cajon","California","El Cajon, California","El Cajon, California",104693,"https://crimestats.arjis.org/default.aspx",1,"Agency Aggregated","Open Source","June 2024"
2024-06-01,"El Paso","Texas","El Paso, Texas","El Paso, Texas",678232,"https://txucr.nibrs.com/Report/NIBRSMonthlyCrimeSummaryReport",1,"State UCR","Open Source","June 2024"
2024-06-01,"Elyria","Ohio","Elyria, Ohio","Elyria, Ohio",52902,"https://ocjs.ohio.gov/",1,"State UCR","Provided by State UCR Program","June 2024"
2024-06-01,"Erie","Pennsylvania","Erie, Pennsylvania","Erie, Pennsylvania",93363,"https://www.ucr.pa.gov/PAUCRSPUBLIC/SRSReport/CrimeTrends",1,"State UCR","Open Source","June 2024"
2024-06-01,"Escondido","California","Escondido, California","Escondido, California",150072,"https://crimestats.arjis.org/default.aspx",1,"Agency Aggregated","Open Source","June 2024"
2024-06-01,"Euclid","Ohio","Euclid, Ohio","Euclid, Ohio",48344,"https://ocjs.ohio.gov/",1,"State UCR","Provided by State UCR Program","June 2024"
2024-06-01,"Eugene","Oregon","Eugene, Oregon","Eugene, Oregon",175390,"https://www.oregon.gov/osp/pages/uniform-crime-reporting-data.aspx",1,"State UCR","Open Source","June 2024"
2024-06-01,"Euless","Texas","Euless, Texas","Euless, Texas",59901,"https://txucr.nibrs.com/Report/NIBRSMonthlyCrimeSummaryReport",1,"State UCR","Open Source","June 2024"
2024-06-01,"Evanston","Illinois","Evanston, Illinois","Evanston, Illinois",76259,"https://ilucr.nibrs.com/AdvancedSearch/AdvancedSearch",1,"State UCR","Open Source","June 2024"
2024-06-01,"Everett","Massachusetts","Everett, Massachusetts","Everett, Massachusetts",48340,"https://www.mass.gov/crime-statistics",1,"State UCR","Provided by State UCR Program","June 2024"
2024-06-01,"Fairfield","Connecticut","Fairfield, Connecticut","Fairfield, Connecticut",62270,"https://ct.beyond2020.com/ct_public/Dim/dimension.aspx",1,"State UCR","Open Source","June 2024"
2024-06-01,"Fall River","Massachusetts","Fall River, Massachusetts","Fall River, Massachusetts",94339,"https://www.mass.gov/crime-statistics",1,"State UCR","Provided by State UCR Program","June 2024"
2024-06-01,"Fayetteville","North Carolina","Fayetteville, North Carolina","Fayetteville, North Carolina",208980,"https://data.fayettevillenc.gov/search?tags=incidents",1,"Agency RMS","Open Source","June 2024"
2024-06-01,"Flagstaff","Arizona","Flagstaff, Arizona","Flagstaff, Arizona",77018,"https://azcrimestatistics.azdps.gov/",1,"State UCR","Open Source","June 2024"
2024-06-01,"Florissant","Missouri","Florissant, Missouri","Florissant, Missouri",51565,"https://showmecrime.mo.gov/",1,"State UCR","Open Source","June 2024"
2024-06-01,"Flower Mound","Texas","Flower Mound, Texas","Flower Mound, Texas",78167,"https://txucr.nibrs.com/Report/NIBRSMonthlyCrimeSummaryReport",1,"State UCR","Open Source","June 2024"
2024-06-01,"Fort Collins","Colorado","Fort Collins, Colorado","Fort Collins, Colorado",168045,"https://coloradocrimestats.state.co.us/public/View/dispview.aspx",1,"State UCR","Open Source","June 2024"
2024-06-01,"Fort Wayne","Indiana","Fort Wayne, Indiana","Fort Wayne, Indiana",267791,"https://www.fwpd.org/crime-statistics",1,"Agency Aggregated","Open Source","June 2024"
2024-06-01,"Fort Worth","Texas","Fort Worth, Texas","Fort Worth, Texas",948605,"https://txucr.nibrs.com/Report/NIBRSMonthlyCrimeSummaryReport",1,"State UCR","Open Source","June 2024"
2024-06-01,"Framingham","Massachusetts","Framingham, Massachusetts","Framingham, Massachusetts",70716,"https://www.mass.gov/crime-statistics",1,"State UCR","Provided by State UCR Program","June 2024"
2024-06-01,"Frisco","Texas","Frisco, Texas","Frisco, Texas",218962,"https://txucr.nibrs.com/Report/NIBRSMonthlyCrimeSummaryReport",1,"State UCR","Open Source","June 2024"
2024-06-01,"Galveston","Texas","Galveston, Texas","Galveston, Texas",52920,"https://txucr.nibrs.com/Report/NIBRSMonthlyCrimeSummaryReport",1,"State UCR","Open Source","June 2024"
2024-06-01,"Garland","Texas","Garland, Texas","Garland, Texas",241095,"https://txucr.nibrs.com/Report/NIBRSMonthlyCrimeSummaryReport",1,"State UCR","Open Source","June 2024"
2024-06-01,"Georgetown","Texas","Georgetown, Texas","Georgetown, Texas",83371,"https://txucr.nibrs.com/Report/NIBRSMonthlyCrimeSummaryReport",1,"State UCR","Open Source","June 2024"
2024-06-01,"Gilbert","Arizona","Gilbert, Arizona","Gilbert, Arizona",277123,"https://azcrimestatistics.azdps.gov/",1,"State UCR","Open Source","June 2024"
2024-06-01,"Glendale","Arizona","Glendale, Arizona","Glendale, Arizona",250466,"https://azcrimestatistics.azdps.gov/",1,"State UCR","Open Source","June 2024"
2024-06-01,"Glendale","California","Glendale, California","Glendale, California",188599,"https://www.glendaleca.gov/government/departments/police-department/community-outreach-resources-and-engagement-c-o-r-e/crime-prevention-programs-resources/crime-statistics-booking-logs",1,"Agency Aggregated","Open Source","June 2024"
2024-06-01,"Goodyear","Arizona","Goodyear, Arizona","Goodyear, Arizona",107212,"https://azcrimestatistics.azdps.gov/",1,"State UCR","Open Source","June 2024"
2024-06-01,"Grand Island","Nebraska","Grand Island, Nebraska","Grand Island, Nebraska",51733,"https://crimestats.ne.gov/public/View/RSReport.aspx?ReportId=1082",1,"State UCR","Open Source","June 2024"
2024-06-01,"Grand Junction","Colorado","Grand Junction, Colorado","Grand Junction, Colorado",68126,"https://coloradocrimestats.state.co.us/public/View/dispview.aspx",1,"State UCR","Open Source","June 2024"
2024-06-01,"Grand Prairie","Texas","Grand Prairie, Texas","Grand Prairie, Texas",199663,"https://txucr.nibrs.com/Report/NIBRSMonthlyCrimeSummaryReport",1,"State UCR","Open Source","June 2024"
2024-06-01,"Grand Rapids","Michigan","Grand Rapids, Michigan","Grand Rapids, Michigan",196662,"https://www.arcgis.com/apps/dashboards/2b465330658f48d4998f5701a91d6ec7",1,"Agency RMS","Open Source","June 2024"
2024-06-01,"Grapevine","Texas","Grapevine, Texas","Grapevine, Texas",50988,"https://txucr.nibrs.com/Report/NIBRSMonthlyCrimeSummaryReport",1,"State UCR","Open Source","June 2024"
2024-06-01,"Greeley","Colorado","Greeley, Colorado","Greeley, Colorado",109258,"https://coloradocrimestats.state.co.us/public/View/dispview.aspx",1,"State UCR","Open Source","June 2024"
2024-06-01,"Green Township","Ohio","Green Township, Ohio","Green Township, Ohio",NA,NA,1,NA,NA,"June 2024"
2024-06-01,"Greensboro","North Carolina","Greensboro, North Carolina","Greensboro, North Carolina",298719,"https://data.greensboro-nc.gov/pages/385998aa22e940999b05b6c3b6dcad03",1,"Agency RMS","Open Source","June 2024"
2024-06-01,"Greenwich","Connecticut","Greenwich, Connecticut","Greenwich, Connecticut",63631,"https://ct.beyond2020.com/ct_public/Dim/dimension.aspx",1,"State UCR","Open Source","June 2024"
2024-06-01,"Gresham","Oregon","Gresham, Oregon","Gresham, Oregon",111590,"https://www.oregon.gov/osp/pages/uniform-crime-reporting-data.aspx",1,"State UCR","Open Source","June 2024"
2024-06-01,"Hamden","Connecticut","Hamden, Connecticut","Hamden, Connecticut",60831,"https://ct.beyond2020.com/ct_public/Dim/dimension.aspx",1,"State UCR","Open Source","June 2024"
2024-06-01,"Hamilton","Ohio","Hamilton, Ohio","Hamilton, Ohio",89957,"https://ocjs.ohio.gov/",1,"State UCR","Provided by State UCR Program","June 2024"
2024-06-01,"Hampton","Virginia","Hampton, Virginia","Hampton, Virginia",138843,"https://vsp.virginia.gov/",1,"State UCR","Provided by State UCR Program","June 2024"
2024-06-01,"Harlingen","Texas","Harlingen, Texas","Harlingen, Texas",72047,"https://txucr.nibrs.com/Report/NIBRSMonthlyCrimeSummaryReport",1,"State UCR","Open Source","June 2024"
2024-06-01,"Harrisburg","Pennsylvania","Harrisburg, Pennsylvania","Harrisburg, Pennsylvania",50201,"https://www.ucr.pa.gov/PAUCRSPUBLIC/SRSReport/CrimeTrends",1,"State UCR","Open Source","June 2024"
2024-06-01,"Harrisonburg","Virginia","Harrisonburg, Virginia","Harrisonburg, Virginia",51363,"https://vsp.virginia.gov/",1,"State UCR","Provided by State UCR Program","June 2024"
2024-06-01,"Hartford","Connecticut","Hartford, Connecticut","Hartford, Connecticut",120196,"https://ct.beyond2020.com/ct_public/Dim/dimension.aspx",1,"State UCR","Open Source","June 2024"
2024-06-01,"Haverhill","Massachusetts","Haverhill, Massachusetts","Haverhill, Massachusetts",67359,"https://www.mass.gov/crime-statistics",1,"State UCR","Provided by State UCR Program","June 2024"
2024-06-01,"Henderson","Nevada","Henderson, Nevada","Henderson, Nevada",325332,"https://nevadacrimestats.nv.gov/public/View/dispview.aspx",1,"State UCR","Open Source","June 2024"
2024-06-01,"Hillsboro","Oregon","Hillsboro, Oregon","Hillsboro, Oregon",106345,"https://www.oregon.gov/osp/pages/uniform-crime-reporting-data.aspx",1,"State UCR","Open Source","June 2024"
2024-06-01,"Honolulu","Hawaii","Honolulu, Hawaii","Honolulu, Hawaii",994799,"https://www.honolulupd.org/dashboard/crime-by-category/",1,"Agency Aggregated","Open Source","June 2024"
2024-06-01,"Houston","Texas","Houston, Texas","Houston, Texas",2276533,"https://txucr.nibrs.com/Report/NIBRSMonthlyCrimeSummaryReport",1,"State UCR","Open Source","June 2024"
2024-06-01,"Idaho Falls","Idaho","Idaho Falls, Idaho","Idaho Falls, Idaho",68162,"https://nibrs.isp.idaho.gov/CrimeInIdaho/AdvancedSearch/AdvancedSearch",1,"State UCR","Open Source","June 2024"
2024-06-01,"Independence","Missouri","Independence, Missouri","Independence, Missouri",121255,"https://showmecrime.mo.gov/",1,"State UCR","Open Source","June 2024"
2024-06-01,"Indianapolis","Indiana","Indianapolis, Indiana","Indianapolis, Indiana",886455,"https://www.indy.gov/agency/indianapolis-metropolitan-police-department",1,"Agency Aggregated","Provided by Agency","June 2024"
2024-06-01,"Irving","Texas","Irving, Texas","Irving, Texas",254141,"https://txucr.nibrs.com/Report/NIBRSMonthlyCrimeSummaryReport",1,"State UCR","Open Source","June 2024"
2024-06-01,"Jackson","Michigan","Jackson, Michigan","Jackson, Michigan",31206,"https://www.cityofjackson.org/195/Crime-Statistics",1,"Agency Aggregated","Open Source","June 2024"
2024-06-01,"Joplin","Missouri","Joplin, Missouri","Joplin, Missouri",51989,"https://showmecrime.mo.gov/",1,"State UCR","Open Source","June 2024"
2024-06-01,"Kansas City","Missouri","Kansas City, Missouri","Kansas City, Missouri",508856,"https://showmecrime.mo.gov/",1,"State UCR","Open Source","June 2024"
2024-06-01,"Kettering","Ohio","Kettering, Ohio","Kettering, Ohio",57107,"https://ocjs.ohio.gov/",1,"State UCR","Provided by State UCR Program","June 2024"
2024-06-01,"Killeen","Texas","Killeen, Texas","Killeen, Texas",159546,"https://txucr.nibrs.com/Report/NIBRSMonthlyCrimeSummaryReport",1,"State UCR","Open Source","June 2024"
2024-06-01,"Knoxville","Tennessee","Knoxville, Tennessee","Knoxville, Tennessee",194724,"https://knoxvilletnpolice.gov/",1,"Agency Aggregated","Provided by Agency","June 2024"
2024-06-01,"Kyle","Texas","Kyle, Texas","Kyle, Texas",57724,"https://txucr.nibrs.com/Report/NIBRSMonthlyCrimeSummaryReport",1,"State UCR","Open Source","June 2024"
2024-06-01,"La Mesa","California","La Mesa, California","La Mesa, California",60333,"https://crimestats.arjis.org/default.aspx",1,"Agency Aggregated","Open Source","June 2024"
2024-06-01,"Lake Havasu City","Arizona","Lake Havasu City, Arizona","Lake Havasu City, Arizona",59166,"https://azcrimestatistics.azdps.gov/",1,"State UCR","Open Source","June 2024"
2024-06-01,"Lakeville","Minnesota","Lakeville, Minnesota","Lakeville, Minnesota",75548,"https://cde.state.mn.us/CrimesAgainstPerson/CrimesAgainstPerson",1,"State UCR","Open Source","June 2024"
2024-06-01,"Lakewood","Colorado","Lakewood, Colorado","Lakewood, Colorado",157068,"https://coloradocrimestats.state.co.us/public/View/dispview.aspx",1,"State UCR","Open Source","June 2024"
2024-06-01,"Lakewood","Ohio","Lakewood, Ohio","Lakewood, Ohio",49490,"https://ocjs.ohio.gov/",1,"State UCR","Provided by State UCR Program","June 2024"
2024-06-01,"Lancaster","Pennsylvania","Lancaster, Pennsylvania","Lancaster, Pennsylvania",57295,"https://www.ucr.pa.gov/PAUCRSPUBLIC/SRSReport/CrimeTrends",1,"State UCR","Open Source","June 2024"
2024-06-01,"Laredo","Texas","Laredo, Texas","Laredo, Texas",256973,"https://txucr.nibrs.com/Report/NIBRSMonthlyCrimeSummaryReport",1,"State UCR","Open Source","June 2024"
2024-06-01,"Las Vegas","Nevada","Las Vegas, Nevada","Las Vegas, Nevada",1667961,"https://nevadacrimestats.nv.gov/public/View/dispview.aspx",1,"State UCR","Open Source","June 2024"
2024-06-01,"Lawrence","Massachusetts","Lawrence, Massachusetts","Lawrence, Massachusetts",88422,"https://www.mass.gov/crime-statistics",1,"State UCR","Provided by State UCR Program","June 2024"
2024-06-01,"League City","Texas","League City, Texas","League City, Texas",116511,"https://txucr.nibrs.com/Report/NIBRSMonthlyCrimeSummaryReport",1,"State UCR","Open Source","June 2024"
2024-06-01,"Leander","Texas","Leander, Texas","Leander, Texas",73905,"https://txucr.nibrs.com/Report/NIBRSMonthlyCrimeSummaryReport",1,"State UCR","Open Source","June 2024"
2024-06-01,"Lee's Summit","Missouri","Lee's Summit, Missouri","Lee's Summit, Missouri",103976,"https://showmecrime.mo.gov/",1,"State UCR","Open Source","June 2024"
2024-06-01,"Lewisville","Texas","Lewisville, Texas","Lewisville, Texas",113568,"https://txucr.nibrs.com/Report/NIBRSMonthlyCrimeSummaryReport",1,"State UCR","Open Source","June 2024"
2024-06-01,"Lexington","Kentucky","Lexington, Kentucky","Lexington, Kentucky",320983,"https://www.lexingtonky.gov/crime-data",1,"Agency Aggregated","Open Source","June 2024"
2024-06-01,"Lincoln","Nebraska","Lincoln, Nebraska","Lincoln, Nebraska",293937,"https://crimestats.ne.gov/public/View/RSReport.aspx?ReportId=1082",1,"State UCR","Open Source","June 2024"
2024-06-01,"Little Elm","Texas","Little Elm, Texas","Little Elm, Texas",55340,"https://txucr.nibrs.com/Report/NIBRSMonthlyCrimeSummaryReport",1,"State UCR","Open Source","June 2024"
2024-06-01,"Little Rock","Arkansas","Little Rock, Arkansas","Little Rock, Arkansas",201513,"https://www.littlerock.gov/media/21988/part-i-offenses-by-month.pdf",1,"Agency Aggregated","Open Source","June 2024"
2024-06-01,"Long Beach","California","Long Beach, California","Long Beach, California",447528,"https://www.longbeach.gov/police/crime-info/crime-statistics/",1,"Agency Aggregated","Open Source","June 2024"
2024-06-01,"Longmont","Colorado","Longmont, Colorado","Longmont, Colorado",101159,"https://coloradocrimestats.state.co.us/public/View/dispview.aspx",1,"State UCR","Open Source","June 2024"
2024-06-01,"Longview","Texas","Longview, Texas","Longview, Texas",81811,"https://txucr.nibrs.com/Report/NIBRSMonthlyCrimeSummaryReport",1,"State UCR","Open Source","June 2024"
2024-06-01,"Lorain","Ohio","Lorain, Ohio","Lorain, Ohio",65536,"https://ocjs.ohio.gov/",1,"State UCR","Provided by State UCR Program","June 2024"
2024-06-01,"Los Angeles","California","Los Angeles, California","Los Angeles, California",3809182,"https://www.lapdonline.org/",1,"Agency Aggregated","Provided by Agency","June 2024"
2024-06-01,"Louisville","Kentucky","Louisville, Kentucky","Louisville, Kentucky",677554,"https://data.louisvilleky.gov/search?tags=lmpd",1,"Agency RMS","Open Source","June 2024"
2024-06-01,"Loveland","Colorado","Loveland, Colorado","Loveland, Colorado",77770,"https://coloradocrimestats.state.co.us/public/View/dispview.aspx",1,"State UCR","Open Source","June 2024"
2024-06-01,"Lowell","Massachusetts","Lowell, Massachusetts","Lowell, Massachusetts",113277,"https://www.mass.gov/crime-statistics",1,"State UCR","Provided by State UCR Program","June 2024"
2024-06-01,"Lower Merion","Pennsylvania","Lower Merion, Pennsylvania","Lower Merion, Pennsylvania",64642,"https://www.ucr.pa.gov/PAUCRSPUBLIC/SRSReport/CrimeTrends",1,"State UCR","Open Source","June 2024"
2024-06-01,"Lower Paxton","Pennsylvania","Lower Paxton, Pennsylvania","Lower Paxton, Pennsylvania",54552,"https://www.ucr.pa.gov/PAUCRSPUBLIC/SRSReport/CrimeTrends",1,"State UCR","Open Source","June 2024"
2024-06-01,"Lubbock","Texas","Lubbock, Texas","Lubbock, Texas",264142,"https://txucr.nibrs.com/Report/NIBRSMonthlyCrimeSummaryReport",1,"State UCR","Open Source","June 2024"
2024-06-01,"Lynchburg","Virginia","Lynchburg, Virginia","Lynchburg, Virginia",79421,"https://vsp.virginia.gov/",1,"State UCR","Provided by State UCR Program","June 2024"
2024-06-01,"Lynn","Massachusetts","Lynn, Massachusetts","Lynn, Massachusetts",101056,"https://www.mass.gov/crime-statistics",1,"State UCR","Provided by State UCR Program","June 2024"
2024-06-01,"Malden","Massachusetts","Malden, Massachusetts","Malden, Massachusetts",64356,"https://www.mass.gov/crime-statistics",1,"State UCR","Provided by State UCR Program","June 2024"
2024-06-01,"Manchester","Connecticut","Manchester, Connecticut","Manchester, Connecticut",59293,"https://ct.beyond2020.com/ct_public/Dim/dimension.aspx",1,"State UCR","Open Source","June 2024"
2024-06-01,"Manchester","New Hampshire","Manchester, New Hampshire","Manchester, New Hampshire",114650,"https://www.manchesternh.gov/Departments/Police/Administrative-Division/Crime-Analysis/Interactive-Data-Dashboards",1,"Agency Aggregated","Open Source","June 2024"
2024-06-01,"Mansfield","Texas","Mansfield, Texas","Mansfield, Texas",75993,"https://txucr.nibrs.com/Report/NIBRSMonthlyCrimeSummaryReport",1,"State UCR","Open Source","June 2024"
2024-06-01,"Maple Grove","Minnesota","Maple Grove, Minnesota","Maple Grove, Minnesota",70935,"https://cde.state.mn.us/CrimesAgainstPerson/CrimesAgainstPerson",1,"State UCR","Open Source","June 2024"
2024-06-01,"Marana","Arizona","Marana, Arizona","Marana, Arizona",57119,"https://azcrimestatistics.azdps.gov/",1,"State UCR","Open Source","June 2024"
2024-06-01,"Maricopa","Arizona","Maricopa, Arizona","Maricopa, Arizona",66525,"https://azcrimestatistics.azdps.gov/",1,"State UCR","Open Source","June 2024"
2024-06-01,"Mcallen","Texas","Mcallen, Texas","Mcallen, Texas",145510,"https://txucr.nibrs.com/Report/NIBRSMonthlyCrimeSummaryReport",1,"State UCR","Open Source","June 2024"
2024-06-01,"Mckinney","Texas","Mckinney, Texas","Mckinney, Texas",208415,"https://txucr.nibrs.com/Report/NIBRSMonthlyCrimeSummaryReport",1,"State UCR","Open Source","June 2024"
2024-06-01,"Medford","Massachusetts","Medford, Massachusetts","Medford, Massachusetts",64122,"https://www.mass.gov/crime-statistics",1,"State UCR","Provided by State UCR Program","June 2024"
2024-06-01,"Medford","Oregon","Medford, Oregon","Medford, Oregon",86876,"https://www.oregon.gov/osp/pages/uniform-crime-reporting-data.aspx",1,"State UCR","Open Source","June 2024"
2024-06-01,"Memphis","Tennessee","Memphis, Tennessee","Memphis, Tennessee",624944,"https://app.powerbigov.us/view?r=eyJrIjoiZjg3NmFjZGQtODdjNS00ODA0LWIyYzktY2U5ODY1ZTQwN2I0IiwidCI6IjQxNjQ3NTYxLTY1MzctNDQyMy05NmE5LTg1OWU4OWY4OTE5ZiJ9",1,"Agency Aggregated","Open Source","June 2024"
2024-06-01,"Meriden","Connecticut","Meriden, Connecticut","Meriden, Connecticut",60332,"https://ct.beyond2020.com/ct_public/Dim/dimension.aspx",1,"State UCR","Open Source","June 2024"
2024-06-01,"Meridian","Idaho","Meridian, Idaho","Meridian, Idaho",132522,"https://nibrs.isp.idaho.gov/CrimeInIdaho/AdvancedSearch/AdvancedSearch",1,"State UCR","Open Source","June 2024"
2024-06-01,"Mesa","Arizona","Mesa, Arizona","Mesa, Arizona",513116,"https://azcrimestatistics.azdps.gov/",1,"State UCR","Open Source","June 2024"
2024-06-01,"Mesquite","Texas","Mesquite, Texas","Mesquite, Texas",147226,"https://txucr.nibrs.com/Report/NIBRSMonthlyCrimeSummaryReport",1,"State UCR","Open Source","June 2024"
2024-06-01,"Methuen","Massachusetts","Methuen, Massachusetts","Methuen, Massachusetts",52853,"https://www.mass.gov/crime-statistics",1,"State UCR","Provided by State UCR Program","June 2024"
2024-06-01,"Middletown","Ohio","Middletown, Ohio","Middletown, Ohio",50970,"https://ocjs.ohio.gov/",1,"State UCR","Provided by State UCR Program","June 2024"
2024-06-01,"Midland","Texas","Midland, Texas","Midland, Texas",129945,"https://txucr.nibrs.com/Report/NIBRSMonthlyCrimeSummaryReport",1,"State UCR","Open Source","June 2024"
2024-06-01,"Milford","Connecticut","Milford, Connecticut","Milford, Connecticut",52694,"https://ct.beyond2020.com/ct_public/Dim/dimension.aspx",1,"State UCR","Open Source","June 2024"
2024-06-01,"Milpitas","California","Milpitas, California","Milpitas, California",77790,"https://www.milpitas.gov/1118/Offense-and-Arrest-Summary-Reports",1,"Agency Aggregated","Open Source","June 2024"
2024-06-01,"Milwaukee","Wisconsin","Milwaukee, Wisconsin","Milwaukee, Wisconsin",561743,"https://data.milwaukee.gov/dataset/wibr",1,"Agency RMS","Open Source","June 2024"
2024-06-01,"Minneapolis","Minnesota","Minneapolis, Minnesota","Minneapolis, Minnesota",421690,"https://cde.state.mn.us/CrimesAgainstPerson/CrimesAgainstPerson",1,"State UCR","Open Source","June 2024"
2024-06-01,"Minnetonka","Minnesota","Minnetonka, Minnesota","Minnetonka, Minnesota",52309,"https://cde.state.mn.us/CrimesAgainstPerson/CrimesAgainstPerson",1,"State UCR","Open Source","June 2024"
2024-06-01,"Mission","Texas","Mission, Texas","Mission, Texas",86577,"https://txucr.nibrs.com/Report/NIBRSMonthlyCrimeSummaryReport",1,"State UCR","Open Source","June 2024"
2024-06-01,"Missouri City","Texas","Missouri City, Texas","Missouri City, Texas",75323,"https://txucr.nibrs.com/Report/NIBRSMonthlyCrimeSummaryReport",1,"State UCR","Open Source","June 2024"
2024-06-01,"Moline","Illinois","Moline, Illinois","Moline, Illinois",42009,"https://ilucr.nibrs.com/AdvancedSearch/AdvancedSearch",1,"State UCR","Open Source","June 2024"
2024-06-01,"Mount Vernon","New York","Mount Vernon, New York","Mount Vernon, New York",71690,"https://www.cmvny.com/518/Annual-Reports-Monthly-Crime-Stats-Histo",1,"Agency Aggregated","Open Source","June 2024"
2024-06-01,"Nampa","Idaho","Nampa, Idaho","Nampa, Idaho",111501,"https://nibrs.isp.idaho.gov/CrimeInIdaho/AdvancedSearch/AdvancedSearch",1,"State UCR","Open Source","June 2024"
2024-06-01,"Nashville","Tennessee","Nashville, Tennessee","Nashville, Tennessee",679562,"https://www.nashville.gov/departments/police/data-dashboard/ucr-incidents-map",1,"Agency RMS","Open Source","June 2024"
2024-06-01,"National City","California","National City, California","National City, California",55676,"https://crimestats.arjis.org/default.aspx",1,"Agency Aggregated","Open Source","June 2024"
2024-06-01,"New Bedford","Massachusetts","New Bedford, Massachusetts","New Bedford, Massachusetts",101402,"https://www.mass.gov/crime-statistics",1,"State UCR","Provided by State UCR Program","June 2024"
2024-06-01,"New Braunfels","Texas","New Braunfels, Texas","New Braunfels, Texas",107017,"https://txucr.nibrs.com/Report/NIBRSMonthlyCrimeSummaryReport",1,"State UCR","Open Source","June 2024"
2024-06-01,"New Britain","Connecticut","New Britain, Connecticut","New Britain, Connecticut",73621,"https://ct.beyond2020.com/ct_public/Dim/dimension.aspx",1,"State UCR","Open Source","June 2024"
2024-06-01,"New Haven","Connecticut","New Haven, Connecticut","New Haven, Connecticut",136205,"https://ct.beyond2020.com/ct_public/Dim/dimension.aspx",1,"State UCR","Open Source","June 2024"
2024-06-01,"New Orleans","Louisiana","New Orleans, Louisiana","New Orleans, Louisiana",370128,"https://data.nola.gov/Public-Safety-and-Preparedness/Electronic-Police-Report-2024/c5iy-ew8n/explore/query/SELECT%0A%20%20%60item_number%60%2C%0A%20%20%60district%60%2C%0A%20%20%60location%60%2C%0A%20%20%60disposition%60%2C%0A%20%20%60signal_type%60%2C%0A%20%20%60signal_description%60%2C%0A%20%20%60occurred_date_time%60%2C%0A%20%20%60charge_code%60%2C%0A%20%20%60charge_description%60%2C%0A%20%20%60offender_number%60%2C%0A%20%20%60offenderid%60%2C%0A%20%20%60offenderstatus%60%2C%0A%20%20%60offender_race%60%2C%0A%20%20%60offender_gender%60%2C%0A%20%20%60offender_age%60%2C%0A%20%20%60victim_number%60%2C%0A%20%20%60persontype%60%2C%0A%20%20%60victim_race%60%2C%0A%20%20%60victim_gender%60%2C%0A%20%20%60victim_age%60%2C%0A%20%20%60victim_fatal_status%60%2C%0A%20%20%60hate_crime%60%2C%0A%20%20%60report_type%60/page/filter",1,"Agency RMS","Open Source","June 2024"
2024-06-01,"New York City","New York","New York City, New York","New York City, New York",8236567,"https://compstat.nypdonline.org/",1,"Agency Aggregated","Open Source","June 2024"
2024-06-01,"Newark","New Jersey","Newark, New Jersey","Newark, New Jersey",304311,"https://www.newarkpublicsafety.org/npd/crime-statistics/",1,"Agency Aggregated","Open Source","June 2024"
2024-06-01,"Newark","Ohio","Newark, Ohio","Newark, Ohio",50818,"https://ocjs.ohio.gov/",1,"State UCR","Provided by State UCR Program","June 2024"
2024-06-01,"Newport News","Virginia","Newport News, Virginia","Newport News, Virginia",183903,"https://vsp.virginia.gov/",1,"State UCR","Provided by State UCR Program","June 2024"
2024-06-01,"Newton","Massachusetts","Newton, Massachusetts","Newton, Massachusetts",86710,"https://www.mass.gov/crime-statistics",1,"State UCR","Provided by State UCR Program","June 2024"
2024-06-01,"Norfolk","Virginia","Norfolk, Virginia","Norfolk, Virginia",233419,"https://vsp.virginia.gov/",1,"State UCR","Provided by State UCR Program","June 2024"
2024-06-01,"Normal","Illinois","Normal, Illinois","Normal, Illinois",53613,"https://ilucr.nibrs.com/AdvancedSearch/AdvancedSearch",1,"State UCR","Open Source","June 2024"
2024-06-01,"North Bergen Township","New Jersey","North Bergen Township, New Jersey","North Bergen Township, New Jersey",NA,NA,1,NA,NA,"June 2024"
2024-06-01,"North Las Vegas","Nevada","North Las Vegas, Nevada","North Las Vegas, Nevada",284422,"https://nevadacrimestats.nv.gov/public/View/dispview.aspx",1,"State UCR","Open Source","June 2024"
2024-06-01,"North Richland Hills","Texas","North Richland Hills, Texas","North Richland Hills, Texas",70108,"https://txucr.nibrs.com/Report/NIBRSMonthlyCrimeSummaryReport",1,"State UCR","Open Source","June 2024"
2024-06-01,"Norwalk","Connecticut","Norwalk, Connecticut","Norwalk, Connecticut",91414,"https://ct.beyond2020.com/ct_public/Dim/dimension.aspx",1,"State UCR","Open Source","June 2024"
2024-06-01,"O'Fallon","Missouri","O'Fallon, Missouri","O'Fallon, Missouri",95689,"https://showmecrime.mo.gov/",1,"State UCR","Open Source","June 2024"
2024-06-01,"Oak Lawn","Illinois","Oak Lawn, Illinois","Oak Lawn, Illinois",55957,"https://ilucr.nibrs.com/AdvancedSearch/AdvancedSearch",1,"State UCR","Open Source","June 2024"
2024-06-01,"Oceanside","California","Oceanside, California","Oceanside, California",171844,"https://crimestats.arjis.org/default.aspx",1,"Agency Aggregated","Open Source","June 2024"
2024-06-01,"Odessa","Texas","Odessa, Texas","Odessa, Texas",110163,"https://txucr.nibrs.com/Report/NIBRSMonthlyCrimeSummaryReport",1,"State UCR","Open Source","June 2024"
2024-06-01,"Omaha","Nebraska","Omaha, Nebraska","Omaha, Nebraska",483462,"https://crimestats.ne.gov/public/View/RSReport.aspx?ReportId=1082",1,"State UCR","Open Source","June 2024"
2024-06-01,"Parker","Colorado","Parker, Colorado","Parker, Colorado",61865,"https://coloradocrimestats.state.co.us/public/View/dispview.aspx",1,"State UCR","Open Source","June 2024"
2024-06-01,"Parma","Ohio","Parma, Ohio","Parma, Ohio",79098,"https://ocjs.ohio.gov/",1,"State UCR","Provided by State UCR Program","June 2024"
2024-06-01,"Pasadena","Texas","Pasadena, Texas","Pasadena, Texas",145954,"https://txucr.nibrs.com/Report/NIBRSMonthlyCrimeSummaryReport",1,"State UCR","Open Source","June 2024"
2024-06-01,"Pawtucket","Rhode Island","Pawtucket, Rhode Island","Pawtucket, Rhode Island",74967,"https://riucr.nibrs.com/AdvancedSearch/AdvancedSearch",1,"State UCR","Open Source","June 2024"
2024-06-01,"Peabody","Massachusetts","Peabody, Massachusetts","Peabody, Massachusetts",54091,"https://www.mass.gov/crime-statistics",1,"State UCR","Provided by State UCR Program","June 2024"
2024-06-01,"Pearland","Texas","Pearland, Texas","Pearland, Texas",125894,"https://txucr.nibrs.com/Report/NIBRSMonthlyCrimeSummaryReport",1,"State UCR","Open Source","June 2024"
2024-06-01,"Peoria","Arizona","Peoria, Arizona","Peoria, Arizona",197894,"https://azcrimestatistics.azdps.gov/",1,"State UCR","Open Source","June 2024"
2024-06-01,"Pflugerville","Texas","Pflugerville, Texas","Pflugerville, Texas",67817,"https://txucr.nibrs.com/Report/NIBRSMonthlyCrimeSummaryReport",1,"State UCR","Open Source","June 2024"
2024-06-01,"Pharr","Texas","Pharr, Texas","Pharr, Texas",79558,"https://txucr.nibrs.com/Report/NIBRSMonthlyCrimeSummaryReport",1,"State UCR","Open Source","June 2024"
2024-06-01,"Philadelphia","Pennsylvania","Philadelphia, Pennsylvania","Philadelphia, Pennsylvania",1555812,"https://www.ucr.pa.gov/PAUCRSPUBLIC/SRSReport/CrimeTrends",1,"State UCR","Open Source","June 2024"
2024-06-01,"Phoenix","Arizona","Phoenix, Arizona","Phoenix, Arizona",1637902,"https://www.phoenixopendata.com/dataset/crime-data/resource/0ce3411a-2fc6-4302-a33f-167f68608a20",1,"Agency RMS","Open Source","June 2024"
2024-06-01,"Pittsburgh","Pennsylvania","Pittsburgh, Pennsylvania","Pittsburgh, Pennsylvania",303137,"https://app.powerbigov.us/view?r=eyJrIjoiMDYzNWMyNGItNWNjMS00ODMwLWIxZDgtMTNkNzhlZDE2OWFjIiwidCI6ImY1ZjQ3OTE3LWM5MDQtNDM2OC05MTIwLWQzMjdjZjE3NTU5MSJ9",1,"Agency Aggregated","Open Source","June 2024"
2024-06-01,"Plano","Texas","Plano, Texas","Plano, Texas",289847,"https://txucr.nibrs.com/Report/NIBRSMonthlyCrimeSummaryReport",1,"State UCR","Open Source","June 2024"
2024-06-01,"Plymouth","Massachusetts","Plymouth, Massachusetts","Plymouth, Massachusetts",65779,"https://www.mass.gov/crime-statistics",1,"State UCR","Provided by State UCR Program","June 2024"
2024-06-01,"Plymouth","Minnesota","Plymouth, Minnesota","Plymouth, Minnesota",78585,"https://cde.state.mn.us/CrimesAgainstPerson/CrimesAgainstPerson",1,"State UCR","Open Source","June 2024"
2024-06-01,"Pocatello","Idaho","Pocatello, Idaho","Pocatello, Idaho",57914,"https://nibrs.isp.idaho.gov/CrimeInIdaho/AdvancedSearch/AdvancedSearch",1,"State UCR","Open Source","June 2024"
2024-06-01,"Port Arthur","Texas","Port Arthur, Texas","Port Arthur, Texas",55899,"https://txucr.nibrs.com/Report/NIBRSMonthlyCrimeSummaryReport",1,"State UCR","Open Source","June 2024"
2024-06-01,"Portland","Oregon","Portland, Oregon","Portland, Oregon",630129,"https://public.tableau.com/app/profile/portlandpolicebureau/viz/New_Monthly_Neighborhood/MonthlyOffenseTotals",1,"Agency RMS","Open Source","June 2024"
2024-06-01,"Portsmouth","Virginia","Portsmouth, Virginia","Portsmouth, Virginia",98003,"https://vsp.virginia.gov/",1,"State UCR","Provided by State UCR Program","June 2024"
2024-06-01,"Providence","Rhode Island","Providence, Rhode Island","Providence, Rhode Island",189064,"https://riucr.nibrs.com/AdvancedSearch/AdvancedSearch",1,"State UCR","Open Source","June 2024"
2024-06-01,"Pueblo","Colorado","Pueblo, Colorado","Pueblo, Colorado",112618,"https://coloradocrimestats.state.co.us/public/View/dispview.aspx",1,"State UCR","Open Source","June 2024"
2024-06-01,"Quincy","Massachusetts","Quincy, Massachusetts","Quincy, Massachusetts",101434,"https://www.mass.gov/crime-statistics",1,"State UCR","Provided by State UCR Program","June 2024"
2024-06-01,"Raleigh","North Carolina","Raleigh, North Carolina","Raleigh, North Carolina",470829,"https://data-ral.opendata.arcgis.com/datasets/ral::raleigh-police-incidents-nibrs/explore",1,"Agency RMS","Open Source","June 2024"
2024-06-01,"Reading","Pennsylvania","Reading, Pennsylvania","Reading, Pennsylvania",97698,"https://www.ucr.pa.gov/PAUCRSPUBLIC/SRSReport/CrimeTrends",1,"State UCR","Open Source","June 2024"
2024-06-01,"Redlands","California","Redlands, California","Redlands, California",73554,"https://www.cityofredlands.org/police",1,"Agency Aggregated","Provided by Agency","June 2024"
2024-06-01,"Reno","Nevada","Reno, Nevada","Reno, Nevada",273671,"https://nevadacrimestats.nv.gov/public/View/dispview.aspx",1,"State UCR","Open Source","June 2024"
2024-06-01,"Revere","Massachusetts","Revere, Massachusetts","Revere, Massachusetts",56961,"https://www.mass.gov/crime-statistics",1,"State UCR","Provided by State UCR Program","June 2024"
2024-06-01,"Richardson","Texas","Richardson, Texas","Richardson, Texas",115771,"https://txucr.nibrs.com/Report/NIBRSMonthlyCrimeSummaryReport",1,"State UCR","Open Source","June 2024"
2024-06-01,"Richmond","California","Richmond, California","Richmond, California",115043,"https://www.ci.richmond.ca.us/4010/Crime-Statistics-Reports",1,"Agency Aggregated","Open Source","June 2024"
2024-06-01,"Richmond","Virginia","Richmond, Virginia","Richmond, Virginia",227323,"https://apps.richmondgov.com/applications/CrimeInfo",1,"Agency RMS","Open Source","June 2024"
2024-06-01,"Riverside","California","Riverside, California","Riverside, California",319889,"https://www.riversideca.gov/transparency/data/dataset/show/27",1,"Agency RMS","Open Source","June 2024"
2024-06-01,"Roanoke","Virginia","Roanoke, Virginia","Roanoke, Virginia",98204,"https://vsp.virginia.gov/",1,"State UCR","Provided by State UCR Program","June 2024"
2024-06-01,"Rochester","Minnesota","Rochester, Minnesota","Rochester, Minnesota",121534,"https://cde.state.mn.us/CrimesAgainstPerson/CrimesAgainstPerson",1,"State UCR","Open Source","June 2024"
2024-06-01,"Rochester","New York","Rochester, New York","Rochester, New York",210270,"https://data-rpdny.opendata.arcgis.com/datasets/rpdny::rpd-part-i-crime-2011-to-present/explore",1,"Agency RMS","Open Source","June 2024"
2024-06-01,"Rockford","Illinois","Rockford, Illinois","Rockford, Illinois",146710,"https://ilucr.nibrs.com/AdvancedSearch/AdvancedSearch",1,"State UCR","Open Source","June 2024"
2024-06-01,"Rockwall","Texas","Rockwall, Texas","Rockwall, Texas",51724,"https://txucr.nibrs.com/Report/NIBRSMonthlyCrimeSummaryReport",1,"State UCR","Open Source","June 2024"
2024-06-01,"Round Rock","Texas","Round Rock, Texas","Round Rock, Texas",127349,"https://txucr.nibrs.com/Report/NIBRSMonthlyCrimeSummaryReport",1,"State UCR","Open Source","June 2024"
2024-06-01,"Rowlett","Texas","Rowlett, Texas","Rowlett, Texas",65196,"https://txucr.nibrs.com/Report/NIBRSMonthlyCrimeSummaryReport",1,"State UCR","Open Source","June 2024"
2024-06-01,"Salem","Oregon","Salem, Oregon","Salem, Oregon",179661,"https://www.oregon.gov/osp/pages/uniform-crime-reporting-data.aspx",1,"State UCR","Open Source","June 2024"
2024-06-01,"Salt Lake City","Utah","Salt Lake City, Utah","Salt Lake City, Utah",201373,"https://slcpd.com/open-data/crimestatistics/",1,"Agency Aggregated","Open Source","June 2024"
2024-06-01,"San Angelo","Texas","San Angelo, Texas","San Angelo, Texas",99243,"https://txucr.nibrs.com/Report/NIBRSMonthlyCrimeSummaryReport",1,"State UCR","Open Source","June 2024"
2024-06-01,"San Antonio","Texas","San Antonio, Texas","San Antonio, Texas",1465608,"https://txucr.nibrs.com/Report/NIBRSMonthlyCrimeSummaryReport",1,"State UCR","Open Source","June 2024"
2024-06-01,"San Bernardino","California","San Bernardino, California","San Bernardino, California",222623,"https://www.sbcity.org/city_hall/police_department/crime_statistics/about_ucr_statistics/crime_statistics",1,"Agency Aggregated","Open Source","June 2024"
2024-06-01,"San Diego","California","San Diego, California","San Diego, California",1377838,"https://crimestats.arjis.org/default.aspx",1,"Agency Aggregated","Open Source","June 2024"
2024-06-01,"San Francisco","California","San Francisco, California","San Francisco, California",764693,"https://www.sanfranciscopolice.org/stay-safe/crime-data/crime-reports",1,"Agency Aggregated","Open Source","June 2024"
2024-06-01,"San Jose","California","San Jose, California","San Jose, California",956814,"https://www.sjpd.org/records/crime-stats-maps/police-dashboards",1,"Agency Aggregated","Open Source","June 2024"
2024-06-01,"San Marcos","Texas","San Marcos, Texas","San Marcos, Texas",69470,"https://txucr.nibrs.com/Report/NIBRSMonthlyCrimeSummaryReport",1,"State UCR","Open Source","June 2024"
2024-06-01,"Schaumburg","Illinois","Schaumburg, Illinois","Schaumburg, Illinois",75745,"https://ilucr.nibrs.com/AdvancedSearch/AdvancedSearch",1,"State UCR","Open Source","June 2024"
2024-06-01,"Scottsdale","Arizona","Scottsdale, Arizona","Scottsdale, Arizona",243576,"https://azcrimestatistics.azdps.gov/",1,"State UCR","Open Source","June 2024"
2024-06-01,"Scranton","Pennsylvania","Scranton, Pennsylvania","Scranton, Pennsylvania",75798,"https://www.ucr.pa.gov/PAUCRSPUBLIC/SRSReport/CrimeTrends",1,"State UCR","Open Source","June 2024"
2024-06-01,"Seattle","Washington","Seattle, Washington","Seattle, Washington",729691,"https://www.seattle.gov/police/information-and-data/data/crime-dashboard",1,"Agency Aggregated","Open Source","June 2024"
2024-06-01,"Skokie","Illinois","Skokie, Illinois","Skokie, Illinois",65185,"https://ilucr.nibrs.com/AdvancedSearch/AdvancedSearch",1,"State UCR","Open Source","June 2024"
2024-06-01,"Somerville","Massachusetts","Somerville, Massachusetts","Somerville, Massachusetts",79178,"https://www.mass.gov/crime-statistics",1,"State UCR","Provided by State UCR Program","June 2024"
2024-06-01,"South Bend","Indiana","South Bend, Indiana","South Bend, Indiana",103179,"https://southbendin.gov/transparency-and-performance/police-transparency-hub/particrimes/",1,"Agency Aggregated","Open Source","June 2024"
2024-06-01,"Southaven","Mississippi","Southaven, Mississippi","Southaven, Mississippi",56092,"https://mscrimestats.dps.ms.gov/public/View/dispview.aspx",1,"State UCR","Open Source","June 2024"
2024-06-01,"Sparks","Nevada","Sparks, Nevada","Sparks, Nevada",110475,"https://nevadacrimestats.nv.gov/public/View/dispview.aspx",1,"State UCR","Open Source","June 2024"
2024-06-01,"Springfield","Illinois","Springfield, Illinois","Springfield, Illinois",112549,"https://ilucr.nibrs.com/AdvancedSearch/AdvancedSearch",1,"State UCR","Open Source","June 2024"
2024-06-01,"Springfield","Massachusetts","Springfield, Massachusetts","Springfield, Massachusetts",155046,"https://www.mass.gov/crime-statistics",1,"State UCR","Provided by State UCR Program","June 2024"
2024-06-01,"Springfield","Missouri","Springfield, Missouri","Springfield, Missouri",169822,"https://showmecrime.mo.gov/",1,"State UCR","Open Source","June 2024"
2024-06-01,"Springfield","Ohio","Springfield, Ohio","Springfield, Ohio",94088,"https://ocjs.ohio.gov/",1,"State UCR","Provided by State UCR Program","June 2024"
2024-06-01,"Springfield","Oregon","Springfield, Oregon","Springfield, Oregon",62217,"https://www.oregon.gov/osp/pages/uniform-crime-reporting-data.aspx",1,"State UCR","Open Source","June 2024"
2024-06-01,"St Charles","Missouri","St Charles, Missouri","St Charles, Missouri",71079,"https://showmecrime.mo.gov/",1,"State UCR","Open Source","June 2024"
2024-06-01,"St Joseph","Missouri","St Joseph, Missouri","St Joseph, Missouri",70918,"https://showmecrime.mo.gov/",1,"State UCR","Open Source","June 2024"
2024-06-01,"St Louis","Missouri","St Louis, Missouri","St Louis, Missouri",286053,"https://showmecrime.mo.gov/",1,"State UCR","Open Source","June 2024"
2024-06-01,"St Peters","Missouri","St Peters, Missouri","St Peters, Missouri",58584,"https://showmecrime.mo.gov/",1,"State UCR","Open Source","June 2024"
2024-06-01,"St. Cloud","Minnesota","St. Cloud, Minnesota","St. Cloud, Minnesota",NA,NA,1,NA,NA,"June 2024"
2024-06-01,"St. Paul","Minnesota","St. Paul, Minnesota","St. Paul, Minnesota",NA,NA,1,NA,NA,"June 2024"
2024-06-01,"Stamford","Connecticut","Stamford, Connecticut","Stamford, Connecticut",136936,"https://ct.beyond2020.com/ct_public/Dim/dimension.aspx",1,"State UCR","Open Source","June 2024"
2024-06-01,"State College","Pennsylvania","State College, Pennsylvania","State College, Pennsylvania",55998,"https://www.ucr.pa.gov/PAUCRSPUBLIC/SRSReport/CrimeTrends",1,"State UCR","Open Source","June 2024"
2024-06-01,"Stockton","California","Stockton, California","Stockton, California",323501,"https://www.stocktonca.gov/services/police_department/police_news___information/statistical_reports.php#outer-629",1,"Agency Aggregated","Open Source","June 2024"
2024-06-01,"Stratford","Connecticut","Stratford, Connecticut","Stratford, Connecticut",52320,"https://ct.beyond2020.com/ct_public/Dim/dimension.aspx",1,"State UCR","Open Source","June 2024"
2024-06-01,"Suffolk","Virginia","Suffolk, Virginia","Suffolk, Virginia",98065,"https://vsp.virginia.gov/",1,"State UCR","Provided by State UCR Program","June 2024"
2024-06-01,"Sugar Land","Texas","Sugar Land, Texas","Sugar Land, Texas",107989,"https://txucr.nibrs.com/Report/NIBRSMonthlyCrimeSummaryReport",1,"State UCR","Open Source","June 2024"
2024-06-01,"Surprise","Arizona","Surprise, Arizona","Surprise, Arizona",154128,"https://azcrimestatistics.azdps.gov/",1,"State UCR","Open Source","June 2024"
2024-06-01,"Tacoma","Washington","Tacoma, Washington","Tacoma, Washington",219027,"https://public.tableau.com/app/profile/city.of.tacoma/viz/TacomaPoliceCrimeDashboard/CrimeDashboard-IntroPage",1,"Agency Aggregated","Open Source","June 2024"
2024-06-01,"Taunton","Massachusetts","Taunton, Massachusetts","Taunton, Massachusetts",60062,"https://www.mass.gov/crime-statistics",1,"State UCR","Provided by State UCR Program","June 2024"
2024-06-01,"Tempe","Arizona","Tempe, Arizona","Tempe, Arizona",187473,"https://azcrimestatistics.azdps.gov/",1,"State UCR","Open Source","June 2024"
2024-06-01,"Temple","Texas","Temple, Texas","Temple, Texas",88484,"https://txucr.nibrs.com/Report/NIBRSMonthlyCrimeSummaryReport",1,"State UCR","Open Source","June 2024"
2024-06-01,"Texas City","Texas","Texas City, Texas","Texas City, Texas",56311,"https://txucr.nibrs.com/Report/NIBRSMonthlyCrimeSummaryReport",1,"State UCR","Open Source","June 2024"
2024-06-01,"Thornton","Colorado","Thornton, Colorado","Thornton, Colorado",143055,"https://coloradocrimestats.state.co.us/public/View/dispview.aspx",1,"State UCR","Open Source","June 2024"
2024-06-01,"Tigard","Oregon","Tigard, Oregon","Tigard, Oregon",56550,"https://www.oregon.gov/osp/pages/uniform-crime-reporting-data.aspx",1,"State UCR","Open Source","June 2024"
2024-06-01,"Tinley Park","Illinois","Tinley Park, Illinois","Tinley Park, Illinois",53973,"https://ilucr.nibrs.com/AdvancedSearch/AdvancedSearch",1,"State UCR","Open Source","June 2024"
2024-06-01,"Toledo","Ohio","Toledo, Ohio","Toledo, Ohio",266984,"https://ocjs.ohio.gov/",1,"State UCR","Provided by State UCR Program","June 2024"
2024-06-01,"Tracy","California","Tracy, California","Tracy, California",97219,"https://tracypd.com/crime-mapping",1,"Agency Aggregated","Open Source","June 2024"
2024-06-01,"Tucson","Arizona","Tucson, Arizona","Tucson, Arizona",544629,"https://app.powerbigov.us/view?r=eyJrIjoiY2ViZmNiYzAtMDQ5ZC00OTMwLTliMTgtYjM1ZjAwYjJlMTkzIiwidCI6ImQyMWU1OWVjLWMyMDgtNDNlYi1hYWYxLWNmMDZkOWExOTZlMCJ9&pageName=ReportSectionccd6be2a1a0db780dadd",1,"Agency Aggregated","Open Source","June 2024"
2024-06-01,"Twin Falls","Idaho","Twin Falls, Idaho","Twin Falls, Idaho",54648,"https://nibrs.isp.idaho.gov/CrimeInIdaho/AdvancedSearch/AdvancedSearch",1,"State UCR","Open Source","June 2024"
2024-06-01,"Tyler","Texas","Tyler, Texas","Tyler, Texas",108422,"https://txucr.nibrs.com/Report/NIBRSMonthlyCrimeSummaryReport",1,"State UCR","Open Source","June 2024"
2024-06-01,"Upper Darby","Pennsylvania","Upper Darby, Pennsylvania","Upper Darby, Pennsylvania",84407,"https://www.ucr.pa.gov/PAUCRSPUBLIC/SRSReport/CrimeTrends",1,"State UCR","Open Source","June 2024"
2024-06-01,"Vallejo","California","Vallejo, California","Vallejo, California",123940,"https://www.vallejopd.net/public_information/crime_data/operations_bureau_reports/operations_bureau_2024_reports",1,"Agency Aggregated","Open Source","June 2024"
2024-06-01,"Victoria","Texas","Victoria, Texas","Victoria, Texas",65165,"https://txucr.nibrs.com/Report/NIBRSMonthlyCrimeSummaryReport",1,"State UCR","Open Source","June 2024"
2024-06-01,"Virginia Beach","Virginia","Virginia Beach, Virginia","Virginia Beach, Virginia",457556,"https://vsp.virginia.gov/",1,"State UCR","Provided by State UCR Program","June 2024"
2024-06-01,"Waco","Texas","Waco, Texas","Waco, Texas",140911,"https://txucr.nibrs.com/Report/NIBRSMonthlyCrimeSummaryReport",1,"State UCR","Open Source","June 2024"
2024-06-01,"Waltham","Massachusetts","Waltham, Massachusetts","Waltham, Massachusetts",63525,"https://www.mass.gov/crime-statistics",1,"State UCR","Provided by State UCR Program","June 2024"
2024-06-01,"Warwick","Rhode Island","Warwick, Rhode Island","Warwick, Rhode Island",82966,"https://riucr.nibrs.com/AdvancedSearch/AdvancedSearch",1,"State UCR","Open Source","June 2024"
2024-06-01,"Washington","District of Columbia","Washington, District of Columbia","Washington, District of Columbia",671803,"https://crimecards.dc.gov/",1,"Agency RMS","Open Source","June 2024"
2024-06-01,"Waterbury","Connecticut","Waterbury, Connecticut","Waterbury, Connecticut",113464,"https://ct.beyond2020.com/ct_public/Dim/dimension.aspx",1,"State UCR","Open Source","June 2024"
2024-06-01,"West Chester Township","Ohio","West Chester Township, Ohio","West Chester Township, Ohio",NA,NA,1,NA,NA,"June 2024"
2024-06-01,"West Hartford","Connecticut","West Hartford, Connecticut","West Hartford, Connecticut",63934,"https://ct.beyond2020.com/ct_public/Dim/dimension.aspx",1,"State UCR","Open Source","June 2024"
2024-06-01,"West Haven","Connecticut","West Haven, Connecticut","West Haven, Connecticut",55133,"https://ct.beyond2020.com/ct_public/Dim/dimension.aspx",1,"State UCR","Open Source","June 2024"
2024-06-01,"Westminster","Colorado","Westminster, Colorado","Westminster, Colorado",112844,"https://coloradocrimestats.state.co.us/public/View/dispview.aspx",1,"State UCR","Open Source","June 2024"
2024-06-01,"Weymouth","Massachusetts","Weymouth, Massachusetts","Weymouth, Massachusetts",58231,"https://www.mass.gov/crime-statistics",1,"State UCR","Provided by State UCR Program","June 2024"
2024-06-01,"Wichita Falls","Texas","Wichita Falls, Texas","Wichita Falls, Texas",103337,"https://txucr.nibrs.com/Report/NIBRSMonthlyCrimeSummaryReport",1,"State UCR","Open Source","June 2024"
2024-06-01,"Woodbury","Minnesota","Woodbury, Minnesota","Woodbury, Minnesota",78531,"https://cde.state.mn.us/CrimesAgainstPerson/CrimesAgainstPerson",1,"State UCR","Open Source","June 2024"
2024-06-01,"Worcester","Massachusetts","Worcester, Massachusetts","Worcester, Massachusetts",206575,"https://www.mass.gov/crime-statistics",1,"State UCR","Provided by State UCR Program","June 2024"
2024-06-01,"Wylie","Texas","Wylie, Texas","Wylie, Texas",60910,"https://txucr.nibrs.com/Report/NIBRSMonthlyCrimeSummaryReport",1,"State UCR","Open Source","June 2024"
2024-06-01,"York","Pennsylvania","York, Pennsylvania","York, Pennsylvania",44901,"https://www.ucr.pa.gov/PAUCRSPUBLIC/SRSReport/CrimeTrends",1,"State UCR","Open Source","June 2024"
2024-06-01,"Youngstown","Ohio","Youngstown, Ohio","Youngstown, Ohio",59944,"https://ocjs.ohio.gov/",1,"State UCR","Provided by State UCR Program","June 2024"
2024-06-01,"Yuma","Arizona","Yuma, Arizona","Yuma, Arizona",98164,"https://azcrimestatistics.azdps.gov/",1,"State UCR","Open Source","June 2024"
2024-06-01,"Full Sample","Nationwide","Full Sample, Nationwide","Full Sample, Nationwide",68705950,NA,275,NA,NA,"June 2024"
