"city_state_id","Agency Name","Murder","Rape","Robbery","Aggravated Assault","Burglary","Theft","Motor Vehicle Theft","Year","Month","State.x","city_state.x","Agency_Type.x","vio_crime","prop_crime","Agency","State.y","Source.Link","Source.Type","Source.Method","pop23","Latitude","Longitude","Comment","X","X.1","X.2","ori","pub_agency_name","state_abbr","region_name","division_name","population","city_state.y","Agency_Type.y","State"
"Abington,PA,City","Abington",0,0,3,0,7,85,2,2017,1,"PA","Abington,PA","City",3,94,"Abington","PA","https://www.ucr.pa.gov/PAUCRSPUBLIC/SRSReport/CrimeTrends","State UCR","Open Source",58433,NA,NA,"","","",NA,"PA0460100","Abington","PA","Northeast","Middle Atlantic",58433,"Abington, PA","City","Northeast"
"Albany,GA,City","Albany",2,2,16,44,103,192,10,2017,1,"GA","Albany,GA","City",64,305,"Albany","GA","https://www.albanyga.gov/crime-statistics","Agency Aggregated","Open Source",66281,NA,NA,"","","",NA,"GA0470100","Albany","GA","South","South Atlantic",66281,"Albany, GA","City","South"
"Allen,TX,City","Allen",0,4,2,2,4,97,2,2018,4,"TX","Allen,TX","City",8,103,"Allen","TX","https://txucr.nibrs.com/SRSReport/CrimeTrends","State UCR","Open Source",114696,NA,NA,"Inferred Jan-Mar 2022 from annual average","","",NA,"TX0430100","Allen","TX","South","West South Central",114696,"Allen, TX","City","South"
"Allentown,PA,City","Allentown",1,4,7,10,39,170,24,2018,4,"PA","Allentown,PA","City",22,233,"Allentown","PA","https://www.ucr.pa.gov/PAUCRSPUBLIC/SRSReport/CrimeTrends","State UCR","Open Source",124782,NA,NA,"","","",NA,"PA0390100","Allentown","PA","Northeast","Middle Atlantic",124782,"Allentown, PA","City","Northeast"
"Amarillo,TX,City","Amarillo",0,12,19,62,93,427,71,2017,2,"TX","Amarillo,TX","City",93,591,"Amarillo","TX","https://txucr.nibrs.com/SRSReport/CrimeTrends","State UCR","Open Source",201684,NA,NA,"","","",NA,"TX1880100","Amarillo","TX","South","West South Central",201684,"Amarillo, TX","City","South"
"Antioch,CA,City","Antioch",1,4,30,25,56,160,80,2017,1,"CA","Antioch,CA","City",60,296,"Antioch","CA","https://www.antiochca.gov/police/crime-statistics/","Agency Aggregated","Open Source",115271,NA,NA,"","","",NA,"CA0070100","Antioch","CA","West","Pacific",115271,"Antioch, CA","City","West"
"Apple Valley,MN,City","Apple Valley",0,6,4,2,5,63,3,2017,1,"MN","Apple Valley,MN","City",12,71,"Apple Valley","MN","https://cde.state.mn.us/","State UCR","Open Source",54995,NA,NA,"","","",NA,"MN0191000","Apple Valley","MN","Midwest","West North Central",54995,"Apple Valley, MN","City","Midwest"
"Appleton,WI,City","Appleton",0,4,2,11,20,67,2,2017,1,"WI","Appleton,WI","City",17,89,"Appleton","WI","From WI","State UCR","Provided by State UCR Program",73921,NA,NA,"","","",NA,"WI0450100","Appleton","WI","Midwest","East North Central",73921,"Appleton,WI","City","Midwest"
"Arapahoe,CO,County","Arapahoe",0,2,6,11,36,95,30,2017,1,"CO","Arapahoe,CO","County",19,161,"Arapahoe","CO","https://coloradocrimestats.state.co.us/public/View/dispview.aspx","State UCR","Open Source",104204,NA,NA,"","","",NA,"CO0030000","Arapahoe","CO","West","Mountain",104204,"Arapahoe, CO","County","West"
"Arlington Heights,IL,City","Arlington Heights",0,1,2,3,7,58,2,2017,1,"IL","Arlington Heights,IL","City",6,67,"Arlington Heights","IL","https://ilucr.nibrs.com/AdvancedSearch/AdvancedSearch","State UCR","Open Source",74094,NA,NA,"","","",NA,"IL0160200","Arlington Heights","IL","Midwest","East North Central",74094,"Arlington Heights, IL","City","Midwest"
"Arlington,TX,City","Arlington",0,27,38,118,151,797,114,2018,5,"TX","Arlington,TX","City",183,1062,"Arlington","TX","https://txucr.nibrs.com/SRSReport/CrimeTrends","State UCR","Open Source",394799,NA,NA,"","","",NA,"TX2200100","Arlington","TX","South","West South Central",394799,"Arlington, TX","City","South"
"Arvada,CO,City","Arvada",0,8,7,10,19,225,29,2017,1,"CO","Arvada,CO","City",25,273,"Arvada","CO","https://coloradocrimestats.state.co.us/public/View/dispview.aspx","State UCR","Open Source",120200,NA,NA,"","","",NA,"CO0300100","Arvada","CO","West","Mountain",120200,"Arvada, CO","City","West"
"Asheville,NC,City","Asheville",2,5,16,24,52,245,24,2017,1,"NC","Asheville,NC","City",47,321,"Asheville","NC","From NC","State UCR","Provided by State UCR Program",93471,NA,NA,"","","",NA,"NC0110100","Asheville","NC","South","South Atlantic",93471,"Asheville, NC","City","South"
"Atlanta,GA,City","Atlanta",12,NA,130,145,317,1224,267,2017,1,"GA","Atlanta,GA","City",287,1808,"Atlanta","GA","https://experience.arcgis.com/experience/d5dd2be2977d40acb340ef42f80671b8/","Agency RMS","Open Source",500212,NA,NA,"","","",NA,"GAAPD0000","Atlanta","GA","South","South Atlantic",500212,"Atlanta, GA","City","South"
"Aurora,CO,City","Aurora",0,1,3,17,26,181,28,2017,1,"CO","Aurora,CO","City",21,235,"Aurora","CO","https://coloradocrimestats.state.co.us/public/View/dispview.aspx","State UCR","Open Source",396976,NA,NA,"","","",NA,"CO0010100","Aurora","CO","West","Mountain",396976,"Aurora, CO","City","West"
"Austin,TX,City","Austin",1,52,73,158,356,1906,150,2017,2,"TX","Austin,TX","City",284,2412,"Austin","TX","https://txucr.nibrs.com/SRSReport/CrimeTrends, rape data for 2023 on from https://app.powerbigov.us/view?r=eyJrIjoiYmYyNTQ4NjgtNjhlMC00YjNiLWE0MDAtZTUwNWU5ZGIwNTk4IiwidCI6IjVjNWUxOWY2LWE2YWItNGI0NS1iMWQwLWJlNDYwOGE5YTY3ZiJ9","State UCR","Open Source",978816,NA,NA,"","","",NA,"TX2270100","Austin","TX","South","West South Central",978816,"Austin, TX","City","South"
"Avondale,AZ,City","Avondale",0,4,8,12,50,208,17,2017,1,"AZ","Avondale,AZ","City",24,275,"Avondale","AZ","https://azcrimestatistics.azdps.gov/","State UCR","Open Source",92661,NA,NA,"","","",NA,"AZ0070100","Avondale","AZ","West","Mountain",92661,"Avondale, AZ","City","West"
"Bakersfield,CA,City","Bakersfield",1,4,61,74,285,967,284,2017,1,"CA","Bakersfield,CA","City",140,1536,"Bakersfield","CA","https://www.bakersfieldcity.us/","Agency Aggregated","Provided by Agency",413409,NA,NA,"","","",NA,"CA0150200","Bakersfield","CA","West","Pacific",413409,"Bakersfield, CA","City","West"
"Baltimore,MD,City","Baltimore",32,31,586,580,736,1453,498,2017,1,"MD","Baltimore,MD","City",1229,2687,"Baltimore","MD","https://data.baltimorecity.gov/datasets/part-1-crime-data/explore","Agency RMS","Open Source",565192,NA,NA,"","","",NA,"MDBPD0000","Baltimore","MD","South","South Atlantic",565192,"Baltimore, MD","City","South"
"Bartlett,TN,City","Bartlett",0,1,1,15,7,56,4,2017,1,"TN","Bartlett,TN","City",17,67,"Bartlett","TN","https://crimeinsight.tbi.tn.gov/public/View/dispview.aspx","State UCR","Open Source",56324,NA,NA,"","","",NA,"TN0790600","Bartlett","TN","South","East South Central",56324,"Bartlett, TN","City","South"
"Baytown,TX,City","Baytown",0,5,13,11,45,186,23,2017,7,"TX","Baytown,TX","City",29,254,"Baytown","TX","https://txucr.nibrs.com/SRSReport/CrimeTrends","State UCR","Open Source",83809,NA,NA,"","","",NA,"TX1010100","Baytown","TX","South","West South Central",83809,"Baytown, TX","City","South"
"Beaumont,TX,City","Beaumont",0,9,25,66,109,294,31,2017,4,"TX","Beaumont,TX","City",100,434,"Beaumont","TX","https://txucr.nibrs.com/SRSReport/CrimeTrends","State UCR","Open Source",110671,NA,NA,"","","",NA,"TX1230100","Beaumont","TX","South","West South Central",110671,"Beaumont, TX","City","South"
"Beaverton,OR,City","Beaverton",0,3,5,6,20,109,18,2017,1,"OR","Beaverton,OR","City",14,147,"Beaverton","OR","https://www.oregon.gov/osp/pages/uniform-crime-reporting-data.aspx","State UCR","Open Source",96840,NA,NA,"","","",NA,"OR0340100","Beaverton","OR","West","Pacific",96840,"Beaverton, OR","City","West"
"Bellevue,NE,City","Bellevue",0,3,0,1,9,41,11,2017,1,"NE","Bellevue,NE","City",4,61,"Bellevue","NE","https://crimestats.ne.gov/public/View/RSReport.aspx?ReportId=1082","State UCR","Open Source",62372,NA,NA,"","","",NA,"NB0770100","Bellevue","NE","Midwest","West North Central",62372,"Bellevue, NE","City","Midwest"
"Bellingham,WA,City","Bellingham",0,NA,7,NA,NA,273,17,2017,1,"WA","Bellingham,WA","City",7,290,"Bellingham","WA","https://cob.org/gov/dept/police/news-police/crime-stats","Agency Aggregated","Open Source",94968,NA,NA,"","","",NA,"WA0370100","Bellingham","WA","West","Pacific",94968,"Bellingham, WA","City","West"
"Bethlehem,PA,City","Bethlehem",0,1,8,35,18,90,3,2017,1,"PA","Bethlehem,PA","City",44,111,"Bethlehem","PA","https://www.ucr.pa.gov/PAUCRSPUBLIC/SRSReport/CrimeTrends","State UCR","Open Source",78606,NA,NA,"Inferred Dec 2019 from annual average","","",NA,"PA0480300","Bethlehem","PA","Northeast","Middle Atlantic",78606,"Bethlehem, PA","City","Northeast"
"Bismarck,ND,City","Bismarck",0,4,2,27,34,119,26,2017,1,"ND","Bismarck,ND","City",33,179,"Bismarck","ND","https://crimestats.nd.gov/public/View/RSReport.aspx?ReportId=94","State UCR","Open Source",74802,NA,NA,"","","",NA,"ND0080100","Bismarck","ND","Midwest","West North Central",74802,"Bismarck, ND","City","Midwest"
"Blaine,MN,City","Blaine",0,1,1,5,13,124,3,2017,1,"MN","Blaine,MN","City",7,140,"Blaine","MN","https://cde.state.mn.us/","State UCR","Open Source",72384,NA,NA,"","","",NA,"MN0020200","Blaine","MN","Midwest","West North Central",72384,"Blaine, MN","City","Midwest"
"Bloomington,MN,City","Bloomington",0,5,5,6,16,211,15,2017,1,"MN","Bloomington,MN","City",16,242,"Bloomington","MN","https://cde.state.mn.us/","State UCR","Open Source",86793,NA,NA,"","","",NA,"MN0270100","Bloomington","MN","Midwest","West North Central",86793,"Bloomington, MN","City","Midwest"
"Blue Springs,MO,City","Blue Springs",0,1,0,8,13,109,7,2017,1,"MO","Blue Springs,MO","City",9,129,"Blue Springs","MO","https://showmecrime.mo.gov/","State UCR","Open Source",59896,NA,NA,"","","",NA,"MO0480100","Blue Springs","MO","Midwest","West North Central",59896,"Blue Springs, MO","City","Midwest"
"Bolingbrook,IL,City","Bolingbrook",0,0,2,11,7,56,10,2017,1,"IL","Bolingbrook,IL","City",13,73,"Bolingbrook","IL","https://ilucr.nibrs.com/AdvancedSearch/AdvancedSearch","State UCR","Open Source",74138,NA,NA,"","","",NA,"IL0990200","Bolingbrook","IL","Midwest","East North Central",74138,"Bolingbrook, IL","City","Midwest"
"Boulder,CO,City","Boulder",0,3,5,17,34,197,29,2017,1,"CO","Boulder,CO","City",25,260,"Boulder","CO","https://coloradocrimestats.state.co.us/public/View/dispview.aspx","State UCR","Open Source",104232,NA,NA,"","","",NA,"CO0070100","Boulder","CO","West","Mountain",104232,"Boulder, CO","City","West"
"Bowie,MD,City","Bowie",3,0,7,7,6,72,11,2017,1,"MD","Bowie,MD","City",17,89,"Bowie","MD","https://www.mwcog.org/public-safety-and-homeland-security/data-and-tools/crime-dashboard/","Agency Aggregated","Open Source",56678,NA,NA,"","","",NA,"MD0174100","Bowie","MD","South","South Atlantic",56678,"Bowie, MD","City","South"
"Brazoria,TX,County","Brazoria",0,4,5,7,34,53,13,2017,1,"TX","Brazoria,TX","County",16,100,"Brazoria","TX","https://txucr.nibrs.com/SRSReport/CrimeTrends","State UCR","Open Source",132229,NA,NA,"","","",NA,"TX0200000","Brazoria","TX","South","West South Central",132229,"Brazoria, TX","County","South"
"Bridgeport,CT,City","Bridgeport",2,9,51,46,59,162,70,2017,1,"CT","Bridgeport,CT","City",108,291,"Bridgeport","CT","https://ct.beyond2020.com/ct_public/Dim/dimension.aspx","State UCR","Open Source",148483,NA,NA,"","","",NA,"CT0001500","Bridgeport","CT","Northeast","New England",148483,"Bridgeport, CT","City","Northeast"
"Brooklyn Park,MN,City","Brooklyn Park",0,6,5,13,21,137,8,2017,1,"MN","Brooklyn Park,MN","City",24,166,"Brooklyn Park","MN","https://cde.state.mn.us/","State UCR","Open Source",81920,NA,NA,"","","",NA,"MN0270300","Brooklyn Park","MN","Midwest","West North Central",81920,"Brooklyn Park, MN","City","Midwest"
"Broomfield,CO,City","Broomfield",0,2,1,3,8,102,10,2017,1,"CO","Broomfield,CO","City",6,120,"Broomfield","CO","https://coloradocrimestats.state.co.us/public/View/dispview.aspx","State UCR","Open Source",77072,NA,NA,"","","",NA,"CO0640100","Broomfield","CO","West","Mountain",77072,"Broomfield, CO","City","West"
"Brownsville,TX,City","Brownsville",0,0,14,48,41,341,11,2018,3,"TX","Brownsville,TX","City",62,393,"Brownsville","TX","https://txucr.nibrs.com/SRSReport/CrimeTrends","State UCR","Open Source",190590,NA,NA,"","","",NA,"TX0310100","Brownsville","TX","South","West South Central",190590,"Brownsville, TX","City","South"
"Buckeye,AZ,City","Buckeye",1,5,1,4,19,80,6,2017,1,"AZ","Buckeye,AZ","City",11,105,"Buckeye","AZ","https://azcrimestatistics.azdps.gov/","State UCR","Open Source",112048,NA,NA,"","","",NA,"AZ0070300","Buckeye","AZ","West","Mountain",112048,"Buckeye, AZ","City","West"
"Buffalo,NY,City","Buffalo",8,15,75,94,165,496,63,2017,1,"NY","Buffalo,NY","City",192,724,"Buffalo","NY","https://data.buffalony.gov/Public-Safety/Monthly-Uniform-Crime-Reporting-UCR-Program-Statis/xxu9-yrhd/data","Agency Aggregated","Open Source",275922,NA,NA,"","","",NA,"NY0140100","Buffalo","NY","Northeast","Middle Atlantic",275922,"Buffalo, NY","City","Northeast"
"Buncombe,NC,County","Buncombe",0,1,4,10,51,99,11,2017,1,"NC","Buncombe,NC","County",15,161,"Buncombe","NC","From NC","State UCR","Provided by State UCR Program",158547,NA,NA,"","","",NA,"NC0110000","Buncombe","NC","South","South Atlantic",158547,"Buncombe, NC","County","South"
"Burleson,TX,City","Burleson",1,6,2,5,4,63,3,2017,4,"TX","Burleson,TX","City",14,70,"Burleson","TX","https://txucr.nibrs.com/SRSReport/CrimeTrends","State UCR","Open Source",56307,NA,NA,"","","",NA,"TX1260200","Burleson","TX","South","West South Central",56307,"Burleson, TX","City","South"
"Burlington,NC,City","Burlington",0,2,8,42,33,130,6,2017,1,"NC","Burlington,NC","City",52,169,"Burlington","NC","From NC","State UCR","Provided by State UCR Program",60156,NA,NA,"","","",NA,"NC0010100","Burlington","NC","South","South Atlantic",60156,"Burlington, NC","City","South"
"Burnsville,MN,City","Burnsville",0,0,4,2,9,105,5,2017,1,"MN","Burnsville,MN","City",6,119,"Burnsville","MN","https://cde.state.mn.us/","State UCR","Open Source",63650,NA,NA,"","","",NA,"MN0190100","Burnsville","MN","Midwest","West North Central",63650,"Burnsville, MN","City","Midwest"
"Carlsbad,CA,City","Carlsbad",0,-1,4,13,13,107,4,2025,1,"CA","Carlsbad,CA","City",16,124,"Carlsbad","CA","https://crimestats.arjis.org/default.aspx","Agency Aggregated","Open Source",113796,NA,NA,"","","",NA,"CA0370100","Carlsbad","CA","West","Pacific",113796,"Carlsbad, CA","City","West"
"Carrollton,TX,City","Carrollton",0,8,1,4,28,136,10,2018,4,"TX","Carrollton,TX","City",13,174,"Carrollton","TX","https://txucr.nibrs.com/SRSReport/CrimeTrends","State UCR","Open Source",134261,NA,NA,"Inferred Aug-Dec 2019 from annual average","","",NA,"TX0570400","Carrollton","TX","South","West South Central",134261,"Carrollton, TX","City","South"
"Cary,NC,City","Cary",0,3,10,8,26,122,4,2017,1,"NC","Cary,NC","City",21,152,"Cary","NC","From NC","State UCR","Provided by State UCR Program",182878,NA,NA,"","","",NA,"NC0920300","Cary","NC","South","South Atlantic",182878,"Cary, NC","City","South"
"Casa Grande,AZ,City","Casa Grande",0,2,4,15,16,96,9,2017,1,"AZ","Casa Grande,AZ","City",21,121,"Casa Grande","AZ","https://azcrimestatistics.azdps.gov/","State UCR","Open Source",63228,NA,NA,"","","",NA,"AZ0110100","Casa Grande","AZ","West","Mountain",63228,"Casa Grande, AZ","City","West"
"Castle Rock,CO,City","Castle Rock",0,5,2,3,7,67,1,2017,1,"CO","Castle Rock,CO","City",10,75,"Castle Rock","CO","https://coloradocrimestats.state.co.us/public/View/dispview.aspx","State UCR","Open Source",83546,NA,NA,"","","",NA,"CO0180100","Castle Rock","CO","West","Mountain",83546,"Castle Rock, CO","City","West"
"Cedar Park,TX,City","Cedar Park",0,4,0,3,12,81,6,2017,5,"TX","Cedar Park,TX","City",7,99,"Cedar Park","TX","https://txucr.nibrs.com/SRSReport/CrimeTrends","State UCR","Open Source",77464,NA,NA,"","","",NA,"TX2460900","Cedar Park","TX","South","West South Central",77464,"Cedar Park, TX","City","South"
"Centennial,CO,City","Centennial",0,2,1,6,19,118,19,2017,1,"CO","Centennial,CO","City",9,156,"Centennial","CO","https://coloradocrimestats.state.co.us/public/View/dispview.aspx","State UCR","Open Source",104724,NA,NA,"","","",NA,"CO0031100","Centennial","CO","West","Mountain",104724,"Centennial, CO","City","West"
"Champaign,IL,City","Champaign",0,5,12,36,66,177,16,2017,1,"IL","Champaign,IL","City",53,259,"Champaign","IL","https://ilucr.nibrs.com/AdvancedSearch/AdvancedSearch","State UCR","Open Source",89687,NA,NA,"","","",NA,"IL0100100","Champaign","IL","Midwest","East North Central",89687,"Champaign, IL","City","Midwest"
"Chandler,AZ,City","Chandler",0,8,15,18,61,423,49,2017,1,"AZ","Chandler,AZ","City",41,533,"Chandler","AZ","https://azcrimestatistics.azdps.gov/","State UCR","Open Source",282419,NA,NA,"","","",NA,"AZ0070500","Chandler","AZ","West","Mountain",282419,"Chandler, AZ","City","West"
"Chapel Hill,NC,City","Chapel Hill",0,0,3,3,26,95,4,2017,1,"NC","Chapel Hill,NC","City",6,125,"Chapel Hill","NC","From NC","State UCR","Provided by State UCR Program",65066,NA,NA,"","","",NA,"NC0680100","Chapel Hill","NC","South","South Atlantic",65066,"Chapel Hill, NC","City","South"
"Charlotte,NC,City","Charlotte",9,25,198,353,583,2153,253,2017,1,"NC","Charlotte,NC","City",585,2989,"Charlotte","NC","From NC","State UCR","Provided by State UCR Program",979304,NA,NA,"","","",NA,"NC0600100","Charlotte","NC","South","South Atlantic",979304,"Charlotte, NC","City","South"
"Chattanooga,TN,City","Chattanooga",1,10,27,130,116,768,121,2017,5,"TN","Chattanooga,TN","City",168,1005,"Chattanooga","TN","https://crimeinsight.tbi.tn.gov/public/View/dispview.aspx","Agency RMS","Open Source",185370,NA,NA,"","","",NA,"TN0330100","Chattanooga","TN","South","East South Central",185370,"Chattanooga, TN","City","South"
"Cheyenne,WY,City","Cheyenne",0,4,2,4,19,135,11,2017,1,"WY","Cheyenne,WY","City",10,165,"Cheyenne","WY","https://crimestats.wyo.gov/public/View/dispview.aspx","State UCR","Open Source",64307,NA,NA,"","","",NA,"WY0110100","Cheyenne","WY","West","Mountain",64307,"Cheyenne, WY","City","West"
"Chicago,IL,City","Chicago",54,163,1075,953,1274,4957,1173,2017,1,"IL","Chicago,IL","City",2245,7404,"Chicago","IL","https://data.cityofchicago.org/Public-Safety/Crimes-2001-to-Present/ijzp-q8t2/explore/query/SELECT%0A%20%20%60id%60%2C%0A%20%20%60case_number%60%2C%0A%20%20%60date%60%2C%0A%20%20%60block%60%2C%0A%20%20%60iucr%60%2C%0A%20%20%60primary_type%60%2C%0A%20%20%60description%60%2C%0A%20%20%60location_description%60%2C%0A%20%20%60arrest%60%2C%0A%20%20%60domestic%60%2C%0A%20%20%60beat%60%2C%0A%20%20%60district%60%2C%0A%20%20%60ward%60%2C%0A%20%20%60community_area%60%2C%0A%20%20%60fbi_code%60%2C%0A%20%20%60x_coordinate%60%2C%0A%20%20%60y_coordinate%60%2C%0A%20%20%60year%60%2C%0A%20%20%60updated_on%60%2C%0A%20%20%60latitude%60%2C%0A%20%20%60longitude%60%2C%0A%20%20%60location%60%2C%0A%20%20%60%3A%40computed_region_awaf_s7ux%60%2C%0A%20%20%60%3A%40computed_region_6mkv_f3dw%60%2C%0A%20%20%60%3A%40computed_region_vrxf_vc4k%60%2C%0A%20%20%60%3A%40computed_region_bdys_3d7i%60%2C%0A%20%20%60%3A%40computed_region_43wa_7qmu%60%2C%0A%20%20%60%3A%40computed_region_rpca_8um6%60%2C%0A%20%20%60%3A%40computed_region_d9mm_jgwp%60%2C%0A%20%20%60%3A%40computed_region_d3ds_rm58%60%2C%0A%20%20%60%3A%40computed_region_8hcu_yrd4%60%0AORDER%20BY%20%60date%60%20DESC%20NULL%20FIRST/page/filter","Agency RMS","Open Source",2628298,NA,NA,"","","",NA,"ILCPD0000","Chicago","IL","Midwest","East North Central",2628298,"Chicago, IL","City","Midwest"
"Chula Vista,CA,City","Chula Vista",0,0,16,42,34,181,43,2018,12,"CA","Chula Vista,CA","City",58,258,"Chula Vista","CA","https://crimestats.arjis.org/default.aspx","Agency Aggregated","Open Source",280748,NA,NA,"","","",NA,"CA0370200","Chula Vista","CA","West","Pacific",280748,"Chula Vista, CA","City","West"
"Cicero,IL,City","Cicero",0,1,12,7,13,95,24,2017,1,"IL","Cicero,IL","City",20,132,"Cicero","IL","https://ilucr.nibrs.com/AdvancedSearch/AdvancedSearch","State UCR","Open Source",80455,NA,NA,"","","",NA,"IL0162100","Cicero","IL","Midwest","East North Central",80455,"Cicero, IL","City","Midwest"
"Clarksville,TN,City","Clarksville",1,14,18,65,71,269,21,2017,1,"TN","Clarksville,TN","City",98,361,"Clarksville","TN","https://crimeinsight.tbi.tn.gov/public/View/dispview.aspx","State UCR","Open Source",181916,NA,NA,"","","",NA,"TN0630100","Clarksville","TN","South","East South Central",181916,"Clarksville, TN","City","South"
"Coeur D Alene,ID,City","Coeur D Alene",0,3,1,6,14,69,8,2017,1,"ID","Coeur D Alene,ID","City",10,91,"Coeur D Alene","ID","https://nibrs.isp.idaho.gov/CrimeInIdaho/AdvancedSearch/AdvancedSearch","State UCR","Open Source",57653,NA,NA,"","","",NA,"ID0280100","Coeur D Alene","ID","West","Mountain",57653,"Coeur D Alene, ID","City","West"
"College Station,TX,City","College Station",0,5,2,12,19,142,8,2018,4,"TX","College Station,TX","City",19,169,"College Station","TX","https://txucr.nibrs.com/SRSReport/CrimeTrends","State UCR","Open Source",126136,NA,NA,"","","",NA,"TX0210200","College Station","TX","South","West South Central",126136,"College Station, TX","City","South"
"Collierville,TN,City","Collierville",0,2,2,1,8,67,0,2017,5,"TN","Collierville,TN","City",5,75,"Collierville","TN","https://crimeinsight.tbi.tn.gov/public/View/dispview.aspx","State UCR","Open Source",51686,NA,NA,"","","",NA,"TN0790100","Collierville","TN","South","East South Central",51686,"Collierville, TN","City","South"
"Colorado Springs,CO,City","Colorado Springs",5,74,29,123,184,965,146,2017,1,"CO","Colorado Springs,CO","City",231,1295,"Colorado Springs","CO","https://coloradocrimestats.state.co.us/public/View/dispview.aspx","State UCR","Open Source",489254,NA,NA,"","","",NA,"CO0210100","Colorado Springs","CO","West","Mountain",489254,"Colorado Springs, CO","City","West"
"Columbia,MO,City","Columbia",0,15,11,37,45,189,27,2017,1,"MO","Columbia,MO","City",63,261,"Columbia","MO","https://showmecrime.mo.gov/","State UCR","Open Source",129602,NA,NA,"","","",NA,"MO0100200","Columbia","MO","Midwest","West North Central",129602,"Columbia, MO","City","Midwest"
"Commerce City,CO,City","Commerce City",1,9,5,20,17,79,30,2017,1,"CO","Commerce City,CO","City",35,126,"Commerce City","CO","https://coloradocrimestats.state.co.us/public/View/dispview.aspx","State UCR","Open Source",67851,NA,NA,"","","",NA,"CO0010300","Commerce City","CO","West","Mountain",67851,"Commerce City, CO","City","West"
"Concord,CA,City","Concord",0,5,9,21,41,250,81,2017,1,"CA","Concord,CA","City",35,372,"Concord","CA","https://www.cityofconcord.org/1197/2024-Crime-Statistics","Agency Aggregated","Open Source",121331,NA,NA,"","","",NA,"CA0070400","Concord","CA","West","Pacific",121331,"Concord, CA","City","West"
"Concord,NC,City","Concord",0,0,5,8,43,139,4,2017,1,"NC","Concord,NC","City",13,186,"Concord","NC","From NC","State UCR","Provided by State UCR Program",111915,NA,NA,"","","",NA,"NC0130100","Concord","NC","South","South Atlantic",111915,"Concord, NC","City","South"
"Conroe,TX,City","Conroe",1,2,3,6,17,95,4,2017,4,"TX","Conroe,TX","City",12,116,"Conroe","TX","https://txucr.nibrs.com/SRSReport/CrimeTrends","State UCR","Open Source",106904,NA,NA,"","","",NA,"TX1700100","Conroe","TX","South","West South Central",106904,"Conroe, TX","City","South"
"Coon Rapids,MN,City","Coon Rapids",0,2,1,4,18,110,5,2017,1,"MN","Coon Rapids,MN","City",7,133,"Coon Rapids","MN","https://cde.state.mn.us/","State UCR","Open Source",62391,NA,NA,"","","",NA,"MN0020500","Coon Rapids","MN","Midwest","West North Central",62391,"Coon Rapids, MN","City","Midwest"
"Corpus Christi,TX,City","Corpus Christi",2,26,36,129,189,747,72,2018,4,"TX","Corpus Christi,TX","City",193,1008,"Corpus Christi","TX","https://txucr.nibrs.com/SRSReport/CrimeTrends","State UCR","Open Source",315340,NA,NA,"","","",NA,"TX1780200","Corpus Christi","TX","South","West South Central",315340,"Corpus Christi, TX","City","South"
"Dallas,TX,City","Dallas",15,86,334,432,853,2153,681,2017,5,"TX","Dallas,TX","City",867,3687,"Dallas","TX","https://txucr.nibrs.com/SRSReport/CrimeTrends","State UCR","Open Source",1304989,NA,NA,"","","",NA,"TXDPD0000","Dallas","TX","South","West South Central",1304989,"Dallas, TX","City","South"
"Danbury,CT,City","Danbury",0,3,6,6,6,67,6,2017,1,"CT","Danbury,CT","City",15,79,"Danbury","CT","https://ct.beyond2020.com/ct_public/Dim/dimension.aspx","State UCR","Open Source",87327,NA,NA,"","","",NA,"CT0003400","Danbury","CT","Northeast","New England",87327,"Danbury, CT","City","Northeast"
"Decatur,IL,City","Decatur",0,1,8,19,61,125,6,2017,1,"IL","Decatur,IL","City",28,192,"Decatur","IL","https://ilucr.nibrs.com/AdvancedSearch/AdvancedSearch","State UCR","Open Source",68301,NA,NA,"","","",NA,"IL0580200","Decatur","IL","Midwest","East North Central",68301,"Decatur, IL","City","Midwest"
"Denton,TX,City","Denton",0,10,9,13,34,217,21,2018,4,"TX","Denton,TX","City",32,272,"Denton","TX","https://txucr.nibrs.com/SRSReport/CrimeTrends","State UCR","Open Source",155215,NA,NA,"","","",NA,"TX0610200","Denton","TX","South","West South Central",155215,"Denton, TX","City","South"
"Denton,TX,County","Denton",0,1,0,4,9,24,5,2017,1,"TX","Denton,TX","County",5,38,"Denton","TX","https://txucr.nibrs.com/SRSReport/CrimeTrends","State UCR","Open Source",160587,NA,NA,"","","",NA,"TX0610000","Denton","TX","South","West South Central",160587,"Denton, TX","County","South"
"Denver,CO,City","Denver",5,68,113,214,334,1252,410,2017,1,"CO","Denver,CO","City",400,1996,"Denver","CO","https://coloradocrimestats.state.co.us/public/View/dispview.aspx","State UCR","Open Source",712222,NA,NA,"","","",NA,"CODPD0000","Denver","CO","West","Mountain",712222,"Denver, CO","City","West"
"Desoto,TX,City","Desoto",1,6,9,10,39,97,21,2017,1,"TX","Desoto,TX","City",26,157,"Desoto","TX","https://txucr.nibrs.com/SRSReport/CrimeTrends","State UCR","Open Source",56257,NA,NA,"","","",NA,"TX0570800","Desoto","TX","South","West South Central",56257,"Desoto, TX","City","South"
"Detroit,MI,City","Detroit",22,65,229,557,772,1059,739,2017,1,"MI","Detroit,MI","City",873,2570,"Detroit","MI","https://data.detroitmi.gov/datasets/rms-crime-incidents","Agency RMS","Open Source",615501,NA,NA,"","","",NA,"MI8234900","Detroit","MI","Midwest","East North Central",615501,"Detroit, MI","City","Midwest"
"Douglas,CO,County","Douglas",1,26,1,10,43,133,23,2017,1,"CO","Douglas,CO","County",38,199,"Douglas","CO","https://coloradocrimestats.state.co.us/public/View/dispview.aspx","State UCR","Open Source",219477,NA,NA,"","","",NA,"CO0180000","Douglas","CO","West","Mountain",219477,"Douglas, CO","County","West"
"Duluth,MN,City","Duluth",0,6,7,18,34,226,13,2017,1,"MN","Duluth,MN","City",31,273,"Duluth","MN","https://cde.state.mn.us/","State UCR","Open Source",86570,NA,NA,"","","",NA,"MN0690600","Duluth","MN","Midwest","West North Central",86570,"Duluth, MN","City","Midwest"
"Dunwoody,GA,City","Dunwoody",0,1,0,3,9,138,14,2017,1,"GA","Dunwoody,GA","City",4,161,"Dunwoody","GA","https://www.dunwoodyga.gov/police/crime-info-stats/crime-comparison","Agency Aggregated","Open Source",52505,NA,NA,"","","",NA,"GA0447100","Dunwoody","GA","South","South Atlantic",52505,"Dunwoody, GA","City","South"
"Durham,NC,City","Durham",2,6,111,165,216,562,71,2017,1,"NC","Durham,NC","City",284,849,"Durham","NC","From NC","State UCR","Provided by State UCR Program",295788,NA,NA,"","","",NA,"NC0320100","Durham","NC","South","South Atlantic",295788,"Durham, NC","City","South"
"Eagan,MN,City","Eagan",1,1,3,1,6,82,3,2017,1,"MN","Eagan,MN","City",6,91,"Eagan","MN","https://cde.state.mn.us/","State UCR","Open Source",66943,NA,NA,"Inferred Aug 2020 from annual average","","",NA,"MN0190800","Eagan","MN","Midwest","West North Central",66943,"Eagan, MN","City","Midwest"
"East Baton Rouge,LA,County","East Baton Rouge",0,0,17,11,104,518,27,2017,1,"LA","East Baton Rouge,LA","County",28,649,"East Baton Rouge","LA","https://data.brla.gov/Public-Safety/EBR-Sheriff-s-Office-Crime-Incidents/7y8j-nrht/explore/query/SELECT%0A%20%20%60incident_number%60%2C%0A%20%20%60charge_id%60%2C%0A%20%20%60charge_date%60%2C%0A%20%20%60report_date%60%2C%0A%20%20%60approved_date%60%2C%0A%20%20%60attempted_committed%60%2C%0A%20%20%60street%60%2C%0A%20%20%60street_2%60%2C%0A%20%20%60city%60%2C%0A%20%20%60state%60%2C%0A%20%20%60postal_code%60%2C%0A%20%20%60district%60%2C%0A%20%20%60zone%60%2C%0A%20%20%60sub_zone%60%2C%0A%20%20%60statute_title%60%2C%0A%20%20%60statute_description%60%2C%0A%20%20%60statute_category%60%2C%0A%20%20%60crime_against%60%2C%0A%20%20%60nibrs_code%60%2C%0A%20%20%60offense_description%60%2C%0A%20%20%60census_block_group%60%2C%0A%20%20%60council_district%60%2C%0A%20%20%60crime_prevention_district%60%2C%0A%20%20%60neighborhood%60%2C%0A%20%20%60longitude%60%2C%0A%20%20%60latitude%60%2C%0A%20%20%60geolocation%60%0AORDER%20BY%20%60report_date%60%20DESC%20NULL%20FIRST/page/filter","Agency RMS","Open Source",197853,NA,NA,"","","",NA,"LA0170000","East Baton Rouge","LA","South","West South Central",197853,"East Baton Rouge, LA","County","South"
"East Hartford,CT,City","East Hartford",0,3,9,2,8,62,21,2017,1,"CT","East Hartford,CT","City",14,91,"East Hartford","CT","https://ct.beyond2020.com/ct_public/Dim/dimension.aspx","State UCR","Open Source",50625,NA,NA,"","","",NA,"CT0004300","East Hartford","CT","Northeast","New England",50625,"East Hartford, CT","City","Northeast"
"Eau Claire,WI,City","Eau Claire",0,1,2,14,26,132,6,2018,6,"WI","Eau Claire,WI","City",17,164,"Eau Claire","WI","From WI","State UCR","Provided by State UCR Program",69859,NA,NA,"","","",NA,"WI0180100","Eau Claire","WI","Midwest","East North Central",69859,"Eau Claire,WI","City","Midwest"
"Eden Prairie,MN,City","Eden Prairie",0,0,0,0,0,37,2,2017,1,"MN","Eden Prairie,MN","City",0,39,"Eden Prairie","MN","https://cde.state.mn.us/","State UCR","Open Source",61645,NA,NA,"","","",NA,"MN0272600","Eden Prairie","MN","Midwest","West North Central",61645,"Eden Prairie, MN","City","Midwest"
"Edina,MN,City","Edina",0,0,1,0,5,52,1,2017,1,"MN","Edina,MN","City",1,58,"Edina","MN","https://cde.state.mn.us/","State UCR","Open Source",51980,NA,NA,"","","",NA,"MN0270600","Edina","MN","Midwest","West North Central",51980,"Edina, MN","City","Midwest"
"Edinburg,TX,City","Edinburg",0,7,8,18,31,205,10,2018,5,"TX","Edinburg,TX","City",33,246,"Edinburg","TX","https://txucr.nibrs.com/SRSReport/CrimeTrends","State UCR","Open Source",106137,NA,NA,"","","",NA,"TX1080400","Edinburg","TX","South","West South Central",106137,"Edinburg, TX","City","South"
"El Cajon,CA,City","El Cajon",1,8,22,42,50,144,35,2019,1,"CA","El Cajon,CA","City",73,229,"El Cajon","CA","https://crimestats.arjis.org/default.aspx","Agency Aggregated","Open Source",103569,NA,NA,"","","",NA,"CA0370500","El Cajon","CA","West","Pacific",103569,"El Cajon, CA","City","West"
"El Paso,CO,County","El Paso",0,24,1,20,35,162,18,2017,1,"CO","El Paso,CO","County",45,215,"El Paso","CO","https://coloradocrimestats.state.co.us/public/View/dispview.aspx","State UCR","Open Source",207095,NA,NA,"","","",NA,"CO0210000","El Paso","CO","West","Mountain",207095,"El Paso, CO","County","West"
"El Paso,TX,City","El Paso",3,28,36,153,91,894,71,2017,1,"TX","El Paso,TX","City",220,1056,"El Paso","TX","https://txucr.nibrs.com/SRSReport/CrimeTrends","State UCR","Open Source",676665,NA,NA,"","","",NA,"TX0710200","El Paso","TX","South","West South Central",676665,"El Paso, TX","City","South"
"El Paso,TX,County","El Paso",0,6,1,18,22,43,6,2017,1,"TX","El Paso,TX","County",25,71,"El Paso","TX","https://txucr.nibrs.com/SRSReport/CrimeTrends","State UCR","Open Source",116599,NA,NA,"","","",NA,"TX0710000","El Paso","TX","South","West South Central",116599,"El Paso, TX","County","South"
"Erie,PA,City","Erie",0,4,4,14,36,81,3,2018,4,"PA","Erie,PA","City",22,120,"Erie","PA","https://www.ucr.pa.gov/PAUCRSPUBLIC/SRSReport/CrimeTrends","State UCR","Open Source",92920,NA,NA,"","","",NA,"PA0250200","Erie","PA","Northeast","Middle Atlantic",92920,"Erie, PA","City","Northeast"
"Escondido,CA,City","Escondido",0,4,13,25,29,147,40,2023,1,"CA","Escondido,CA","City",42,216,"Escondido","CA","https://crimestats.arjis.org/default.aspx","Agency Aggregated","Open Source",149837,NA,NA,"","","",NA,"CA0370600","Escondido","CA","West","Pacific",149837,"Escondido, CA","City","West"
"Eugene,OR,City","Eugene",1,11,10,16,94,360,47,2017,1,"OR","Eugene,OR","City",38,501,"Eugene","OR","https://www.oregon.gov/osp/pages/uniform-crime-reporting-data.aspx","State UCR","Open Source",178191,NA,NA,"","","",NA,"OR0200200","Eugene","OR","West","Pacific",178191,"Eugene, OR","City","West"
"Euless,TX,City","Euless",0,0,4,4,12,83,8,2018,5,"TX","Euless,TX","City",8,103,"Euless","TX","https://txucr.nibrs.com/SRSReport/CrimeTrends","State UCR","Open Source",59722,NA,NA,"","","",NA,"TX2200900","Euless","TX","South","West South Central",59722,"Euless, TX","City","South"
"Evanston,IL,City","Evanston",0,0,0,2,27,96,6,2017,1,"IL","Evanston,IL","City",2,129,"Evanston","IL","https://ilucr.nibrs.com/AdvancedSearch/AdvancedSearch","State UCR","Open Source",74413,NA,NA,"","","",NA,"IL0163200","Evanston","IL","Midwest","East North Central",74413,"Evanston, IL","City","Midwest"
"Fairfield,CT,City","Fairfield",0,3,1,0,1,32,8,2017,1,"CT","Fairfield,CT","City",4,41,"Fairfield","CT","https://ct.beyond2020.com/ct_public/Dim/dimension.aspx","State UCR","Open Source",63588,NA,NA,"","","",NA,"CT0005100","Fairfield","CT","Northeast","New England",63588,"Fairfield, CT","City","Northeast"
"Fargo,ND,City","Fargo",0,11,6,20,45,197,15,2017,2,"ND","Fargo,ND","City",37,257,"Fargo","ND","https://crimestats.nd.gov/public/View/RSReport.aspx?ReportId=94","State UCR","Open Source",134268,NA,NA,"","","",NA,"ND0090200","Fargo","ND","Midwest","West North Central",134268,"Fargo, ND","City","Midwest"
"Flower Mound,TX,City","Flower Mound",0,1,1,3,3,40,0,2017,1,"TX","Flower Mound,TX","City",5,43,"Flower Mound","TX","https://txucr.nibrs.com/SRSReport/CrimeTrends","State UCR","Open Source",79513,NA,NA,"","","",NA,"TX0611200","Flower Mound","TX","South","West South Central",79513,"Flower Mound, TX","City","South"
"Fontana,CA,City","Fontana",4,NA,13,NA,83,200,75,2017,1,"CA","Fontana,CA","City",17,358,"Fontana","CA","https://www.fontanaca.gov/CivicAlerts.aspx?CID=32","Agency Aggregated","Open Source",214429,NA,NA,"Inferred Jan - Aug 2021 from annual reported total","","",NA,"CA0360400","Fontana","CA","West","Pacific",214429,"Fontana, CA","City","West"
"Forsyth,NC,County","Forsyth",0,0,1,15,39,168,12,2017,1,"NC","Forsyth,NC","County",16,219,"Forsyth","NC","From NC","State UCR","Provided by State UCR Program",111773,NA,NA,"Inferred Dec 2018 - Jun 2019 from 2018 average","","",NA,"NC0340000","Forsyth","NC","South","South Atlantic",111773,"Forsyth, NC","County","South"
"Fort Bend,TX,County","Fort Bend",1,7,14,48,75,257,13,2017,1,"TX","Fort Bend,TX","County",70,345,"Fort Bend","TX","https://txucr.nibrs.com/SRSReport/CrimeTrends","State UCR","Open Source",578695,NA,NA,"","","",NA,"TX0790000","Fort Bend","TX","South","West South Central",578695,"Fort Bend, TX","County","South"
"Fort Collins,CO,City","Fort Collins",0,4,2,14,46,266,22,2017,1,"CO","Fort Collins,CO","City",20,334,"Fort Collins","CO","https://coloradocrimestats.state.co.us/public/View/dispview.aspx","State UCR","Open Source",168886,NA,NA,"","","",NA,"CO0350300","Fort Collins","CO","West","Mountain",168886,"Fort Collins, CO","City","West"
"Fort Worth,TX,City","Fort Worth",4,57,80,222,397,1545,222,2018,6,"TX","Fort Worth,TX","City",363,2164,"Fort Worth","TX","https://txucr.nibrs.com/SRSReport/CrimeTrends","State UCR","Open Source",973722,NA,NA,"","","",NA,"TX2201200","Fort Worth","TX","South","West South Central",973722,"Fort Worth, TX","City","South"
"Franklin,TN,City","Franklin",0,3,2,14,6,86,3,2017,1,"TN","Franklin,TN","City",19,95,"Franklin","TN","https://crimeinsight.tbi.tn.gov/public/View/dispview.aspx","State UCR","Open Source",88315,NA,NA,"","","",NA,"TN0940100","Franklin","TN","South","East South Central",88315,"Franklin, TN","City","South"
"Frisco,TX,City","Frisco",0,5,4,6,39,153,2,2017,1,"TX","Frisco,TX","City",15,194,"Frisco","TX","https://txucr.nibrs.com/SRSReport/CrimeTrends","State UCR","Open Source",228527,NA,NA,"","","",NA,"TX0430400","Frisco","TX","South","West South Central",228527,"Frisco, TX","City","South"
"Galveston,TX,City","Galveston",1,9,4,6,14,87,10,2018,5,"TX","Galveston,TX","City",20,111,"Galveston","TX","https://txucr.nibrs.com/SRSReport/CrimeTrends","State UCR","Open Source",52810,NA,NA,"","","",NA,"TX0840400","Galveston","TX","South","West South Central",52810,"Galveston, TX","City","South"
"Garland,TX,City","Garland",3,5,39,27,125,491,71,2017,1,"TX","Garland,TX","City",74,687,"Garland","TX","https://txucr.nibrs.com/SRSReport/CrimeTrends","State UCR","Open Source",240051,NA,NA,"","","",NA,"TX0571100","Garland","TX","South","West South Central",240051,"Garland, TX","City","South"
"Gastonia,NC,City","Gastonia",0,2,14,26,61,262,21,2017,1,"NC","Gastonia,NC","City",42,344,"Gastonia","NC","From NC","State UCR","Provided by State UCR Program",83739,NA,NA,"","","",NA,"NC0360600","Gastonia","NC","South","South Atlantic",83739,"Gastonia, NC","City","South"
"Georgetown,TX,City","Georgetown",0,4,1,2,6,46,5,2018,6,"TX","Georgetown,TX","City",7,57,"Georgetown","TX","https://txucr.nibrs.com/SRSReport/CrimeTrends","State UCR","Open Source",87871,NA,NA,"","","",NA,"TX2460200","Georgetown","TX","South","West South Central",87871,"Georgetown, TX","City","South"
"Gilbert,AZ,City","Gilbert",0,8,2,10,35,230,10,2017,1,"AZ","Gilbert,AZ","City",20,275,"Gilbert","AZ","https://azcrimestatistics.azdps.gov/","State UCR","Open Source",278495,NA,NA,"","","",NA,"AZ0071100","Gilbert","AZ","West","Mountain",278495,"Gilbert, AZ","City","West"
"Glendale,CA,City","Glendale",0,2,9,18,61,208,32,2017,1,"CA","Glendale,CA","City",29,301,"Glendale","CA","https://www.glendaleca.gov/government/departments/police-department/community-outreach-resources-and-engagement-c-o-r-e/crime-prevention-programs-resources/crime-statistics-booking-logs","Agency Aggregated","Open Source",185923,NA,NA,"","","",NA,"CA0192500","Glendale","CA","West","Pacific",185923,"Glendale, CA","City","West"
"Goodyear,AZ,City","Goodyear",0,2,4,12,38,146,12,2017,1,"AZ","Goodyear,AZ","City",18,196,"Goodyear","AZ","https://azcrimestatistics.azdps.gov/","State UCR","Open Source",109929,NA,NA,"","","",NA,"AZ0071500","Goodyear","AZ","West","Mountain",109929,"Goodyear, AZ","City","West"
"Grand Forks,ND,City","Grand Forks",0,2,0,5,28,95,10,2017,1,"ND","Grand Forks,ND","City",7,133,"Grand Forks","ND","https://crimestats.nd.gov/public/View/RSReport.aspx?ReportId=94","State UCR","Open Source",58470,NA,NA,"","","",NA,"ND0180100","Grand Forks","ND","Midwest","West North Central",58470,"Grand Forks, ND","City","Midwest"
"Grand Island,NE,City","Grand Island",0,2,0,10,32,87,7,2017,2,"NE","Grand Island,NE","City",12,126,"Grand Island","NE","https://crimestats.ne.gov/public/View/RSReport.aspx?ReportId=1082","State UCR","Open Source",52264,NA,NA,"","","",NA,"NB0400100","Grand Island","NE","Midwest","West North Central",52264,"Grand Island, NE","City","Midwest"
"Grand Junction,CO,City","Grand Junction",0,6,2,24,30,186,11,2017,1,"CO","Grand Junction,CO","City",32,227,"Grand Junction","CO","https://coloradocrimestats.state.co.us/public/View/dispview.aspx","State UCR","Open Source",69240,NA,NA,"","","",NA,"CO0390100","Grand Junction","CO","West","Mountain",69240,"Grand Junction, CO","City","West"
"Grand Prairie,TX,City","Grand Prairie",0,11,17,8,79,289,55,2017,1,"TX","Grand Prairie,TX","City",36,423,"Grand Prairie","TX","https://txucr.nibrs.com/SRSReport/CrimeTrends","State UCR","Open Source",205487,NA,NA,"","","",NA,"TX0571200","Grand Prairie","TX","South","West South Central",205487,"Grand Prairie, TX","City","South"
"Grand Rapids,MI,City","Grand Rapids",1,11,16,89,41,289,82,2017,1,"MI","Grand Rapids,MI","City",117,412,"Grand Rapids","MI","https://grpd-grandrapids.hub.arcgis.com/","Agency RMS","Open Source",196019,NA,NA,"","","",NA,"MI4143600","Grand Rapids","MI","Midwest","East North Central",196019,"Grand Rapids, MI","City","Midwest"
"Grapevine,TX,City","Grapevine",0,1,1,5,0,84,7,2018,4,"TX","Grapevine,TX","City",7,91,"Grapevine","TX","https://txucr.nibrs.com/SRSReport/CrimeTrends","State UCR","Open Source",51458,NA,NA,"","","",NA,"TX2201300","Grapevine","TX","South","West South Central",51458,"Grapevine, TX","City","South"
"Greeley,CO,City","Greeley",0,6,4,15,38,185,35,2017,1,"CO","Greeley,CO","City",25,258,"Greeley","CO","https://coloradocrimestats.state.co.us/public/View/dispview.aspx","State UCR","Open Source",109183,NA,NA,"","","",NA,"CO0620200","Greeley","CO","West","Mountain",109183,"Greeley, CO","City","West"
"Greensboro,NC,City","Greensboro",2,6,43,112,192,571,47,2017,1,"NC","Greensboro,NC","City",163,810,"Greensboro","NC","From NC","State UCR","Provided by State UCR Program",303237,NA,NA,"","","",NA,"NC0410200","Greensboro","NC","South","South Atlantic",303237,"Greensboro, NC","City","South"
"Greenville,NC,City","Greenville",0,1,12,15,99,233,10,2017,1,"NC","Greenville,NC","City",28,342,"Greenville","NC","From NC","State UCR","Provided by State UCR Program",90048,NA,NA,"","","",NA,"NC0740300","Greenville","NC","South","South Atlantic",90048,"Greenville, NC","City","South"
"Gresham,OR,City","Gresham",1,8,12,15,25,218,119,2017,1,"OR","Gresham,OR","City",36,362,"Gresham","OR","https://www.oregon.gov/osp/pages/uniform-crime-reporting-data.aspx","State UCR","Open Source",110225,NA,NA,"","","",NA,"OR0260100","Gresham","OR","West","Pacific",110225,"Gresham, OR","City","West"
"Guilford,NC,County","Guilford",0,0,2,11,50,68,5,2017,1,"NC","Guilford,NC","County",13,123,"Guilford","NC","From NC","State UCR","Provided by State UCR Program",130423,NA,NA,"","","",NA,"NC0410000","Guilford","NC","South","South Atlantic",130423,"Guilford, NC","County","South"
"Harlingen,TX,City","Harlingen",0,1,3,15,44,233,9,2017,1,"TX","Harlingen,TX","City",19,286,"Harlingen","TX","https://txucr.nibrs.com/SRSReport/CrimeTrends","State UCR","Open Source",71581,NA,NA,"","","",NA,"TX0310300","Harlingen","TX","South","West South Central",71581,"Harlingen, TX","City","South"
"Harris,TX,County","Harris",11,44,321,449,738,2524,505,2017,1,"TX","Harris,TX","County",825,3767,"Harris","TX","https://txucr.nibrs.com/SRSReport/CrimeTrends","State UCR","Open Source",2057899,NA,NA,"","","",NA,"TX1010000","Harris","TX","South","West South Central",2057899,"Harris, TX","County","South"
"Harrisburg,PA,City","Harrisburg",0,6,15,17,41,67,24,2017,1,"PA","Harrisburg,PA","City",38,132,"Harrisburg","PA","https://www.ucr.pa.gov/PAUCRSPUBLIC/SRSReport/CrimeTrends","State UCR","Open Source",50229,NA,NA,"","","",NA,"PA0220200","Harrisburg","PA","Northeast","Middle Atlantic",50229,"Harrisburg, PA","City","Northeast"
"Hartford,CT,City","Hartford",4,6,34,71,53,289,68,2017,1,"CT","Hartford,CT","City",115,410,"Hartford","CT","https://ct.beyond2020.com/ct_public/Dim/dimension.aspx","State UCR","Open Source",120710,NA,NA,"","","",NA,"CT0006400","Hartford","CT","Northeast","New England",120710,"Hartford, CT","City","Northeast"
"Haverford,PA,City","Haverford",0,0,1,2,0,21,2,2018,4,"PA","Haverford,PA","City",3,23,"Haverford","PA","https://www.ucr.pa.gov/PAUCRSPUBLIC/SRSReport/CrimeTrends","State UCR","Open Source",50505,NA,NA,"","","",NA,"PA0231400","Haverford","PA","Northeast","Middle Atlantic",50505,"Haverford, PA","City","Northeast"
"Hays,TX,County","Hays",1,4,2,8,11,40,3,2017,1,"TX","Hays,TX","County",15,54,"Hays","TX","https://txucr.nibrs.com/SRSReport/CrimeTrends","State UCR","Open Source",130433,NA,NA,"","","",NA,"TX1050000","Hays","TX","South","West South Central",130433,"Hays, TX","County","South"
"Henderson,NV,City","Henderson",0,9,17,20,106,320,50,2017,1,"NV","Henderson,NV","City",46,476,"Henderson","NV","https://nevadacrimestats.nv.gov/public/View/dispview.aspx","State UCR","Open Source",337794,NA,NA,"","","",NA,"NV0020300","Henderson","NV","West","Mountain",337794,"Henderson, NV","City","West"
"Hendersonville,TN,City","Hendersonville",1,3,2,1,6,56,0,2018,3,"TN","Hendersonville,TN","City",7,62,"Hendersonville","TN","https://crimeinsight.tbi.tn.gov/public/View/dispview.aspx","State UCR","Open Source",63291,NA,NA,"","","",NA,"TN0830400","Hendersonville","TN","South","East South Central",63291,"Hendersonville, TN","City","South"
"Hidalgo,TX,County","Hidalgo",3,15,15,37,120,237,27,2017,1,"TX","Hidalgo,TX","County",70,384,"Hidalgo","TX","https://txucr.nibrs.com/SRSReport/CrimeTrends","State UCR","Open Source",260352,NA,NA,"","","",NA,"TX1080000","Hidalgo","TX","South","West South Central",260352,"Hidalgo, TX","County","South"
"High Point,NC,City","High Point",1,2,20,44,92,263,25,2017,1,"NC","High Point,NC","City",67,380,"High Point","NC","From NC","State UCR","Provided by State UCR Program",115490,NA,NA,"","","",NA,"NC0410300","High Point","NC","South","South Atlantic",115490,"High Point, NC","City","South"
"Hillsboro,OR,City","Hillsboro",0,8,3,15,18,136,25,2017,1,"OR","Hillsboro,OR","City",26,179,"Hillsboro","OR","https://www.oregon.gov/osp/pages/uniform-crime-reporting-data.aspx","State UCR","Open Source",107459,NA,NA,"","","",NA,"OR0340300","Hillsboro","OR","West","Pacific",107459,"Hillsboro, OR","City","West"
"Honolulu,HI,City","Honolulu",4,NA,78,82,252,1782,332,2017,1,"HI","Honolulu,HI","City",164,2366,"Honolulu","HI","https://www.honolulupd.org/dashboard/crime-by-category/","Agency Aggregated","Open Source",987546,NA,NA,"","","",NA,"HI0020000","Honolulu","HI","West","Pacific",987546,"Honolulu, HI","City","West"
"Houston,TX,City","Houston",28,89,646,1234,1283,5323,974,2018,4,"TX","Houston,TX","City",1997,7580,"Houston","TX","https://txucr.nibrs.com/SRSReport/CrimeTrends","State UCR","Open Source",2304406,NA,NA,"","","",NA,"TXHPD0000","Houston","TX","South","West South Central",2304406,"Houston, TX","City","South"
"Huntersville,NC,City","Huntersville",0,0,2,3,9,99,3,2017,1,"NC","Huntersville,NC","City",5,111,"Huntersville","NC","From NC","State UCR","Provided by State UCR Program",63781,NA,NA,"","","",NA,"NC0600600","Huntersville","NC","South","South Atlantic",63781,"Huntersville, NC","City","South"
"Idaho Falls,ID,City","Idaho Falls",2,2,1,25,22,47,2,2017,1,"ID","Idaho Falls,ID","City",30,71,"Idaho Falls","ID","https://nibrs.isp.idaho.gov/CrimeInIdaho/AdvancedSearch/AdvancedSearch","State UCR","Open Source",68662,NA,NA,"","","",NA,"ID0100200","Idaho Falls","ID","West","Mountain",68662,"Idaho Falls, ID","City","West"
"Independence,MO,City","Independence",2,3,20,38,56,375,90,2017,1,"MO","Independence,MO","City",63,521,"Independence","MO","https://showmecrime.mo.gov/","State UCR","Open Source",120326,NA,NA,"","","",NA,"MO0480600","Independence","MO","Midwest","West North Central",120326,"Independence, MO","City","Midwest"
"Indianapolis,IN,City","Indianapolis",9,45,379,974,989,2324,496,2017,1,"IN","Indianapolis,IN","City",1407,3809,"Indianapolis","IN","https://www.indy.gov/agency/indianapolis-metropolitan-police-department","Agency Aggregated","Provided by Agency",887131,NA,NA,"","","",NA,"INIPD0000","Indianapolis","IN","Midwest","East North Central",887131,"Indianapolis, IN","City","Midwest"
"Iredell,NC,County","Iredell",2,0,3,19,35,72,10,2017,1,"NC","Iredell,NC","County",24,117,"Iredell","NC","From NC","State UCR","Provided by State UCR Program",111895,NA,NA,"","","",NA,"NC0490000","Iredell","NC","South","South Atlantic",111895,"Iredell, NC","County","South"
"Irving,TX,City","Irving",1,3,13,24,86,371,56,2017,1,"TX","Irving,TX","City",41,513,"Irving","TX","https://txucr.nibrs.com/SRSReport/CrimeTrends","State UCR","Open Source",255203,NA,NA,"","","",NA,"TX0571500","Irving","TX","South","West South Central",255203,"Irving, TX","City","South"
"Jackson,TN,City","Jackson",0,3,5,29,48,208,13,2017,1,"TN","Jackson,TN","City",37,269,"Jackson","TN","https://crimeinsight.tbi.tn.gov/public/View/dispview.aspx","State UCR","Open Source",68470,NA,NA,"","","",NA,"TN0570100","Jackson","TN","South","East South Central",68470,"Jackson, TN","City","South"
"Jefferson,CO,County","Jefferson",0,6,2,25,37,160,15,2017,1,"CO","Jefferson,CO","County",33,212,"Jefferson","CO","https://coloradocrimestats.state.co.us/public/View/dispview.aspx","State UCR","Open Source",194994,NA,NA,"","","",NA,"CO0300000","Jefferson","CO","West","Mountain",194994,"Jefferson, CO","County","West"
"Jefferson,LA,County","Jefferson",6,2,47,79,135,696,74,2017,1,"LA","Jefferson,LA","County",134,905,"Jefferson","LA","https://jpso.com/Archive.aspx?AMID=38","Agency Aggregated","Open Source",321980,NA,NA,"","","",NA,"LA0260000","Jefferson","LA","South","West South Central",321980,"Jefferson, LA","County","South"
"Jefferson,MO,County","Jefferson",2,1,1,28,31,145,28,2017,1,"MO","Jefferson,MO","County",32,204,"Jefferson","MO","https://showmecrime.mo.gov/","State UCR","Open Source",167018,NA,NA,"","","",NA,"MO0500000","Jefferson","MO","Midwest","West North Central",167018,"Jefferson, MO","County","Midwest"
"Johnson City,TN,City","Johnson City",0,0,2,11,22,202,8,2017,5,"TN","Johnson City,TN","City",13,232,"Johnson City","TN","https://crimeinsight.tbi.tn.gov/public/View/dispview.aspx","State UCR","Open Source",73225,NA,NA,"","","",NA,"TN0900100","Johnson City","TN","South","East South Central",73225,"Johnson City, TN","City","South"
"Johnston,NC,County","Johnston",0,2,3,7,66,66,14,2017,1,"NC","Johnston,NC","County",12,146,"Johnston","NC","From NC","State UCR","Provided by State UCR Program",177923,NA,NA,"","","",NA,"NC0510000","Johnston","NC","South","South Atlantic",177923,"Johnston, NC","County","South"
"Joplin,MO,City","Joplin",1,4,6,18,29,212,23,2017,1,"MO","Joplin,MO","City",29,264,"Joplin","MO","https://showmecrime.mo.gov/","State UCR","Open Source",52881,NA,NA,"","","",NA,"MO0490700","Joplin","MO","Midwest","West North Central",52881,"Joplin, MO","City","Midwest"
"Kannapolis,NC,City","Kannapolis",0,1,2,1,17,69,3,2017,1,"NC","Kannapolis,NC","City",4,89,"Kannapolis","NC","From NC","State UCR","Provided by State UCR Program",56479,NA,NA,"","","",NA,"NC0130200","Kannapolis","NC","South","South Atlantic",56479,"Kannapolis, NC","City","South"
"Kansas City,MO,City","Kansas City",13,40,173,452,434,1026,365,2017,1,"MO","Kansas City,MO","City",678,1825,"Kansas City","MO","https://showmecrime.mo.gov/","State UCR","Open Source",509855,NA,NA,"","","",NA,"MOKPD0000","Kansas City","MO","Midwest","West North Central",509855,"Kansas City, MO","City","Midwest"
"Kaufman,TX,County","Kaufman",0,2,1,11,16,31,6,2017,1,"TX","Kaufman,TX","County",14,53,"Kaufman","TX","https://txucr.nibrs.com/SRSReport/CrimeTrends","State UCR","Open Source",111179,NA,NA,"","","",NA,"TX1290000","Kaufman","TX","South","West South Central",111179,"Kaufman, TX","County","South"
"Kenosha,WI,City","Kenosha",0,5,4,11,25,100,8,2017,1,"WI","Kenosha,WI","City",20,133,"Kenosha","WI","From WI","State UCR","Provided by State UCR Program",97786,NA,NA,"","","",NA,"WI0300100","Kenosha","WI","Midwest","East North Central",97786,"Kenosha,WI","City","Midwest"
"Killeen,TX,City","Killeen",1,6,13,21,66,183,17,2018,4,"TX","Killeen,TX","City",41,266,"Killeen","TX","https://txucr.nibrs.com/SRSReport/CrimeTrends","State UCR","Open Source",161968,NA,NA,"","","",NA,"TX0140400","Killeen","TX","South","West South Central",161968,"Killeen, TX","City","South"
"Kingsport,TN,City","Kingsport",2,2,8,25,25,165,18,2017,1,"TN","Kingsport,TN","City",37,208,"Kingsport","TN","https://crimeinsight.tbi.tn.gov/public/View/dispview.aspx","State UCR","Open Source",56522,NA,NA,"","","",NA,"TN0820200","Kingsport","TN","South","East South Central",56522,"Kingsport, TN","City","South"
"Knox,TN,County","Knox",0,2,5,45,71,199,27,2017,1,"TN","Knox,TN","County",52,297,"Knox","TN","https://crimeinsight.tbi.tn.gov/public/View/dispview.aspx","State UCR","Open Source",304331,NA,NA,"","","",NA,"TN0470000","Knox","TN","South","East South Central",304331,"Knox, TN","County","South"
"Knoxville,TN,City","Knoxville",1,15,22,90,114,520,89,2018,4,"TN","Knoxville,TN","City",128,723,"Knoxville","TN","https://crimeinsight.tbi.tn.gov/public/View/dispview.aspx","Agency Aggregated","Provided by Agency",198132,NA,NA,"","","",NA,"TN0470100","Knoxville","TN","South","East South Central",198132,"Knoxville, TN","City","South"
"Kyle,TX,City","Kyle",0,1,1,4,12,26,3,2017,1,"TX","Kyle,TX","City",6,41,"Kyle","TX","https://txucr.nibrs.com/SRSReport/CrimeTrends","State UCR","Open Source",63931,NA,NA,"","","",NA,"TX1050700","Kyle","TX","South","West South Central",63931,"Kyle, TX","City","South"
"La Crosse,WI,City","La Crosse",0,2,4,5,24,133,6,2017,1,"WI","La Crosse,WI","City",11,163,"La Crosse","WI","From WI","State UCR","Provided by State UCR Program",50759,NA,NA,"","","",NA,"WI0320100","La Crosse","WI","Midwest","East North Central",50759,"La Crosse,WI","City","Midwest"
"La Mesa,CA,City","La Mesa",0,0,1,5,16,60,12,2021,11,"CA","La Mesa,CA","City",6,88,"La Mesa","CA","https://crimestats.arjis.org/default.aspx","Agency Aggregated","Open Source",60008,NA,NA,"","","",NA,"CA0370800","La Mesa","CA","West","Pacific",60008,"La Mesa, CA","City","West"
"Lake Havasu City,AZ,City","Lake Havasu City",0,0,3,16,15,113,10,2017,1,"AZ","Lake Havasu City,AZ","City",19,138,"Lake Havasu City","AZ","https://azcrimestatistics.azdps.gov/","State UCR","Open Source",59720,NA,NA,"","","",NA,"AZ0080400","Lake Havasu City","AZ","West","Mountain",59720,"Lake Havasu City, AZ","City","West"
"Lakeville,MN,City","Lakeville",0,1,2,5,9,42,2,2017,1,"MN","Lakeville,MN","City",8,53,"Lakeville","MN","https://cde.state.mn.us/","State UCR","Open Source",76929,NA,NA,"","","",NA,"MN0191100","Lakeville","MN","Midwest","West North Central",76929,"Lakeville, MN","City","Midwest"
"Lancaster,PA,City","Lancaster",0,13,12,20,16,124,8,2017,1,"PA","Lancaster,PA","City",45,148,"Lancaster","PA","https://www.ucr.pa.gov/PAUCRSPUBLIC/SRSReport/CrimeTrends","State UCR","Open Source",57213,NA,NA,"","","",NA,"PA0360500","Lancaster","PA","Northeast","Middle Atlantic",57213,"Lancaster, PA","City","Northeast"
"Laredo,TX,City","Laredo",2,19,16,40,49,449,10,2018,4,"TX","Laredo,TX","City",77,508,"Laredo","TX","https://txucr.nibrs.com/SRSReport/CrimeTrends","State UCR","Open Source",256542,NA,NA,"","","",NA,"TX2400100","Laredo","TX","South","West South Central",256542,"Laredo, TX","City","South"
"League City,TX,City","League City",1,1,3,5,17,96,12,2017,1,"TX","League City,TX","City",10,125,"League City","TX","https://txucr.nibrs.com/SRSReport/CrimeTrends","State UCR","Open Source",115791,NA,NA,"","","",NA,"TX0840800","League City","TX","South","West South Central",115791,"League City, TX","City","South"
"Leander,TX,City","Leander",0,2,0,1,6,41,1,2018,4,"TX","Leander,TX","City",3,48,"Leander","TX","https://txucr.nibrs.com/SRSReport/CrimeTrends","State UCR","Open Source",82228,NA,NA,"","","",NA,"TX2461700","Leander","TX","South","West South Central",82228,"Leander, TX","City","South"
"Lee's Summit,MO,City","Lee's Summit",0,1,8,4,17,106,5,2017,1,"MO","Lee's Summit,MO","City",13,128,"Lee's Summit","MO","https://showmecrime.mo.gov/","State UCR","Open Source",104402,NA,NA,"","","",NA,"MO0480800","Lee's Summit","MO","Midwest","West North Central",104402,"Lee's Summit, MO","City","Midwest"
"Lewisville,TX,City","Lewisville",0,8,10,14,34,137,12,2017,1,"TX","Lewisville,TX","City",32,183,"Lewisville","TX","https://txucr.nibrs.com/SRSReport/CrimeTrends","State UCR","Open Source",133694,NA,NA,"","","",NA,"TX0610600","Lewisville","TX","South","West South Central",133694,"Lewisville, TX","City","South"
"Lincoln,NE,City","Lincoln",0,17,21,51,88,519,23,2017,1,"NE","Lincoln,NE","City",89,630,"Lincoln","NE","https://crimestats.ne.gov/public/View/RSReport.aspx?ReportId=1082","State UCR","Open Source",293155,NA,NA,"","","",NA,"NB0550100","Lincoln","NE","Midwest","West North Central",293155,"Lincoln, NE","City","Midwest"
"Little Elm,TX,City","Little Elm",0,3,1,4,0,14,0,2018,4,"TX","Little Elm,TX","City",8,14,"Little Elm","TX","https://txucr.nibrs.com/SRSReport/CrimeTrends","State UCR","Open Source",59954,NA,NA,"","","",NA,"TX0611300","Little Elm","TX","South","West South Central",59954,"Little Elm, TX","City","South"
"Little Rock,AR,City","Little Rock",3,14,55,231,173,858,119,2017,1,"AR","Little Rock,AR","City",303,1150,"Little Rock","AR","https://www.littlerock.gov/media/21988/part-i-offenses-by-month.pdf","Agency Aggregated","Open Source",202986,NA,NA,"","","",NA,"AR0600200","Little Rock","AR","South","West South Central",202986,"Little Rock, AR","City","South"
"Long Beach,CA,City","Long Beach",4,10,85,100,257,678,265,2017,1,"CA","Long Beach,CA","City",199,1200,"Long Beach","CA","https://www.longbeach.gov/police/crime-info/crime-statistics/","Agency Aggregated","Open Source",444415,NA,NA,"","","",NA,"CA0194100","Long Beach","CA","West","Pacific",444415,"Long Beach, CA","City","West"
"Longview,TX,City","Longview",0,5,10,19,68,194,26,2017,1,"TX","Longview,TX","City",34,288,"Longview","TX","https://txucr.nibrs.com/SRSReport/CrimeTrends","State UCR","Open Source",82981,NA,NA,"","","",NA,"TX0920500","Longview","TX","South","West South Central",82981,"Longview, TX","City","South"
"Los Angeles,CA,City","Los Angeles",33,NA,NA,NA,NA,NA,NA,2017,1,"CA","Los Angeles,CA","City",33,0,"Los Angeles","CA","https://www.lapdonline.org/","Agency Aggregated","Provided by Agency",3786018,NA,NA,"","","",NA,"CA0194200","Los Angeles","CA","West","Pacific",3786018,"Los Angeles, CA","City","West"
"Louisville,KY,City","Louisville",6,39,112,209,539,1757,382,2017,1,"KY","Louisville,KY","City",366,2678,"Louisville","KY","https://data.louisvilleky.gov/search?tags=lmpd","Agency RMS","Open Source",669468,NA,NA,"","","",NA,"KY0568000","Louisville","KY","South","East South Central",669468,"Louisville, KY","City","South"
"Loveland,CO,City","Loveland",0,3,1,9,7,107,10,2017,1,"CO","Loveland,CO","City",13,124,"Loveland","CO","https://coloradocrimestats.state.co.us/public/View/dispview.aspx","State UCR","Open Source",78656,NA,NA,"","","",NA,"CO0350400","Loveland","CO","West","Mountain",78656,"Loveland, CO","City","West"
"Lower Merion,PA,City","Lower Merion",0,0,2,1,3,41,1,2018,4,"PA","Lower Merion,PA","City",3,45,"Lower Merion","PA","https://www.ucr.pa.gov/PAUCRSPUBLIC/SRSReport/CrimeTrends","State UCR","Open Source",64350,NA,NA,"","","",NA,"PA0461400","Lower Merion","PA","Northeast","Middle Atlantic",64350,"Lower Merion, PA","City","Northeast"
"Lower Paxton,PA,City","Lower Paxton",0,2,4,4,3,37,1,2017,1,"PA","Lower Paxton,PA","City",10,41,"Lower Paxton","PA","https://www.ucr.pa.gov/PAUCRSPUBLIC/SRSReport/CrimeTrends","State UCR","Open Source",55204,NA,NA,"","","",NA,"PA0220400","Lower Paxton","PA","Northeast","Middle Atlantic",55204,"Lower Paxton, PA","City","Northeast"
"Manchester,NH,City","Manchester",0,9,16,39,45,157,12,2017,1,"NH","Manchester,NH","City",64,214,"Manchester","NH","https://www.manchesternh.gov/Departments/Police/Administrative-Division/Crime-Analysis/Interactive-Data-Dashboards","Agency Aggregated","Open Source",114963,NA,NA,"","","",NA,"NH0063400","Manchester","NH","Northeast","New England",114963,"Manchester, NH","City","Northeast"
"Mansfield,TX,City","Mansfield",0,5,1,2,5,62,5,2018,6,"TX","Mansfield,TX","City",8,72,"Mansfield","TX","https://txucr.nibrs.com/SRSReport/CrimeTrends","State UCR","Open Source",78788,NA,NA,"","","",NA,"TX2202000","Mansfield","TX","South","West South Central",78788,"Mansfield, TX","City","South"
"Manteca,CA,City","Manteca",1,0,8,3,26,149,31,2017,1,"CA","Manteca,CA","City",12,206,"Manteca","CA","https://www.manteca.gov/departments/police-department/crime-information","Agency Aggregated","Open Source",88518,NA,NA,"","","",NA,"CA0390300","Manteca","CA","West","Pacific",88518,"Manteca, CA","City","West"
"Maple Grove,MN,City","Maple Grove",0,0,1,3,8,79,6,2017,1,"MN","Maple Grove,MN","City",4,93,"Maple Grove","MN","https://cde.state.mn.us/","State UCR","Open Source",70729,NA,NA,"","","",NA,"MN0272700","Maple Grove","MN","Midwest","West North Central",70729,"Maple Grove, MN","City","Midwest"
"Marana,AZ,City","Marana",0,0,1,1,4,94,5,2017,1,"AZ","Marana,AZ","City",2,103,"Marana","AZ","https://azcrimestatistics.azdps.gov/","State UCR","Open Source",57718,NA,NA,"","","",NA,"AZ0100900","Marana","AZ","West","Mountain",57718,"Marana, AZ","City","West"
"Maricopa,AZ,City","Maricopa",0,1,0,2,13,59,9,2017,1,"AZ","Maricopa,AZ","City",3,81,"Maricopa","AZ","https://azcrimestatistics.azdps.gov/","State UCR","Open Source",70355,NA,NA,"","","",NA,"AZ0111700","Maricopa","AZ","West","Mountain",70355,"Maricopa, AZ","City","West"
"Mckinney,TX,City","Mckinney",0,7,7,7,23,163,22,2017,1,"TX","Mckinney,TX","City",21,208,"Mckinney","TX","https://txucr.nibrs.com/SRSReport/CrimeTrends","State UCR","Open Source",212716,NA,NA,"","","",NA,"TX0430500","Mckinney","TX","South","West South Central",212716,"Mckinney, TX","City","South"
"Memphis,TN,City","Memphis",18,61,335,668,802,2132,394,2017,1,"TN","Memphis,TN","City",1082,3328,"Memphis","TN","https://crimeinsight.tbi.tn.gov/public/View/dispview.aspx","Agency Aggregated","Open Source",616061,NA,NA,"","","",NA,"TNMPD0000","Memphis","TN","South","East South Central",616061,"Memphis, TN","City","South"
"Meriden,CT,City","Meriden",0,0,5,12,24,66,8,2017,1,"CT","Meriden,CT","City",17,98,"Meriden","CT","https://ct.beyond2020.com/ct_public/Dim/dimension.aspx","State UCR","Open Source",60054,NA,NA,"","","",NA,"CT0008000","Meriden","CT","Northeast","New England",60054,"Meriden, CT","City","Northeast"
"Meridian,ID,City","Meridian",0,4,2,11,3,39,4,2017,1,"ID","Meridian,ID","City",17,46,"Meridian","ID","https://nibrs.isp.idaho.gov/CrimeInIdaho/AdvancedSearch/AdvancedSearch","State UCR","Open Source",135239,NA,NA,"","","",NA,"ID0010300","Meridian","ID","West","Mountain",135239,"Meridian, ID","City","West"
"Mesa,AZ,City","Mesa",0,25,36,80,199,748,90,2017,1,"AZ","Mesa,AZ","City",141,1037,"Mesa","AZ","https://azcrimestatistics.azdps.gov/","State UCR","Open Source",515848,NA,NA,"","","",NA,"AZ0071700","Mesa","AZ","West","Mountain",515848,"Mesa, AZ","City","West"
"Miami Beach,FL,City","Miami Beach",0,8,25,21,47,603,39,2017,1,"FL","Miami Beach,FL","City",54,689,"Miami Beach","FL","https://www.miamibeachfl.gov/yourmbpd/monthlycrimesdatareport/","Agency Aggregated","Open Source",78824,NA,NA,"Population via FBI CIUS 2020","","",NA,"FL0130700","Miami Beach","FL","South","South Atlantic",78824,"Miami Beach, FL","City","South"
"Milford,CT,City","Milford",0,0,3,1,6,67,8,2017,1,"CT","Milford,CT","City",4,81,"Milford","CT","https://ct.beyond2020.com/ct_public/Dim/dimension.aspx","State UCR","Open Source",53011,NA,NA,"","","",NA,"CT0008400","Milford","CT","Northeast","New England",53011,"Milford, CT","City","Northeast"
"Millcreek,PA,City","Millcreek",0,1,0,15,5,32,0,2018,5,"PA","Millcreek,PA","City",16,37,"Millcreek","PA","https://www.ucr.pa.gov/PAUCRSPUBLIC/SRSReport/CrimeTrends","State UCR","Open Source",53119,NA,NA,"Erie County","","",NA,"PA0250300","Millcreek","PA","Northeast","Middle Atlantic",53119,"Millcreek, PA","City","Northeast"
"Milpitas,CA,City","Milpitas",0,NA,3,3,22,143,24,2017,1,"CA","Milpitas,CA","City",6,189,"Milpitas","CA","https://www.milpitas.gov/1107/Crime-and-Incident-Data","Agency Aggregated","Open Source",76573,NA,NA,"","","",NA,"CA0430800","Milpitas","CA","West","Pacific",76573,"Milpitas, CA","City","West"
"Milwaukee,WI,City","Milwaukee",11,30,270,457,466,912,399,2017,1,"WI","Milwaukee,WI","City",768,1777,"Milwaukee","WI","https://data.milwaukee.gov/dataset/wibr","Agency RMS","Open Source",558698,NA,NA,"","","",NA,"WIMPD0000","Milwaukee","WI","Midwest","East North Central",558698,"Milwaukee, WI","City","Midwest"
"Minneapolis,MN,City","Minneapolis",5,45,139,168,230,909,235,2017,1,"MN","Minneapolis,MN","City",357,1374,"Minneapolis","MN","https://cde.state.mn.us/","State UCR","Open Source",422341,NA,NA,"","","",NA,"MN0271100","Minneapolis","MN","Midwest","West North Central",422341,"Minneapolis, MN","City","Midwest"
"Minnetonka,MN,City","Minnetonka",0,0,1,1,9,58,2,2017,1,"MN","Minnetonka,MN","City",2,69,"Minnetonka","MN","https://cde.state.mn.us/","State UCR","Open Source",51791,NA,NA,"","","",NA,"MN0271200","Minnetonka","MN","Midwest","West North Central",51791,"Minnetonka, MN","City","Midwest"
"Missouri City,TX,City","Missouri City",0,2,4,2,5,42,2,2018,6,"TX","Missouri City,TX","City",8,49,"Missouri City","TX","https://txucr.nibrs.com/SRSReport/CrimeTrends","State UCR","Open Source",77560,NA,NA,"","","",NA,"TX0790100","Missouri City","TX","South","West South Central",77560,"Missouri City, TX","City","South"
"Montgomery,TX,County","Montgomery",2,3,4,32,89,225,39,2017,1,"TX","Montgomery,TX","County",41,353,"Montgomery","TX","https://txucr.nibrs.com/SRSReport/CrimeTrends","State UCR","Open Source",565355,NA,NA,"","","",NA,"TX1700000","Montgomery","TX","South","West South Central",565355,"Montgomery, TX","County","South"
"Mooresville,NC,City","Mooresville",0,1,1,6,18,113,4,2017,1,"NC","Mooresville,NC","City",8,135,"Mooresville","NC","From NC","State UCR","Provided by State UCR Program",53767,NA,NA,"","","",NA,"NC0490100","Mooresville","NC","South","South Atlantic",53767,"Mooresville, NC","City","South"
"Mount Prospect,IL,City","Mount Prospect",0,0,1,0,4,50,4,2017,1,"IL","Mount Prospect,IL","City",1,58,"Mount Prospect","IL","https://ilucr.nibrs.com/AdvancedSearch/AdvancedSearch","State UCR","Open Source",53932,NA,NA,"Inferred Jan-Mar 2021 counts from annual average","","",NA,"IL0167200","Mount Prospect","IL","Midwest","East North Central",53932,"Mount Prospect, IL","City","Midwest"
"Mount Vernon,NY,City","Mount Vernon",0,3,7,23,13,85,14,2017,1,"NY","Mount Vernon,NY","City",33,112,"Mount Vernon","NY","https://www.cmvny.com/518/Annual-Reports-Monthly-Crime-Stats-Histo","Agency Aggregated","Open Source",70812,NA,NA,"","","",NA,"NY0590300","Mount Vernon","NY","Northeast","Middle Atlantic",70812,"Mount Vernon, NY","City","Northeast"
"Murfreesboro,TN,City","Murfreesboro",0,10,6,36,55,271,18,2018,4,"TN","Murfreesboro,TN","City",52,344,"Murfreesboro","TN","https://crimeinsight.tbi.tn.gov/public/View/dispview.aspx","State UCR","Open Source",166916,NA,NA,"","","",NA,"TN0750100","Murfreesboro","TN","South","East South Central",166916,"Murfreesboro, TN","City","South"
"Murrieta,CA,City","Murrieta",0,2,3,2,25,108,20,2017,1,"CA","Murrieta,CA","City",7,153,"Murrieta","CA","https://www.murrietaca.gov/759/Police-Activity-Reports","Agency Aggregated","Open Source",115037,NA,NA,"Inferred Jan - Mar 2021","","",NA,"CA0334200","Murrieta","CA","West","Pacific",115037,"Murrieta, CA","City","West"
"Nashville,TN,City","Nashville",5,33,143,322,287,1302,158,2017,2,"TN","Nashville,TN","City",503,1747,"Nashville","TN","https://crimeinsight.tbi.tn.gov/public/View/dispview.aspx","Agency RMS","Open Source",690495,NA,NA,"","","",NA,"TN0190100","Nashville","TN","South","East South Central",690495,"Nashville, TN","City","South"
"National City,CA,City","National City",1,1,9,30,8,77,16,2021,11,"CA","National City,CA","City",41,101,"National City","CA","https://crimestats.arjis.org/default.aspx","Agency Aggregated","Open Source",55270,NA,NA,"","","",NA,"CA0370900","National City","CA","West","Pacific",55270,"National City, CA","City","West"
"New Braunfels,TX,City","New Braunfels",0,3,2,9,17,92,9,2017,1,"TX","New Braunfels,TX","City",14,118,"New Braunfels","TX","https://txucr.nibrs.com/SRSReport/CrimeTrends","State UCR","Open Source",111942,NA,NA,"","","",NA,"TX0460100","New Braunfels","TX","South","West South Central",111942,"New Braunfels, TX","City","South"
"New Britain,CT,City","New Britain",0,4,7,7,49,88,23,2017,1,"CT","New Britain,CT","City",18,160,"New Britain","CT","https://ct.beyond2020.com/ct_public/Dim/dimension.aspx","State UCR","Open Source",74609,NA,NA,"","","",NA,"CT0008900","New Britain","CT","Northeast","New England",74609,"New Britain, CT","City","Northeast"
"New Hanover,NC,County","New Hanover",0,0,4,8,38,112,5,2017,1,"NC","New Hanover,NC","County",12,155,"New Hanover","NC","From NC","State UCR","Provided by State UCR Program",105363,NA,NA,"","","",NA,"NC0650000","New Hanover","NC","South","South Atlantic",105363,"New Hanover, NC","County","South"
"New York City,NY,City","New York City",24,112,1246,1646,1097,3580,462,2017,1,"NY","New York City,NY","City",3028,5139,"New York City","NY","https://compstat.nypdonline.org/","Agency Aggregated","Open Source",8184044,NA,NA,"","","",NA,"NY0303000","New York City","NY","Northeast","Middle Atlantic",8184044,"New York City, NY","City","Northeast"
"North Bergen Township,NJ,City","North Bergen Township",0,0,3,5,6,27,3,2017,1,"NJ","North Bergen Township,NJ","City",8,36,"North Bergen Township","NJ","http://www.northbergenpolice.com/report/datasets/crime-statistics/","Agency Aggregated","Open Source",59147,NA,NA,"","","",NA,"NJ0090800","North Bergen Township","NJ","Northeast","Middle Atlantic",59147,"North Bergen Township, NJ","City","Northeast"
"North Richland Hills,TX,City","North Richland Hills",0,0,1,6,17,94,14,2018,6,"TX","North Richland Hills,TX","City",7,125,"North Richland Hills","TX","https://txucr.nibrs.com/SRSReport/CrimeTrends","State UCR","Open Source",70853,NA,NA,"","","",NA,"TX2202100","North Richland Hills","TX","South","West South Central",70853,"North Richland Hills, TX","City","South"
"O'Fallon,MO,City","O'Fallon",0,2,1,5,2,81,4,2017,1,"MO","O'Fallon,MO","City",8,87,"O'Fallon","MO","https://showmecrime.mo.gov/","State UCR","Open Source",94702,NA,NA,"","","",NA,"MO0920100","O'Fallon","MO","Midwest","West North Central",94702,"O'Fallon, MO","City","Midwest"
"Oak Lawn,IL,City","Oak Lawn",1,0,3,1,9,38,1,2017,1,"IL","Oak Lawn,IL","City",5,48,"Oak Lawn","IL","https://ilucr.nibrs.com/AdvancedSearch/AdvancedSearch","State UCR","Open Source",55368,NA,NA,"Inferred Jan 2021 counts from annual average","","",NA,"IL0168000","Oak Lawn","IL","Midwest","East North Central",55368,"Oak Lawn, IL","City","Midwest"
"Oceanside,CA,City","Oceanside",0,5,12,43,22,224,39,2020,12,"CA","Oceanside,CA","City",60,285,"Oceanside","CA","https://crimestats.arjis.org/default.aspx","Agency Aggregated","Open Source",171348,NA,NA,"","","",NA,"CA0371000","Oceanside","CA","West","Pacific",171348,"Oceanside, CA","City","West"
"Omaha,NE,City","Omaha",1,21,12,82,85,881,217,2025,1,"NE","Omaha,NE","City",116,1183,"Omaha","NE","https://police.cityofomaha.org/opd-crime-statistics","Agency Aggregated","Open Source",481471,NA,NA,"","","",NA,"NB0280200","Omaha","NE","Midwest","West North Central",481471,"Omaha, NE","City","Midwest"
"Oshkosh,WI,City","Oshkosh",0,1,4,11,13,77,5,2017,1,"WI","Oshkosh,WI","City",16,95,"Oshkosh","WI","https://www.oshkoshpd.com/MonthlyCrimeStats/Default.aspx","Agency Aggregated","Open Source",65548,NA,NA,"","","",NA,"WI0710300","Oshkosh","WI","Midwest","East North Central",65548,"Oshkosh, WI","City","Midwest"
"Palatine,IL,City","Palatine",0,0,2,1,3,36,1,2017,1,"IL","Palatine,IL","City",3,40,"Palatine","IL","https://ilucr.nibrs.com/AdvancedSearch/AdvancedSearch","State UCR","Open Source",64407,NA,NA,"Inferred Jan-Mar 2021 counts from annual average","","",NA,"IL0168400","Palatine","IL","Midwest","East North Central",64407,"Palatine, IL","City","Midwest"
"Parker,CO,City","Parker",0,2,0,4,6,36,3,2017,1,"CO","Parker,CO","City",6,45,"Parker","CO","https://coloradocrimestats.state.co.us/public/View/dispview.aspx","State UCR","Open Source",62431,NA,NA,"","","",NA,"CO0180500","Parker","CO","West","Mountain",62431,"Parker, CO","City","West"
"Parker,TX,County","Parker",0,4,1,3,13,39,5,2017,1,"TX","Parker,TX","County",8,57,"Parker","TX","https://txucr.nibrs.com/SRSReport/CrimeTrends","State UCR","Open Source",114776,NA,NA,"","","",NA,"TX1840000","Parker","TX","South","West South Central",114776,"Parker, TX","County","South"
"Pasadena,TX,City","Pasadena",0,6,16,39,55,247,35,2017,1,"TX","Pasadena,TX","City",61,337,"Pasadena","TX","https://txucr.nibrs.com/SRSReport/CrimeTrends","State UCR","Open Source",145850,NA,NA,"","","",NA,"TX1011500","Pasadena","TX","South","West South Central",145850,"Pasadena, TX","City","South"
"Pearland,TX,City","Pearland",1,3,1,9,26,158,8,2017,1,"TX","Pearland,TX","City",14,192,"Pearland","TX","https://txucr.nibrs.com/SRSReport/CrimeTrends","State UCR","Open Source",127433,NA,NA,"","","",NA,"TX0201000","Pearland","TX","South","West South Central",127433,"Pearland, TX","City","South"
"Pflugerville,TX,City","Pflugerville",0,4,2,5,10,79,2,2017,1,"TX","Pflugerville,TX","City",11,91,"Pflugerville","TX","https://txucr.nibrs.com/SRSReport/CrimeTrends","State UCR","Open Source",65599,NA,NA,"","","",NA,"TX2270900","Pflugerville","TX","South","West South Central",65599,"Pflugerville, TX","City","South"
"Pharr,TX,City","Pharr",0,3,2,5,24,100,6,2018,6,"TX","Pharr,TX","City",10,130,"Pharr","TX","https://txucr.nibrs.com/SRSReport/CrimeTrends","State UCR","Open Source",80359,NA,NA,"","","",NA,"TX1081100","Pharr","TX","South","West South Central",80359,"Pharr, TX","City","South"
"Philadelphia,PA,City","Philadelphia",30,111,582,591,544,2785,464,2017,1,"PA","Philadelphia,PA","City",1314,3793,"Philadelphia","PA","https://www.ucr.pa.gov/PAUCRSPUBLIC/SRSReport/CrimeTrends","State UCR","Open Source",1550843,NA,NA,"","","",NA,"PAPEP0000","Philadelphia","PA","Northeast","Middle Atlantic",1550843,"Philadelphia, PA","City","Northeast"
"Phoenix,AZ,City","Phoenix",13,91,261,705,937,3318,673,2018,5,"AZ","Phoenix,AZ","City",1070,4928,"Phoenix","AZ","https://www.phoenix.gov/administration/departments/police/crime-stats-data/crime-stats-maps.html","Agency Aggregated","Open Source",1660686,NA,NA,"","","",NA,"AZ0072300","Phoenix","AZ","West","Mountain",1660686,"Phoenix, AZ","City","West"
"Pima,AZ,County","Pima",2,4,12,23,173,546,68,2017,1,"AZ","Pima,AZ","County",41,787,"Pima","AZ","https://azcrimestatistics.azdps.gov/","State UCR","Open Source",365222,NA,NA,"Inferred Jan-Feb 2019 from annual average","","",NA,"AZ0100000","Pima","AZ","West","Mountain",365222,"Pima, AZ","County","West"
"Pittsburgh,PA,City","Pittsburgh",4,9,91,105,167,695,69,2017,1,"PA","Pittsburgh,PA","City",209,931,"Pittsburgh","PA","https://www.ucr.pa.gov/PAUCRSPUBLIC/SRSReport/CrimeTrends","State UCR","Open Source",304825,NA,NA,"","","",NA,"PAPPD0000","Pittsburgh","PA","Northeast","Middle Atlantic",304825,"Pittsburgh, PA","City","Northeast"
"Plano,TX,City","Plano",1,9,9,20,59,363,37,2017,1,"TX","Plano,TX","City",39,459,"Plano","TX","https://txucr.nibrs.com/SRSReport/CrimeTrends","State UCR","Open Source",291140,NA,NA,"","","",NA,"TX0430600","Plano","TX","South","West South Central",291140,"Plano, TX","City","South"
"Plymouth,MN,City","Plymouth",0,2,1,2,16,62,3,2017,1,"MN","Plymouth,MN","City",5,81,"Plymouth","MN","https://cde.state.mn.us/","State UCR","Open Source",77576,NA,NA,"","","",NA,"MN0271700","Plymouth","MN","Midwest","West North Central",77576,"Plymouth, MN","City","Midwest"
"Pocatello,ID,City","Pocatello",0,1,1,16,32,75,10,2017,1,"ID","Pocatello,ID","City",18,117,"Pocatello","ID","https://nibrs.isp.idaho.gov/CrimeInIdaho/AdvancedSearch/AdvancedSearch","State UCR","Open Source",58390,NA,NA,"","","",NA,"ID0030200","Pocatello","ID","West","Mountain",58390,"Pocatello, ID","City","West"
"Port Arthur,TX,City","Port Arthur",1,0,11,20,51,95,15,2017,1,"TX","Port Arthur,TX","City",32,161,"Port Arthur","TX","https://txucr.nibrs.com/SRSReport/CrimeTrends","State UCR","Open Source",55371,NA,NA,"","","",NA,"TX1230700","Port Arthur","TX","South","West South Central",55371,"Port Arthur, TX","City","South"
"Portland,OR,City","Portland",2,33,92,193,387,1911,576,2018,5,"OR","Portland,OR","City",320,2874,"Portland","OR","https://public.tableau.com/app/profile/portlandpolicebureau/viz/New_Monthly_Neighborhood/MonthlyOffenseTotals","Agency RMS","Open Source",626146,NA,NA,"","","",NA,"OR0260200","Portland","OR","West","Pacific",626146,"Portland, OR","City","West"
"Prescott Valley,AZ,City","Prescott Valley",0,2,0,6,10,84,3,2017,1,"AZ","Prescott Valley,AZ","City",8,97,"Prescott Valley","AZ","https://azcrimestatistics.azdps.gov/","State UCR","Open Source",50166,NA,NA,"","","",NA,"AZ0131100","Prescott Valley","AZ","West","Mountain",50166,"Prescott Valley, AZ","City","West"
"Racine,WI,City","Racine",0,4,14,36,42,95,14,2017,1,"WI","Racine,WI","City",54,151,"Racine","WI","From WI","State UCR","Provided by State UCR Program",75858,NA,NA,"","","",NA,"WI0520200","Racine","WI","Midwest","East North Central",75858,"Racine,WI","City","Midwest"
"Raleigh,NC,City","Raleigh",0,10,46,84,189,664,64,2017,1,"NC","Raleigh,NC","City",140,917,"Raleigh","NC","From NC","State UCR","Provided by State UCR Program",482842,NA,NA,"","","",NA,"NC0920100","Raleigh","NC","South","South Atlantic",482842,"Raleigh, NC","City","South"
"Rapid City,SD,City","Rapid City",1,10,3,31,36,197,34,2017,3,"SD","Rapid City,SD","City",45,267,"Rapid City","SD","https://sdcrime.nibrs.com/AdvancedSearch/AdvancedSearch","State UCR","Open Source",80850,NA,NA,"","","",NA,"SD0510100","Rapid City","SD","Midwest","West North Central",80850,"Rapid City, SD","City","Midwest"
"Reading,PA,City","Reading",1,5,16,25,47,91,10,2018,4,"PA","Reading,PA","City",47,148,"Reading","PA","https://www.ucr.pa.gov/PAUCRSPUBLIC/SRSReport/CrimeTrends","State UCR","Open Source",97790,NA,NA,"","","",NA,"PA0061400","Reading","PA","Northeast","Middle Atlantic",97790,"Reading, PA","City","Northeast"
"Reno,NV,City","Reno",2,14,32,88,119,404,142,2017,1,"NV","Reno,NV","City",136,665,"Reno","NV","https://nevadacrimestats.nv.gov/public/View/dispview.aspx","State UCR","Open Source",277792,NA,NA,"","","",NA,"NV0160100","Reno","NV","West","Mountain",277792,"Reno, NV","City","West"
"Richardson,TX,City","Richardson",0,4,8,4,36,125,20,2017,1,"TX","Richardson,TX","City",16,181,"Richardson","TX","https://txucr.nibrs.com/SRSReport/CrimeTrends","State UCR","Open Source",119008,NA,NA,"","","",NA,"TX0572000","Richardson","TX","South","West South Central",119008,"Richardson, TX","City","South"
"Richmond,CA,City","Richmond",1,6,35,58,63,214,122,2017,1,"CA","Richmond,CA","City",100,399,"Richmond","CA","https://www.ci.richmond.ca.us/4010/Crime-Statistics-Reports","Agency Aggregated","Open Source",113282,NA,NA,"","","",NA,"CA0071000","Richmond","CA","West","Pacific",113282,"Richmond, CA","City","West"
"Richmond,VA,City","Richmond",9,3,47,54,146,527,119,2017,1,"VA","Richmond,VA","City",113,792,"Richmond","VA","https://apps.richmondgov.com/applications/CrimeInfo","Agency RMS","Open Source",230789,NA,NA,"","","",NA,"VA1220000","Richmond","VA","South","South Atlantic",230789,"Richmond, VA","City","South"
"Riverside,CA,City","Riverside",0,NA,53,78,165,611,166,2017,1,"CA","Riverside,CA","City",131,942,"Riverside","CA","https://www.riversideca.gov/transparency/data/dataset/show/27","Agency RMS","Open Source",323473,NA,NA,"","","",NA,"CA0331300","Riverside","CA","West","Pacific",323473,"Riverside, CA","City","West"
"Rochester,NY,City","Rochester",6,NA,35,65,96,438,28,2018,6,"NY","Rochester,NY","City",106,562,"Rochester","NY","https://data-rpdny.opendata.arcgis.com/datasets/rpdny::rpd-part-i-crime-2011-to-present/explore","Agency RMS","Open Source",208452,NA,NA,"","","",NA,"NY0270100","Rochester","NY","Northeast","Middle Atlantic",208452,"Rochester, NY","City","Northeast"
"Rockford,IL,City","Rockford",1,5,48,184,142,258,48,2017,1,"IL","Rockford,IL","City",238,448,"Rockford","IL","https://ilucr.nibrs.com/AdvancedSearch/AdvancedSearch","State UCR","Open Source",145873,NA,NA,"","","",NA,"IL1010400","Rockford","IL","Midwest","East North Central",145873,"Rockford, IL","City","Midwest"
"Rockwall,TX,City","Rockwall",0,6,0,4,5,59,8,2017,1,"TX","Rockwall,TX","City",10,72,"Rockwall","TX","https://txucr.nibrs.com/SRSReport/CrimeTrends","State UCR","Open Source",53433,NA,NA,"","","",NA,"TX1990100","Rockwall","TX","South","West South Central",53433,"Rockwall, TX","City","South"
"Round Rock,TX,City","Round Rock",1,3,1,2,15,184,4,2017,2,"TX","Round Rock,TX","City",7,203,"Round Rock","TX","https://txucr.nibrs.com/SRSReport/CrimeTrends","State UCR","Open Source",129898,NA,NA,"","","",NA,"TX2460500","Round Rock","TX","South","West South Central",129898,"Round Rock, TX","City","South"
"Rowlett,TX,City","Rowlett",0,0,3,3,5,58,3,2017,1,"TX","Rowlett,TX","City",6,66,"Rowlett","TX","https://txucr.nibrs.com/SRSReport/CrimeTrends","State UCR","Open Source",66671,NA,NA,"","","",NA,"TX0573300","Rowlett","TX","South","West South Central",66671,"Rowlett, TX","City","South"
"Rutherford,TN,County","Rutherford",0,3,1,24,23,45,11,2017,1,"TN","Rutherford,TN","County",28,79,"Rutherford","TN","https://crimeinsight.tbi.tn.gov/public/View/dispview.aspx","State UCR","Open Source",104616,NA,NA,"","","",NA,"TN0750000","Rutherford","TN","South","East South Central",104616,"Rutherford, TN","County","South"
"Sacramento,CA,City","Sacramento",3,7,92,166,274,867,297,2017,1,"CA","Sacramento,CA","City",268,1438,"Sacramento","CA","https://experience.arcgis.com/experience/cb5a65e7a67743778cd277c7e3761b5a","Agency RMS","Open Source",529172,NA,NA,"Inferred 2021 Murder and Rape monthly totals from reported annual total","","",NA,"CA0340400","Sacramento","CA","West","Pacific",529172,"Sacramento, CA","City","West"
"Salem,OR,City","Salem",0,2,10,31,79,431,58,2017,1,"OR","Salem,OR","City",43,568,"Salem","OR","https://www.oregon.gov/osp/pages/uniform-crime-reporting-data.aspx","State UCR","Open Source",178276,NA,NA,"","","",NA,"OR0240200","Salem","OR","West","Pacific",178276,"Salem, OR","City","West"
"Salt Lake City,UT,City","Salt Lake City",0,17,39,45,127,1035,173,2017,1,"UT","Salt Lake City,UT","City",101,1335,"Salt Lake City","UT","https://slcpd.com/open-data/crimestatistics/","Agency Aggregated","Open Source",206692,NA,NA,"","","",NA,"UT0180300","Salt Lake City","UT","West","Mountain",206692,"Salt Lake City, UT","City","West"
"San Angelo,TX,City","San Angelo",0,8,10,13,75,279,24,2017,1,"TX","San Angelo,TX","City",31,378,"San Angelo","TX","https://txucr.nibrs.com/SRSReport/CrimeTrends","State UCR","Open Source",98642,NA,NA,"","","",NA,"TX2260100","San Angelo","TX","South","West South Central",98642,"San Angelo, TX","City","South"
"San Antonio,TX,City","San Antonio",15,96,228,643,1171,5106,690,2017,1,"TX","San Antonio,TX","City",982,6967,"San Antonio","TX","https://txucr.nibrs.com/SRSReport/CrimeTrends","State UCR","Open Source",1490047,NA,NA,"","","",NA,"TXSPD0000","San Antonio","TX","South","West South Central",1490047,"San Antonio, TX","City","South"
"San Diego,CA,County","San Diego",4,29,46,153,226,541,135,2017,1,"CA","San Diego,CA","County",232,902,"San Diego","CA","https://crimestats.arjis.org/default.aspx","Agency Aggregated","Open Source",519218,NA,NA,"See County Sheriff","","",NA,"CA0370000","San Diego","CA","West","Pacific",519218,"San Diego, CA","County","West"
"San Francisco,CA,City","San Francisco",6,45,241,232,433,3666,409,2017,1,"CA","San Francisco,CA","City",524,4508,"San Francisco","CA","https://www.sanfranciscopolice.org/stay-safe/crime-data/crime-dashboard","Agency Aggregated","Open Source",782846,NA,NA,"","","",NA,"CA0380100","San Francisco","CA","West","Pacific",782846,"San Francisco, CA","City","West"
"San Jose,CA,City","San Jose",1,48,112,163,412,1190,805,2017,3,"CA","San Jose,CA","City",324,2407,"San Jose","CA","https://www.sjpd.org/records/crime-stats-maps/police-dashboards","Agency Aggregated","Open Source",952530,NA,NA,"","","",NA,"CA0431300","San Jose","CA","West","Pacific",952530,"San Jose, CA","City","West"
"San Marcos,TX,City","San Marcos",1,7,2,12,19,69,14,2017,2,"TX","San Marcos,TX","City",22,102,"San Marcos","TX","https://txucr.nibrs.com/SRSReport/CrimeTrends","State UCR","Open Source",71413,NA,NA,"","","",NA,"TX1050100","San Marcos","TX","South","West South Central",71413,"San Marcos, TX","City","South"
"Santa Fe,NM,City","Santa Fe",0,NA,2,NA,127,147,18,2017,1,"NM","Santa Fe,NM","City",2,292,"Santa Fe","NM","https://santafenm.gov/police/police-criminal-investigations/police-crime-analyst","Agency Aggregated","Open Source",89657,NA,NA,"Inferred Jun - Dec 2020 from annual average","","",NA,"NM0260100","Santa Fe","NM","West","Mountain",89657,"Santa Fe, NM","City","West"
"Schaumburg,IL,City","Schaumburg",0,1,5,1,6,92,4,2017,1,"IL","Schaumburg,IL","City",7,102,"Schaumburg","IL","https://ilucr.nibrs.com/AdvancedSearch/AdvancedSearch","State UCR","Open Source",75140,NA,NA,"Inferred Jan-Mar 2021 from annual average","","",NA,"IL0162A00","Schaumburg","IL","Midwest","East North Central",75140,"Schaumburg, IL","City","Midwest"
"Scranton,PA,City","Scranton",0,1,9,3,38,84,12,2017,1,"PA","Scranton,PA","City",13,134,"Scranton","PA","https://www.ucr.pa.gov/PAUCRSPUBLIC/SRSReport/CrimeTrends","State UCR","Open Source",75687,NA,NA,"","","",NA,"PA0350400","Scranton","PA","Northeast","Middle Atlantic",75687,"Scranton, PA","City","Northeast"
"Seattle,WA,City","Seattle",0,21,140,200,639,2373,302,2017,3,"WA","Seattle,WA","City",361,3314,"Seattle","WA","https://www.seattle.gov/police/information-and-data/data/crime-dashboard","Agency Aggregated","Open Source",753786,NA,NA,"","","",NA,"WASPD0000","Seattle","WA","West","Pacific",753786,"Seattle, WA","City","West"
"Shelby,TN,County","Shelby",0,4,8,54,52,150,32,2017,1,"TN","Shelby,TN","County",66,234,"Shelby","TN","https://crimeinsight.tbi.tn.gov/public/View/dispview.aspx","State UCR","Open Source",136188,NA,NA,"","","",NA,"TN0790000","Shelby","TN","South","East South Central",136188,"Shelby, TN","County","South"
"Sioux Falls,SD,City","Sioux Falls",1,9,12,46,41,291,66,2017,1,"SD","Sioux Falls,SD","City",68,398,"Sioux Falls","SD","https://sdcrime.nibrs.com/AdvancedSearch/AdvancedSearch","State UCR","Open Source",206559,NA,NA,"","","",NA,"SD0490200","Sioux Falls","SD","Midwest","West North Central",206559,"Sioux Falls, SD","City","Midwest"
"Skokie,IL,City","Skokie",0,3,2,14,18,102,2,2017,1,"IL","Skokie,IL","City",19,122,"Skokie","IL","https://ilucr.nibrs.com/AdvancedSearch/AdvancedSearch","State UCR","Open Source",64417,NA,NA,"","","",NA,"IL0164A00","Skokie","IL","Midwest","East North Central",64417,"Skokie, IL","City","Midwest"
"Smith,TX,County","Smith",1,0,5,8,62,119,23,2017,1,"TX","Smith,TX","County",14,204,"Smith","TX","https://txucr.nibrs.com/SRSReport/CrimeTrends","State UCR","Open Source",111489,NA,NA,"","","",NA,"TX2120000","Smith","TX","South","West South Central",111489,"Smith, TX","County","South"
"Smyrna,TN,City","Smyrna",0,2,0,21,13,92,11,2018,4,"TN","Smyrna,TN","City",23,116,"Smyrna","TN","https://crimeinsight.tbi.tn.gov/public/View/dispview.aspx","State UCR","Open Source",58096,NA,NA,"","","",NA,"TN0750200","Smyrna","TN","South","East South Central",58096,"Smyrna, TN","City","South"
"South Bend,IN,City","South Bend",0,5,42,29,126,248,52,2017,1,"IN","South Bend,IN","City",76,426,"South Bend","IN","https://southbendin.gov/transparency-and-performance/police-transparency-hub/particrimes/","Agency Aggregated","Open Source",102999,NA,NA,"Inferred Apr-Nov 2021 from annual state total","","",NA,"IN0710200","South Bend","IN","Midwest","East North Central",102999,"South Bend, IN","City","Midwest"
"Southaven,MS,City","Southaven",0,2,3,2,10,109,5,2017,4,"MS","Southaven,MS","City",7,124,"Southaven","MS","https://mscrimestats.dps.ms.gov/public/View/dispview.aspx","State UCR","Open Source",57135,NA,NA,"","","",NA,"MS0170100","Southaven","MS","South","East South Central",57135,"Southaven, MS","City","South"
"Spokane,WA,City","Spokane",1,17,35,80,190,851,167,2017,1,"WA","Spokane,WA","City",133,1208,"Spokane","WA","https://my.spokanecity.org/police/","Agency RMS","Provided by Agency",230648,NA,NA,"","","",NA,"WA0320400","Spokane","WA","West","Pacific",230648,"Spokane, WA","City","West"
"Spring Hill,TN,City","Spring Hill",0,0,0,8,5,30,1,2017,1,"TN","Spring Hill,TN","City",8,36,"Spring Hill","TN","https://crimeinsight.tbi.tn.gov/public/View/dispview.aspx","State UCR","Open Source",58200,NA,NA,"","","",NA,"TN0600300","Spring Hill","TN","South","East South Central",58200,"Spring Hill, TN","City","South"
"St Joseph,MO,City","St Joseph",0,5,11,16,41,290,65,2017,1,"MO","St Joseph,MO","City",32,396,"St Joseph","MO","https://showmecrime.mo.gov/","State UCR","Open Source",69925,NA,NA,"","","",NA,"MO0110100","St Joseph","MO","Midwest","West North Central",69925,"St Joseph, MO","City","Midwest"
"St Louis,MO,City","St Louis",5,NA,NA,NA,NA,NA,NA,2017,3,"MO","St Louis,MO","City",5,0,"St Louis","MO","https://showmecrime.mo.gov/","State UCR","Open Source",280108,NA,NA,"","","",NA,"MOSPD0000","St Louis","MO","Midwest","West North Central",280108,"St Louis, MO","City","Midwest"
"St Louis,MO,County","St Louis",1,11,44,107,147,502,92,2017,1,"MO","St Louis,MO","County",163,741,"St Louis","MO","https://showmecrime.mo.gov/","State UCR","Open Source",398969,NA,NA,"","","",NA,"MO0950000","St Louis","MO","Midwest","West North Central",398969,"St Louis, MO","County","MO"
"St Peters,MO,City","St Peters",0,8,1,18,16,110,19,2017,1,"MO","St Peters,MO","City",27,145,"St Peters","MO","https://showmecrime.mo.gov/","State UCR","Open Source",58937,NA,NA,"","","",NA,"MO0920400","St Peters","MO","Midwest","West North Central",58937,"St Peters, MO","City","Midwest"
"St. Cloud,MN,City","St. Cloud",0,4,6,10,26,174,23,2017,1,"MN","St. Cloud,MN","City",20,223,"St. Cloud","MN","https://cde.state.mn.us/","State UCR","Open Source",69922,NA,NA,"","","",NA,"MN0730400","St. Cloud","MN","Midwest","West North Central",69922,"St. Cloud, MN","City","Midwest"
"St. Paul,MN,City","St. Paul",3,12,68,113,180,461,209,2017,1,"MN","St. Paul,MN","City",196,850,"St. Paul","MN","https://cde.state.mn.us/","State UCR","Open Source",300368,NA,NA,"","","",NA,"MN0620900","St. Paul","MN","Midwest","West North Central",300368,"St. Paul, MN","City","Midwest"
"Stamford,CT,City","Stamford",0,2,7,13,18,134,17,2017,1,"CT","Stamford,CT","City",22,169,"Stamford","CT","https://ct.beyond2020.com/ct_public/Dim/dimension.aspx","State UCR","Open Source",136512,NA,NA,"","","",NA,"CT0013500","Stamford","CT","Northeast","New England",136512,"Stamford, CT","City","Northeast"
"State College,PA,City","State College",0,0,0,0,5,21,0,2018,5,"PA","State College,PA","City",0,26,"State College","PA","https://www.ucr.pa.gov/PAUCRSPUBLIC/SRSReport/CrimeTrends","State UCR","Open Source",58532,NA,NA,"","","",NA,"PA0140300","State College","PA","Northeast","Middle Atlantic",58532,"State College, PA","City","Northeast"
"Stockton,CA,City","Stockton",0,7,73,222,201,622,192,2017,1,"CA","Stockton,CA","City",302,1015,"Stockton","CA","https://www.stocktonca.gov/services/police_department/police_news___information/statistical_reports.php#outer-629","Agency Aggregated","Open Source",322220,NA,NA,"Inferred Jan-Feb 2021 from annual state total","","",NA,"CA0390500","Stockton","CA","West","Pacific",322220,"Stockton, CA","City","West"
"Stratford,CT,City","Stratford",0,2,5,1,9,54,9,2017,1,"CT","Stratford,CT","City",8,72,"Stratford","CT","https://ct.beyond2020.com/ct_public/Dim/dimension.aspx","State UCR","Open Source",52596,NA,NA,"","","",NA,"CT0013800","Stratford","CT","Northeast","New England",52596,"Stratford, CT","City","Northeast"
"Tacoma,WA,City","Tacoma",0,NA,27,107,199,640,171,2017,5,"WA","Tacoma,WA","City",134,1010,"Tacoma","WA","https://public.tableau.com/app/profile/city.of.tacoma/viz/TacomaPoliceCrimeDashboard/CrimeDashboard-IntroPage","Agency Aggregated","Open Source",222828,NA,NA,"","","",NA,"WA0270300","Tacoma","WA","West","Pacific",222828,"Tacoma, WA","City","West"
"Tempe,AZ,City","Tempe",2,11,23,45,101,566,45,2017,1,"AZ","Tempe,AZ","City",81,712,"Tempe","AZ","https://azcrimestatistics.azdps.gov/","State UCR","Open Source",188144,NA,NA,"","","",NA,"AZ0072900","Tempe","AZ","West","Mountain",188144,"Tempe, AZ","City","West"
"Thornton,CO,City","Thornton",0,12,12,69,50,213,76,2017,1,"CO","Thornton,CO","City",93,339,"Thornton","CO","https://coloradocrimestats.state.co.us/public/View/dispview.aspx","State UCR","Open Source",143838,NA,NA,"","","",NA,"CO0010400","Thornton","CO","West","Mountain",143838,"Thornton, CO","City","West"
"Tigard,OR,City","Tigard",0,4,5,4,11,92,7,2017,1,"OR","Tigard,OR","City",13,110,"Tigard","OR","https://www.oregon.gov/osp/pages/uniform-crime-reporting-data.aspx","State UCR","Open Source",56142,NA,NA,"","","",NA,"OR0340400","Tigard","OR","West","Pacific",56142,"Tigard, OR","City","West"
"Tinley Park,IL,City","Tinley Park",0,2,1,1,3,32,1,2017,1,"IL","Tinley Park,IL","City",4,36,"Tinley Park","IL","https://ilucr.nibrs.com/AdvancedSearch/AdvancedSearch","State UCR","Open Source",53528,NA,NA,"","","",NA,"IL0165M00","Tinley Park","IL","Midwest","East North Central",53528,"Tinley Park, IL","City","Midwest"
"Tracy,CA,City","Tracy",0,4,7,7,22,141,34,2017,3,"CA","Tracy,CA","City",18,197,"Tracy","CA","https://tracypd.com/crime-mapping","Agency Aggregated","Open Source",99347,NA,NA,"","","",NA,"CA0390600","Tracy","CA","West","Pacific",99347,"Tracy, CA","City","West"
"Travis,TX,County","Travis",1,16,5,50,99,187,21,2017,1,"TX","Travis,TX","County",72,307,"Travis","TX","https://txucr.nibrs.com/SRSReport/CrimeTrends","State UCR","Open Source",277111,NA,NA,"Inferred Jan & Aug 2023 from 12 month average","","",NA,"TX2270000","Travis","TX","South","West South Central",277111,"Travis, TX","County","South"
"Tucson,AZ,City","Tucson",3,48,124,185,399,1671,141,2017,1,"AZ","Tucson,AZ","City",360,2211,"Tucson","AZ","https://app.powerbigov.us/view?r=eyJrIjoiY2ViZmNiYzAtMDQ5ZC00OTMwLTliMTgtYjM1ZjAwYjJlMTkzIiwidCI6ImQyMWU1OWVjLWMyMDgtNDNlYi1hYWYxLWNmMDZkOWExOTZlMCJ9&pageName=ReportSectionccd6be2a1a0db780dadd","Agency Aggregated","Open Source",548544,NA,NA,"","","",NA,"AZ0100300","Tucson","AZ","West","Mountain",548544,"Tucson, AZ","City","West"
"Tyler,TX,City","Tyler",0,9,3,32,51,228,15,2017,1,"TX","Tyler,TX","City",44,294,"Tyler","TX","https://txucr.nibrs.com/SRSReport/CrimeTrends","State UCR","Open Source",110824,NA,NA,"","","",NA,"TX2120400","Tyler","TX","South","West South Central",110824,"Tyler, TX","City","South"
"Upper Darby,PA,City","Upper Darby",0,1,17,12,15,104,16,2017,1,"PA","Upper Darby,PA","City",30,135,"Upper Darby","PA","https://www.ucr.pa.gov/PAUCRSPUBLIC/SRSReport/CrimeTrends","State UCR","Open Source",84468,NA,NA,"","","",NA,"PA0233700","Upper Darby","PA","Northeast","Middle Atlantic",84468,"Upper Darby, PA","City","Northeast"
"Victoria,TX,City","Victoria",1,3,5,9,26,140,3,2017,2,"TX","Victoria,TX","City",18,169,"Victoria","TX","https://txucr.nibrs.com/SRSReport/CrimeTrends","State UCR","Open Source",65298,NA,NA,"","","",NA,"TX2350100","Victoria","TX","South","West South Central",65298,"Victoria, TX","City","South"
"Waco,TX,City","Waco",0,7,6,25,81,343,10,2017,1,"TX","Waco,TX","City",38,434,"Waco","TX","https://txucr.nibrs.com/SRSReport/CrimeTrends","State UCR","Open Source",145741,NA,NA,"","","",NA,"TX1551200","Waco","TX","South","West South Central",145741,"Waco, TX","City","South"
"Wake Forest,NC,City","Wake Forest",0,1,2,3,9,24,0,2017,1,"NC","Wake Forest,NC","City",6,33,"Wake Forest","NC","From NC","State UCR","Provided by State UCR Program",52609,NA,NA,"Inferred Jan - May 2019 from annual average","","",NA,"NC0920700","Wake Forest","NC","South","South Atlantic",52609,"Wake Forest, NC","City","South"
"Wake,NC,County","Wake",0,0,2,8,75,66,6,2017,1,"NC","Wake,NC","County",10,147,"Wake","NC","From NC","State UCR","Provided by State UCR Program",198748,NA,NA,"Inferred Oct 2018 from annual average","","",NA,"NC0920000","Wake","NC","South","South Atlantic",198748,"Wake, NC","County","South"
"Washington,DC,City","Washington",14,24,137,132,117,1730,173,NA,3,"DC","Washington,DC","City",307,2020,"Washington","DC","https://crimecards.dc.gov/","Agency RMS","Open Source",678972,NA,NA,"","","",NA,"DCMPD0000","Washington","DC","South","South Atlantic",678972,"Washington, DC","City","South"
"Washington,OR,County","Washington",0,12,3,16,23,124,15,2017,1,"OR","Washington,OR","County",31,162,"Washington","OR","https://www.oregon.gov/osp/pages/uniform-crime-reporting-data.aspx","State UCR","Open Source",239309,NA,NA,"","","",NA,"OR0340000","Washington","OR","West","Pacific",239309,"Washington, OR","County","West"
"Washoe,NV,County","Washoe",0,3,1,11,20,45,8,2017,1,"NV","Washoe,NV","County",15,73,"Washoe","NV","https://nevadacrimestats.nv.gov/public/View/dispview.aspx","State UCR","Open Source",111776,NA,NA,"","","",NA,"NV0160000","Washoe","NV","West","Mountain",111776,"Washoe, NV","County","West"
"Waterbury,CT,City","Waterbury",2,1,19,12,66,242,65,2017,1,"CT","Waterbury,CT","City",34,373,"Waterbury","CT","https://ct.beyond2020.com/ct_public/Dim/dimension.aspx","State UCR","Open Source",115380,NA,NA,"","","",NA,"CT0015100","Waterbury","CT","Northeast","New England",115380,"Waterbury, CT","City","Northeast"
"Waukesha,WI,City","Waukesha",0,4,4,4,14,78,2,2017,1,"WI","Waukesha,WI","City",12,94,"Waukesha","WI","From WI","State UCR","Provided by State UCR Program",70095,NA,NA,"","","",NA,"WI0680500","Waukesha","WI","Midwest","East North Central",70095,"Waukesha,WI","City","Midwest"
"West Hartford,CT,City","West Hartford",0,0,3,0,13,85,2,2017,1,"CT","West Hartford,CT","City",3,100,"West Hartford","CT","https://ct.beyond2020.com/ct_public/Dim/dimension.aspx","State UCR","Open Source",64423,NA,NA,"","","",NA,"CT0015500","West Hartford","CT","Northeast","New England",64423,"West Hartford, CT","City","Northeast"
"West Haven,CT,City","West Haven",0,0,4,6,5,60,19,2017,1,"CT","West Haven,CT","City",10,84,"West Haven","CT","https://ct.beyond2020.com/ct_public/Dim/dimension.aspx","State UCR","Open Source",54791,NA,NA,"","","",NA,"CT0015600","West Haven","CT","Northeast","New England",54791,"West Haven, CT","City","Northeast"
"Wichita Falls,TX,City","Wichita Falls",0,11,7,17,58,180,18,2017,3,"TX","Wichita Falls,TX","City",35,256,"Wichita Falls","TX","https://txucr.nibrs.com/SRSReport/CrimeTrends","State UCR","Open Source",102740,NA,NA,"","","",NA,"TX2430500","Wichita Falls","TX","South","West South Central",102740,"Wichita Falls, TX","City","South"
"Williamson,TX,County","Williamson",0,1,0,5,26,72,15,2017,1,"TX","Williamson,TX","County",6,113,"Williamson","TX","https://txucr.nibrs.com/SRSReport/CrimeTrends","State UCR","Open Source",202897,NA,NA,"","","",NA,"TX2460000","Williamson","TX","South","West South Central",202897,"Williamson, TX","County","South"
"Wilmington,NC,City","Wilmington",0,7,25,44,91,250,17,2017,1,"NC","Wilmington,NC","City",76,358,"Wilmington","NC","From NC","State UCR","Provided by State UCR Program",122675,NA,NA,"","","",NA,"NC0650200","Wilmington","NC","South","South Atlantic",122675,"Wilmington, NC","City","South"
"Winston-Salem,NC,City","Winston-Salem",0,7,45,95,277,707,71,2017,1,"NC","Winston-Salem,NC","City",147,1055,"Winston-Salem","NC","From NC","State UCR","Provided by State UCR Program",252132,NA,NA,"Inferred Dec 2016, Feb 2017, June 2018 from annual average","","",NA,"NC0340200","Winston-Salem","NC","South","South Atlantic",252132,"Winston-Salem, NC","City","South"
"Woodbury,MN,City","Woodbury",0,3,0,2,9,93,6,2017,1,"MN","Woodbury,MN","City",5,108,"Woodbury","MN","https://cde.state.mn.us/","State UCR","Open Source",80153,NA,NA,"","","",NA,"MN0821100","Woodbury","MN","Midwest","West North Central",80153,"Woodbury, MN","City","Midwest"
"Wylie,TX,City","Wylie",0,2,1,1,5,31,2,2017,1,"TX","Wylie,TX","City",4,38,"Wylie","TX","https://txucr.nibrs.com/SRSReport/CrimeTrends","State UCR","Open Source",62539,NA,NA,"","","",NA,"TX0430800","Wylie","TX","South","West South Central",62539,"Wylie, TX","City","South"
"Yuma,AZ,City","Yuma",1,2,10,30,63,177,15,2017,1,"AZ","Yuma,AZ","City",43,255,"Yuma","AZ","https://azcrimestatistics.azdps.gov/","State UCR","Open Source",99610,NA,NA,"","","",NA,"AZ0140500","Yuma","AZ","West","Mountain",99610,"Yuma, AZ","City","West"
