"city_state","Agency_Type","Agency Name","Murder","Rape","Robbery","Aggravated Assault","Burglary","Theft","Motor Vehicle Theft","Year","Month","State","city_state_id","vio_crime","prop_crime","Agency","Source.Link","Source.Type","Source.Method","Population","pop23","Latitude","Longitude","Comment","pub_agency_name","state_abbr","region_name","division_name","population","State_ref"
"Abilene, TX","City","Abilene",0,9,4,39,39,133,12,2023,4,"TX","Abilene, TX,City",52,184,"Abilene","https://txucr.nibrs.com/SRSReport/CrimeTrends","State UCR","Open Source",125186,128387,NA,NA,"","Abilene","TX","South","West South Central",128387,"TX"
"Abington, PA","City","Abington",0,0,1,3,4,97,2,2018,12,"PA","Abington, PA,City",4,103,"Abington","https://www.ucr.pa.gov/PAUCRSPUBLIC/SRSReport/CrimeTrends","State UCR","Open Source",58432,58433,NA,NA,"","Abington Township, Montgomery County","PA","Northeast","Middle Atlantic",58433,"PA"
"Ada, ID","County","Ada",0,4,3,24,21,48,4,2020,7,"ID","Ada, ID,County",31,73,"Ada","https://nibrs.isp.idaho.gov/CrimeInIdaho/Report/CrimeTrends","State UCR","Open Source",138487,138487,NA,NA,"","Ada","ID","West","Mountain",138487,"ID"
"Albany, GA","City","Albany",1,1,8,36,50,213,20,2018,3,"GA","Albany, GA,City",46,283,"Albany","https://www.albanyga.gov/crime-statistics","Agency Aggregated","Open Source",68613,66281,NA,NA,"","Albany","GA","South","South Atlantic",66281,"GA"
"Albemarle, VA","County","Albemarle",0,3,1,6,15,80,1,2017,3,"VA","Albemarle, VA,County",10,96,"Albemarle","From VA","State UCR","",115659,115659,NA,NA,"","Albemarle County Police Department","VA","South","South Atlantic",115659,"VA"
"Albuquerque, NM","City","Albuquerque",9,NA,NA,NA,NA,NA,NA,2020,9,"NM","Albuquerque, NM,City",9,0,"Albuquerque","https://www.cabq.gov/police/crime-statistics","Agency Aggregated","Open Source",NA,559094,NA,NA,"FBI data for 2017 and Aug-Dec 2018. Agency data all other months. ","Albuquerque","NM","West","Mountain",559094,"NM"
"Alexandria, VA","City","Alexandria",0,0,14,30,11,379,39,2023,10,"VA","Alexandria, VA,City",44,429,"Alexandria","https://vsp.virginia.gov/","State UCR","Provided by State UCR Program",150957,153897,NA,NA,"","Alexandria","VA","South","South Atlantic",153897,"VA"
"Alhambra, CA","City","Alhambra",0,0,2,9,30,136,25,2022,7,"CA","Alhambra, CA,City",11,191,"Alhambra","https://www.cityofalhambra.org/271/Crime-Statistics","Agency Aggregated","Open Source",79703,79087,NA,NA,"","Alhambra","CA","West","Pacific",79087,"CA"
"Allen, TX","City","Allen",0,3,0,11,10,85,7,2022,2,"TX","Allen, TX,City",14,102,"Allen","https://txucr.nibrs.com/SRSReport/CrimeTrends","State UCR","Open Source",108135,114696,NA,NA,"Inferred Jan-Mar 2022 from annual average","Allen","TX","South","West South Central",114696,"TX"
"Allentown, PA","City","Allentown",0,5,10,30,24,120,18,2021,6,"PA","Allentown, PA,City",45,162,"Allentown","https://www.ucr.pa.gov/PAUCRSPUBLIC/SRSReport/CrimeTrends","State UCR","Open Source",125917,124782,NA,NA,"","Allentown","PA","Northeast","Middle Atlantic",124782,"PA"
"Amarillo, TX","City","Amarillo",2,16,17,98,117,551,65,2019,9,"TX","Amarillo, TX,City",133,733,"Amarillo","https://txucr.nibrs.com/SRSReport/CrimeTrends","State UCR","Open Source",201572,201684,NA,NA,"","Amarillo","TX","South","West South Central",201684,"TX"
"Antioch, CA","City","Antioch",2,1,19,51,52,143,150,2024,9,"CA","Antioch, CA,City",73,345,"Antioch","https://www.antiochca.gov/police/crime-statistics/","Agency Aggregated","Open Source",114338,115271,NA,NA,"","Antioch","CA","West","Pacific",115271,"CA"
"Apple Valley, MN","City","Apple Valley",0,1,4,9,7,55,9,2022,1,"MN","Apple Valley, MN,City",14,71,"Apple Valley","https://cde.state.mn.us/","State UCR","Open Source",55145,54995,NA,NA,"","Apple Valley","MN","Midwest","West North Central",54995,"MN"
"Arlington Heights, IL","City","Arlington Heights",0,1,0,1,3,47,5,2017,9,"IL","Arlington Heights, IL,City",2,55,"Arlington Heights","https://ilucr.nibrs.com/AdvancedSearch/AdvancedSearch","State UCR","Open Source",74094,74094,NA,NA,"","Arlington Heights","IL","Midwest","East North Central",74094,"IL"
"Arlington, TX","City","Arlington",1,26,17,108,103,612,124,2023,8,"TX","Arlington, TX,City",152,839,"Arlington","https://txucr.nibrs.com/SRSReport/CrimeTrends","State UCR","Open Source",391591,394799,NA,NA,"","Arlington","TX","South","West South Central",394799,"TX"
"Arlington, VA","County","Arlington",0,4,9,6,5,169,10,2019,2,"VA","Arlington, VA,County",19,184,"Arlington","From VA","State UCR","",231844,231844,NA,NA,"","Arlington County Police Department","VA","South","South Atlantic",231844,"VA"
"Asheville, NC","City","Asheville",0,NA,6,25,53,297,40,2021,3,"NC","Asheville, NC,City",31,390,"Asheville","https://data-avl.opendata.arcgis.com/datasets/fa266be763124be89fee8c1fd99f88ff_3/explore","Agency RMS","Open Source",93729,93471,NA,NA,"","Asheville","NC","South","South Atlantic",93471,"NC"
"Atlanta, GA","City","Atlanta",6,NA,107,122,254,1046,229,2017,2,"GA","Atlanta, GA,City",235,1529,"Atlanta","https://experience.arcgis.com/experience/d5dd2be2977d40acb340ef42f80671b8/","Agency RMS","Open Source",495707,500212,NA,NA,"","Atlanta","GA","South","South Atlantic",500212,"GA"
"Aurora, CO","City","Aurora",3,43,65,140,150,645,224,2018,9,"CO","Aurora, CO,City",251,1019,"Aurora","https://coloradocrimestats.state.co.us/public/View/dispview.aspx","State UCR","Open Source",392134,396976,NA,NA,"","Aurora","CO","West","Mountain",396976,"CO"
"Austin, TX","City","Austin",10,38,76,293,386,1874,393,2021,6,"TX","Austin, TX,City",417,2653,"Austin","https://txucr.nibrs.com/SRSReport/CrimeTrends, rape data for 2023 on from https://app.powerbigov.us/view?r=eyJrIjoiYmYyNTQ4NjgtNjhlMC00YjNiLWE0MDAtZTUwNWU5ZGIwNTk4IiwidCI6IjVjNWUxOWY2LWE2YWItNGI0NS1iMWQwLWJlNDYwOGE5YTY3ZiJ9","State UCR","Open Source",965234,978816,NA,NA,"","Austin","TX","South","West South Central",978816,"TX"
"Avondale, AZ","City","Avondale",0,7,10,8,16,163,33,2023,7,"AZ","Avondale, AZ,City",25,212,"Avondale","https://azcrimestatistics.azdps.gov/","State UCR","Open Source",91467,92661,NA,NA,"","Avondale","AZ","West","Mountain",92661,"AZ"
"Bakersfield, CA","City","Bakersfield",3,10,59,93,323,836,281,2019,8,"CA","Bakersfield, CA,City",165,1440,"Bakersfield","https://www.bakersfieldcity.us/","Agency Aggregated","Provided by Agency",NA,413409,NA,NA,"","Bakersfield","CA","West","Pacific",413409,"CA"
"Baltimore, MD","City","Baltimore",32,33,293,555,359,929,247,2020,9,"MD","Baltimore, MD,City",913,1535,"Baltimore","https://data.baltimorecity.gov/datasets/part-1-crime-data/explore","Agency RMS","Open Source",570546,565192,NA,NA,"","Baltimore","MD","South","South Atlantic",565192,"MD"
"Baltimore, MD","County","Baltimore",4,NA,128,289,219,1570,138,2018,10,"MD","Baltimore, MD,County",421,1927,NA,NA,NA,NA,NA,NA,NA,NA,NA,NA,NA,NA,NA,NA,"MD"
"Baytown, TX","City","Baytown",1,4,9,23,33,200,40,2020,5,"TX","Baytown, TX,City",37,273,"Baytown","https://txucr.nibrs.com/SRSReport/CrimeTrends","State UCR","Open Source",81477,83809,NA,NA,"","Baytown","TX","South","West South Central",83809,"TX"
"Beaumont, TX","City","Beaumont",0,5,12,64,65,252,14,2024,8,"TX","Beaumont, TX,City",81,331,"Beaumont","https://txucr.nibrs.com/SRSReport/CrimeTrends","State UCR","Open Source",110898,110671,NA,NA,"","Beaumont","TX","South","West South Central",110671,"TX"
"Bellevue, NE","City","Bellevue",1,5,3,2,11,52,18,2020,10,"NE","Bellevue, NE,City",11,81,"Bellevue","https://crimestats.ne.gov/public/View/RSReport.aspx?ReportId=1082","State UCR","Open Source",63178,62372,NA,NA,"","Bellevue","NE","Midwest","West North Central",62372,"NE"
"Bellingham, WA","City","Bellingham",0,NA,10,NA,NA,224,22,2023,2,"WA","Bellingham, WA,City",10,246,"Bellingham","https://cob.org/gov/dept/police/news-police/crime-stats","Agency Aggregated","Open Source",93014,94968,NA,NA,"","Bellingham","WA","West","Pacific",94968,"WA"
"Bensalem, PA","City","Bensalem",0,0,1,3,9,114,23,2023,4,"PA","Bensalem, PA,City",4,146,"Bensalem","https://www.ucr.pa.gov/PAUCRSPUBLIC/SRSReport/CrimeTrends","State UCR","Open Source",62782,62595,NA,NA,"","Bensalem Township","PA","Northeast","Middle Atlantic",62595,"PA"
"Bethlehem, PA","City","Bethlehem",1,4,5,13,13,61,3,2021,10,"PA","Bethlehem, PA,City",23,77,"Bethlehem","https://www.ucr.pa.gov/PAUCRSPUBLIC/SRSReport/CrimeTrends","State UCR","Open Source",75619,78606,NA,NA,"Inferred Dec 2019 from annual average","Bethlehem","PA","Northeast","Middle Atlantic",78606,"PA"
"Blaine, MN","City","Blaine",0,4,1,2,6,136,8,2018,4,"MN","Blaine, MN,City",7,150,"Blaine","https://cde.state.mn.us/","State UCR","Open Source",71368,72384,NA,NA,"","Blaine","MN","Midwest","West North Central",72384,"MN"
"Bloomington, MN","City","Bloomington",1,3,4,5,32,173,15,2020,4,"MN","Bloomington, MN,City",13,220,"Bloomington","https://cde.state.mn.us/","State UCR","Open Source",88745,86793,NA,NA,"","Bloomington","MN","Midwest","West North Central",86793,"MN"
"Blue Springs, MO","City","Blue Springs",0,0,0,6,4,104,12,2022,8,"MO","Blue Springs, MO,City",6,120,"Blue Springs","https://showmecrime.mo.gov/","State UCR","Open Source",60093,59896,NA,NA,"","Blue Springs","MO","Midwest","West North Central",59896,"MO"
"Bolingbrook, IL","City","Bolingbrook",0,2,2,7,7,45,10,2019,5,"IL","Bolingbrook, IL,City",11,62,"Bolingbrook","https://ilucr.nibrs.com/AdvancedSearch/AdvancedSearch","State UCR","Open Source",73364,74138,NA,NA,"","Bolingbrook","IL","Midwest","East North Central",74138,"IL"
"Boston, MA","City","Boston",4,17,71,234,118,797,101,2022,9,"MA","Boston, MA,City",326,1016,"Boston","https://www.mass.gov/crime-statistics","State UCR","Provided by State UCR Program",638925,642823,NA,NA,"","Boston","MA","Northeast","New England",642823,"MA"
"Brazoria, TX","County","Brazoria",0,2,1,8,20,77,11,2018,9,"TX","Brazoria, TX,County",11,108,"Brazoria","https://txucr.nibrs.com/SRSReport/CrimeTrends","State UCR","Open Source",132229,132229,NA,NA,"","Brazoria","TX","South","West South Central",132229,"TX"
"Bridgeport, CT","City","Bridgeport",2,12,18,41,39,85,44,2023,8,"CT","Bridgeport, CT,City",73,168,"Bridgeport","https://ct.beyond2020.com/ct_public/Dim/dimension.aspx","State UCR","Open Source",148395,148483,NA,NA,"","Bridgeport","CT","Northeast","New England",148483,"CT"
"Bristol, CT","City","Bristol",0,0,2,2,8,56,9,2018,4,"CT","Bristol, CT,City",4,73,"Bristol","https://ct.beyond2020.com/ct_public/Dim/dimension.aspx","State UCR","Open Source",60657,61609,NA,NA,"","Bristol","CT","Northeast","New England",61609,"CT"
"Brockton, MA","City","Brockton",1,9,15,54,14,117,15,2019,5,"MA","Brockton, MA,City",79,146,"Brockton","https://www.mass.gov/crime-statistics","State UCR","Provided by State UCR Program",110084,108938,NA,NA,"","Brockton","MA","Northeast","New England",108938,"MA"
"Brooklyn Park, MN","City","Brooklyn Park",1,3,4,6,14,152,16,2024,12,"MN","Brooklyn Park, MN,City",14,182,"Brooklyn Park","https://cde.state.mn.us/","State UCR","Open Source",82682,81920,NA,NA,"","Brooklyn Park","MN","Midwest","West North Central",81920,"MN"
"Broomfield, CO","City","Broomfield",0,1,0,5,13,147,15,2017,6,"CO","Broomfield, CO,City",6,175,"Broomfield","https://coloradocrimestats.state.co.us/public/View/dispview.aspx","State UCR","Open Source",76137,77072,NA,NA,"","Broomfield","CO","West","Mountain",77072,"CO"
"Brownsville, TX","City","Brownsville",1,11,7,19,62,381,10,2017,5,"TX","Brownsville, TX,City",38,453,"Brownsville","https://txucr.nibrs.com/SRSReport/CrimeTrends","State UCR","Open Source",188906,190590,NA,NA,"","Brownsville","TX","South","West South Central",190590,"TX"
"Buckeye, AZ","City","Buckeye",0,0,1,4,14,94,2,2018,9,"AZ","Buckeye, AZ,City",5,110,"Buckeye","https://azcrimestatistics.azdps.gov/","State UCR","Open Source",110002,112048,NA,NA,"","Buckeye","AZ","West","Mountain",112048,"AZ"
"Buffalo, NY","City","Buffalo",4,9,52,80,74,434,112,2022,1,"NY","Buffalo, NY,City",145,620,"Buffalo","https://data.buffalony.gov/Public-Safety/Monthly-Uniform-Crime-Reporting-UCR-Program-Statis/xxu9-yrhd/data","Agency Aggregated","Open Source",275710,275922,NA,NA,"","Buffalo","NY","Northeast","Middle Atlantic",275922,"NY"
"Burbank, CA","City","Burbank",0,3,5,7,25,177,16,2017,4,"CA","Burbank, CA,City",15,218,"Burbank","https://www.burbankpd.org/crime-information/crime-statistics/","Agency Aggregated","Open Source",103516,102345,NA,NA,"","Burbank","CA","West","Pacific",102345,"CA"
"Burleson, TX","City","Burleson",0,8,1,7,6,44,4,2022,7,"TX","Burleson, TX,City",16,54,"Burleson","https://txucr.nibrs.com/SRSReport/CrimeTrends","State UCR","Open Source",55356,56307,NA,NA,"","Burleson","TX","South","West South Central",56307,"TX"
"Burnsville, MN","City","Burnsville",0,1,2,11,7,109,5,2018,9,"MN","Burnsville, MN,City",14,121,"Burnsville","https://cde.state.mn.us/","State UCR","Open Source",63361,63650,NA,NA,"","Burnsville","MN","Midwest","West North Central",63650,"MN"
"Caldwell, ID","City","Caldwell",0,8,2,8,9,52,7,2021,8,"ID","Caldwell, ID,City",18,68,"Caldwell","https://nibrs.isp.idaho.gov/CrimeInIdaho/AdvancedSearch/AdvancedSearch","State UCR","Open Source",66940,68731,NA,NA,"","Caldwell","ID","West","Mountain",68731,"ID"
"Cambridge, MA","City","Cambridge",0,5,6,28,27,197,7,2022,12,"MA","Cambridge, MA,City",39,231,"Cambridge","https://www.mass.gov/crime-statistics","State UCR","Provided by State UCR Program",117044,118960,NA,NA,"","Cambridge","MA","Northeast","New England",118960,"MA"
"Carlsbad, CA","City","Carlsbad",0,1,5,20,24,128,7,2024,12,"CA","Carlsbad, CA,City",26,159,"Carlsbad","https://crimestats.arjis.org/default.aspx","Agency Aggregated","Open Source",115531,113796,NA,NA,"","Carlsbad","CA","West","Pacific",113796,"CA"
"Carrollton, TX","City","Carrollton",0,0,3,7,27,59,13,2020,7,"TX","Carrollton, TX,City",10,99,"Carrollton","https://txucr.nibrs.com/SRSReport/CrimeTrends","State UCR","Open Source",133610,134261,NA,NA,"Inferred Aug-Dec 2019 from annual average","Carrollton","TX","South","West South Central",134261,"TX"
"Casa Grande, AZ","City","Casa Grande",0,2,2,19,11,63,4,2020,6,"AZ","Casa Grande, AZ,City",23,78,"Casa Grande","https://azcrimestatistics.azdps.gov/","State UCR","Open Source",61271,63228,NA,NA,"","Casa Grande","AZ","West","Mountain",63228,"AZ"
"Castle Rock, CO","City","Castle Rock",0,0,0,0,5,64,0,2019,3,"CO","Castle Rock, CO,City",0,69,"Castle Rock","https://coloradocrimestats.state.co.us/public/View/dispview.aspx","State UCR","Open Source",79102,83546,NA,NA,"","Castle Rock","CO","West","Mountain",83546,"CO"
"Cedar Park, TX","City","Cedar Park",0,2,1,2,5,55,4,2018,4,"TX","Cedar Park, TX,City",5,64,"Cedar Park","https://txucr.nibrs.com/SRSReport/CrimeTrends","State UCR","Open Source",79353,77464,NA,NA,"","Cedar Park","TX","South","West South Central",77464,"TX"
"Centennial, CO","City","Centennial",1,0,0,14,20,157,41,2021,6,"CO","Centennial, CO,City",15,218,"Centennial","https://coloradocrimestats.state.co.us/public/View/dispview.aspx","State UCR","Open Source",105849,104724,NA,NA,"","Centennial","CO","West","Mountain",104724,"CO"
"Champaign, IL","City","Champaign",0,2,14,22,29,106,12,2021,11,"IL","Champaign, IL,City",38,147,"Champaign","https://ilucr.nibrs.com/AdvancedSearch/AdvancedSearch","State UCR","Open Source",89815,89687,NA,NA,"","Champaign","IL","Midwest","East North Central",89687,"IL"
"Chandler, AZ","City","Chandler",2,5,2,21,36,398,38,2022,12,"AZ","Chandler, AZ,City",30,472,"Chandler","https://azcrimestatistics.azdps.gov/","State UCR","Open Source",281373,282419,NA,NA,"","Chandler","AZ","West","Mountain",282419,"AZ"
"Charlotte, NC","City","Charlotte",4,34,127,174,424,2192,237,2018,10,"NC","Charlotte, NC,City",339,2853,"Charlotte","https://data.charlottenc.gov/search?q=CMPD","Agency RMS","Open Source",955466,979304,NA,NA,"","Charlotte-Mecklenburg","NC","South","South Atlantic",979304,"NC"
"Chattanooga, TN","City","Chattanooga",5,15,16,110,112,630,93,2017,4,"TN","Chattanooga, TN,City",146,835,"Chattanooga","https://crimeinsight.tbi.tn.gov/public/View/dispview.aspx","Agency RMS","Open Source",182603,185370,NA,NA,"","Chattanooga","TN","South","East South Central",185370,"TN"
"Chesapeake, VA","City","Chesapeake",1,11,17,83,42,409,30,2019,7,"VA","Chesapeake, VA,City",112,481,"Chesapeake","https://vsp.virginia.gov/","State UCR","Provided by State UCR Program",253745,254051,NA,NA,"","Chesapeake","VA","South","South Atlantic",254051,"VA"
"Chesterfield, VA","County","Chesterfield",0,10,13,56,60,418,40,2023,4,"VA","Chesterfield, VA,County",79,518,"Chesterfield","From VA","State UCR","",385204,385204,NA,NA,"","Chesterfield County Police Department","VA","South","South Atlantic",385204,"VA"
"Cheyenne, WY","City","Cheyenne",1,3,2,6,22,127,26,2021,3,"WY","Cheyenne, WY,City",12,175,"Cheyenne","https://crimestats.wyo.gov/public/View/dispview.aspx","State UCR","Open Source",64610,64307,NA,NA,"","Cheyenne","WY","West","Mountain",64307,"WY"
"Chicago, IL","City","Chicago",56,122,753,1278,598,4371,2291,2023,4,"IL","Chicago, IL,City",2209,7260,"Chicago","https://data.cityofchicago.org/Public-Safety/Crimes-2001-to-Present/ijzp-q8t2/explore/query/SELECT%0A%20%20%60id%60%2C%0A%20%20%60case_number%60%2C%0A%20%20%60date%60%2C%0A%20%20%60block%60%2C%0A%20%20%60iucr%60%2C%0A%20%20%60primary_type%60%2C%0A%20%20%60description%60%2C%0A%20%20%60location_description%60%2C%0A%20%20%60arrest%60%2C%0A%20%20%60domestic%60%2C%0A%20%20%60beat%60%2C%0A%20%20%60district%60%2C%0A%20%20%60ward%60%2C%0A%20%20%60community_area%60%2C%0A%20%20%60fbi_code%60%2C%0A%20%20%60x_coordinate%60%2C%0A%20%20%60y_coordinate%60%2C%0A%20%20%60year%60%2C%0A%20%20%60updated_on%60%2C%0A%20%20%60latitude%60%2C%0A%20%20%60longitude%60%2C%0A%20%20%60location%60%2C%0A%20%20%60%3A%40computed_region_awaf_s7ux%60%2C%0A%20%20%60%3A%40computed_region_6mkv_f3dw%60%2C%0A%20%20%60%3A%40computed_region_vrxf_vc4k%60%2C%0A%20%20%60%3A%40computed_region_bdys_3d7i%60%2C%0A%20%20%60%3A%40computed_region_43wa_7qmu%60%2C%0A%20%20%60%3A%40computed_region_rpca_8um6%60%2C%0A%20%20%60%3A%40computed_region_d9mm_jgwp%60%2C%0A%20%20%60%3A%40computed_region_d3ds_rm58%60%2C%0A%20%20%60%3A%40computed_region_8hcu_yrd4%60%0AORDER%20BY%20%60date%60%20DESC%20NULL%20FIRST/page/filter","Agency RMS","Open Source",2652124,2628298,NA,NA,"","Chicago","IL","Midwest","East North Central",2628298,"IL"
"Chicopee, MA","City","Chicopee",1,3,3,19,21,69,9,2020,1,"MA","Chicopee, MA,City",26,99,"Chicopee","https://www.mass.gov/crime-statistics","State UCR","Provided by State UCR Program",55265,55043,NA,NA,"","Chicopee","MA","Northeast","New England",55043,"MA"
"Chula Vista, CA","City","Chula Vista",0,3,15,30,40,224,66,2019,1,"CA","Chula Vista, CA,City",48,330,"Chula Vista","https://crimestats.arjis.org/default.aspx","Agency Aggregated","Open Source",277976,280748,NA,NA,"","Chula Vista","CA","West","Pacific",280748,"CA"
"Cicero, IL","City","Cicero",0,3,11,10,35,22,27,2024,2,"IL","Cicero, IL,City",24,84,"Cicero","https://ilucr.nibrs.com/AdvancedSearch/AdvancedSearch","State UCR","Open Source",81492,80455,NA,NA,"","Cicero","IL","Midwest","East North Central",80455,"IL"
"Cincinnati, OH","City","Cincinnati",4,24,98,129,252,814,131,2019,9,"OH","Cincinnati, OH,City",255,1197,"Cincinnati","https://ocjs.ohio.gov/","State UCR","Provided by State UCR Program",307761,309484,NA,NA,"","Cincinnati","OH","Midwest","East North Central",309484,"OH"
"Coeur D Alene, ID","City","Coeur D Alene",0,8,0,9,8,43,7,2024,7,"ID","Coeur D Alene, ID,City",17,58,"Coeur D Alene","https://nibrs.isp.idaho.gov/CrimeInIdaho/AdvancedSearch/AdvancedSearch","State UCR","Open Source",57061,57653,NA,NA,"","Coeur d'Alene","ID","West","Mountain",57653,"ID"
"Colerain Township, OH","City","Colerain Township",0,2,2,16,4,69,10,2021,5,"OH","Colerain Township, OH,City",20,83,"Colerain Township","https://ocjs.ohio.gov/","State UCR","Provided by State UCR Program",58548,58268,NA,NA,"","Colerain Township","OH","Midwest","East North Central",58268,"OH"
"College Station, TX","City","College Station",0,11,0,14,24,194,17,2022,5,"TX","College Station, TX,City",25,235,"College Station","https://txucr.nibrs.com/SRSReport/CrimeTrends","State UCR","Open Source",121618,126136,NA,NA,"","College Station","TX","South","West South Central",126136,"TX"
"Colorado Springs, CO","City","Colorado Springs",1,52,26,186,219,1071,245,2023,1,"CO","Colorado Springs, CO,City",265,1535,"Colorado Springs","https://coloradocrimestats.state.co.us/public/View/dispview.aspx","State UCR","Open Source",487728,489254,NA,NA,"","Colorado Springs","CO","West","Mountain",489254,"CO"
"Columbia, MO","City","Columbia",0,11,2,26,38,192,47,2024,9,"MO","Columbia, MO,City",39,277,"Columbia","https://showmecrime.mo.gov/","State UCR","Open Source",127862,129602,NA,NA,"","Columbia","MO","Midwest","West North Central",129602,"MO"
"Columbus, OH","City","Columbus",5,96,80,117,314,1305,445,2023,2,"OH","Columbus, OH,City",298,2064,"Columbus","https://ocjs.ohio.gov/","State UCR","Provided by State UCR Program",907196,908834,NA,NA,"","Columbus","OH","Midwest","East North Central",908834,"OH"
"Commerce City, CO","City","Commerce City",0,1,5,24,26,97,38,2025,1,"CO","Commerce City, CO,City",30,161,"Commerce City","https://coloradocrimestats.state.co.us/public/View/dispview.aspx","State UCR","Open Source",65817,67851,NA,NA,"","Commerce City","CO","West","Mountain",67851,"CO"
"Concord, CA","City","Concord",0,4,5,37,24,141,42,2021,4,"CA","Concord, CA,City",46,207,"Concord","https://www.cityofconcord.org/1197/2024-Crime-Statistics","Agency Aggregated","Open Source",122982,121331,NA,NA,"","Concord","CA","West","Pacific",121331,"CA"
"Conroe, TX","City","Conroe",1,1,1,7,18,157,5,2020,5,"TX","Conroe, TX,City",10,180,"Conroe","https://txucr.nibrs.com/SRSReport/CrimeTrends","State UCR","Open Source",98623,106904,NA,NA,"","Conroe","TX","South","West South Central",106904,"TX"
"Coon Rapids, MN","City","Coon Rapids",0,2,3,5,14,68,6,2023,1,"MN","Coon Rapids, MN,City",10,88,"Coon Rapids","https://cde.state.mn.us/","State UCR","Open Source",63181,62391,NA,NA,"","Coon Rapids","MN","Midwest","West North Central",62391,"MN"
"Corpus Christi, TX","City","Corpus Christi",1,17,44,137,157,713,69,2019,5,"TX","Corpus Christi, TX,City",199,939,"Corpus Christi","https://txucr.nibrs.com/SRSReport/CrimeTrends","State UCR","Open Source",317694,315340,NA,NA,"","Corpus Christi","TX","South","West South Central",315340,"TX"
"Cranston, RI","City","Cranston",0,3,2,7,6,95,16,2021,8,"RI","Cranston, RI,City",12,117,"Cranston","https://riucr.nibrs.com/AdvancedSearch/AdvancedSearch","State UCR","Open Source",82205,82484,NA,NA,"","Cranston","RI","Northeast","New England",82484,"RI"
"Cuyahoga Falls, OH","City","Cuyahoga Falls",0,0,0,3,5,79,2,2018,5,"OH","Cuyahoga Falls, OH,City",3,86,"Cuyahoga Falls","https://ocjs.ohio.gov/","State UCR","Provided by State UCR Program",50607,50459,NA,NA,"","Cuyahoga Falls","OH","Midwest","East North Central",50459,"OH"
"Dallas, TX","City","Dallas",16,34,122,456,483,2145,1027,2023,2,"TX","Dallas, TX,City",628,3655,"Dallas","https://txucr.nibrs.com/SRSReport/CrimeTrends","State UCR","Open Source",1286121,1304989,NA,NA,"","Dallas","TX","South","West South Central",1304989,"TX"
"Danbury, CT","City","Danbury",0,0,4,7,8,73,8,2017,5,"CT","Danbury, CT,City",11,89,"Danbury","https://ct.beyond2020.com/ct_public/Dim/dimension.aspx","State UCR","Open Source",87164,87327,NA,NA,"","Danbury","CT","Northeast","New England",87327,"CT"
"Dayton, OH","City","Dayton",5,11,35,59,153,338,43,2017,5,"OH","Dayton, OH,City",110,534,"Dayton","https://ocjs.ohio.gov/","State UCR","Provided by State UCR Program",137084,135181,NA,NA,"","Dayton","OH","Midwest","East North Central",135181,"OH"
"Decatur, IL","City","Decatur",2,6,5,46,49,96,27,2022,7,"IL","Decatur, IL,City",59,172,"Decatur","https://ilucr.nibrs.com/AdvancedSearch/AdvancedSearch","State UCR","Open Source",68789,68301,NA,NA,"","Decatur","IL","Midwest","East North Central",68301,"IL"
"Delaware, OH","County","Delaware",0,3,1,5,19,89,6,2018,9,"OH","Delaware, OH,County",9,114,NA,NA,NA,NA,NA,NA,NA,NA,NA,NA,NA,NA,NA,NA,"OH"
"Denton, TX","City","Denton",0,12,3,21,51,170,20,2017,1,"TX","Denton, TX,City",36,241,"Denton","https://txucr.nibrs.com/SRSReport/CrimeTrends","State UCR","Open Source",154230,155215,NA,NA,"","Denton","TX","South","West South Central",155215,"TX"
"Denton, TX","County","Denton",0,2,0,3,5,26,7,2020,8,"TX","Denton, TX,County",5,38,"Denton","https://txucr.nibrs.com/SRSReport/CrimeTrends","State UCR","Open Source",160587,160587,NA,NA,"","Denton","TX","South","West South Central",160587,"TX"
"Denver, CO","City","Denver",3,67,89,249,312,1259,430,2017,3,"CO","Denver, CO,City",408,2001,"Denver","https://coloradocrimestats.state.co.us/public/View/dispview.aspx","State UCR","Open Source",705264,712222,NA,NA,"","Denver","CO","West","Mountain",712222,"CO"
"Desoto, TX","City","Desoto",0,2,2,10,10,54,22,2020,5,"TX","Desoto, TX,City",14,86,"Desoto","https://txucr.nibrs.com/SRSReport/CrimeTrends","State UCR","Open Source",55956,56257,NA,NA,"","DeSoto","TX","South","West South Central",56257,"TX"
"Detroit, MI","City","Detroit",19,45,190,660,732,1247,603,2017,10,"MI","Detroit, MI,City",914,2582,"Detroit","https://data.detroitmi.gov/datasets/rms-crime-incidents","Agency RMS","Open Source",626757,615501,NA,NA,"","Detroit","MI","Midwest","East North Central",615501,"MI"
"Dublin, OH","City","Dublin",0,2,2,2,10,20,0,2019,5,"OH","Dublin, OH,City",6,30,"Dublin","https://ocjs.ohio.gov/","State UCR","Provided by State UCR Program",48799,48799,NA,NA,"","Dublin","OH","Midwest","East North Central",48827,"OH"
"Duluth, MN","City","Duluth",0,2,3,17,27,237,16,2017,3,"MN","Duluth, MN,City",22,280,"Duluth","https://cde.state.mn.us/","State UCR","Open Source",86144,86570,NA,NA,"","Duluth","MN","Midwest","West North Central",86570,"MN"
"Dunwoody, GA","City","Dunwoody",0,0,5,6,10,119,1,2022,9,"GA","Dunwoody, GA,City",11,130,"Dunwoody","https://www.dunwoodyga.gov/police/crime-info-stats/crime-comparison","Agency Aggregated","Open Source",50271,52505,NA,NA,"","Dunwoody","GA","South","South Atlantic",52505,"GA"
"Durham, NC","City","Durham",5,10,48,137,137,644,62,2021,8,"NC","Durham, NC,City",200,843,"Durham","https://www.durhamnc.gov/Archive.aspx?AMID=195","Agency Aggregated","Open Source",286377,295788,NA,NA,"","Durham","NC","South","South Atlantic",295788,"NC"
"Eagan, MN","City","Eagan",0,0,0,2,7,99,4,2024,6,"MN","Eagan, MN,City",2,110,"Eagan","https://cde.state.mn.us/","State UCR","Open Source",68518,66943,NA,NA,"Inferred Aug 2020 from annual average","Eagan","MN","Midwest","West North Central",66943,"MN"
"East Hartford, CT","City","East Hartford",0,2,2,2,8,37,9,2019,6,"CT","East Hartford, CT,City",6,54,"East Hartford","https://ct.beyond2020.com/ct_public/Dim/dimension.aspx","State UCR","Open Source",50579,50625,NA,NA,"","East Hartford","CT","Northeast","New England",50625,"CT"
"Eden Prairie, MN","City","Eden Prairie",0,1,1,1,11,72,5,2023,8,"MN","Eden Prairie, MN,City",3,88,"Eden Prairie","https://cde.state.mn.us/","State UCR","Open Source",62008,61645,NA,NA,"","Eden Prairie","MN","Midwest","West North Central",61645,"MN"
"Edina, MN","City","Edina",0,0,0,0,11,63,2,2017,3,"MN","Edina, MN,City",0,76,"Edina","https://cde.state.mn.us/","State UCR","Open Source",53206,51980,NA,NA,"","Edina","MN","Midwest","West North Central",51980,"MN"
"Edinburg, TX","City","Edinburg",1,3,5,24,36,217,8,2017,10,"TX","Edinburg, TX,City",33,261,"Edinburg","https://txucr.nibrs.com/SRSReport/CrimeTrends","State UCR","Open Source",104987,106137,NA,NA,"","Edinburg","TX","South","West South Central",106137,"TX"
"El Cajon, CA","City","El Cajon",0,3,14,14,28,151,37,2018,3,"CA","El Cajon, CA,City",31,216,"El Cajon","https://crimestats.arjis.org/default.aspx","Agency Aggregated","Open Source",104693,103569,NA,NA,"","El Cajon","CA","West","Pacific",103569,"CA"
"El Paso, TX","City","El Paso",2,30,19,108,91,586,77,2021,10,"TX","El Paso, TX,City",159,754,"El Paso","https://txucr.nibrs.com/SRSReport/CrimeTrends","State UCR","Open Source",678232,676665,NA,NA,"","El Paso","TX","South","West South Central",676665,"TX"
"El Paso, TX","County","El Paso",0,1,0,11,15,37,6,2017,8,"TX","El Paso, TX,County",12,58,"El Paso","https://txucr.nibrs.com/SRSReport/CrimeTrends","State UCR","Open Source",116599,116599,NA,NA,"","El Paso","TX","South","West South Central",116599,"TX"
"Elyria, OH","City","Elyria",0,2,2,8,5,56,3,2021,1,"OH","Elyria, OH,City",12,64,"Elyria","https://ocjs.ohio.gov/","State UCR","Provided by State UCR Program",52902,53024,NA,NA,"","Elyria","OH","Midwest","East North Central",53024,"OH"
"Erie, PA","City","Erie",0,1,11,21,46,146,12,2017,5,"PA","Erie, PA,City",33,204,"Erie","https://www.ucr.pa.gov/PAUCRSPUBLIC/SRSReport/CrimeTrends","State UCR","Open Source",93363,92920,NA,NA,"","Erie","PA","Northeast","Middle Atlantic",92920,"PA"
"Escondido, CA","City","Escondido",0,4,6,27,29,164,27,2020,2,"CA","Escondido, CA,City",37,220,"Escondido","https://crimestats.arjis.org/default.aspx","Agency Aggregated","Open Source",150072,149837,NA,NA,"","Escondido","CA","West","Pacific",149837,"CA"
"Euclid, OH","City","Euclid",0,2,5,6,3,44,24,2023,5,"OH","Euclid, OH,City",13,71,"Euclid","https://ocjs.ohio.gov/","State UCR","Provided by State UCR Program",48344,48344,NA,NA,"","Euclid","OH","Midwest","East North Central",48170,"OH"
"Euless, TX","City","Euless",0,3,5,8,10,90,10,2022,3,"TX","Euless, TX,City",16,110,"Euless","https://txucr.nibrs.com/SRSReport/CrimeTrends","State UCR","Open Source",59901,59722,NA,NA,"","Euless","TX","South","West South Central",59722,"TX"
"Evanston, IL","City","Evanston",0,1,4,14,36,170,5,2017,6,"IL","Evanston, IL,City",19,211,"Evanston","https://ilucr.nibrs.com/AdvancedSearch/AdvancedSearch","State UCR","Open Source",76259,74413,NA,NA,"","Evanston","IL","Midwest","East North Central",74413,"IL"
"Fairfax, VA","County","Fairfax",2,19,40,52,60,1238,118,2023,3,"VA","Fairfax, VA,County",113,1416,"Fairfax","From VA","State UCR","",1094031,1094031,NA,NA,"","Fairfax County Police Department","VA","South","South Atlantic",1094031,"VA"
"Fall River, MA","City","Fall River",0,7,9,52,35,37,17,2020,9,"MA","Fall River, MA,City",68,89,"Fall River","https://www.mass.gov/crime-statistics","State UCR","Provided by State UCR Program",94339,93879,NA,NA,"","Fall River","MA","Northeast","New England",93879,"MA"
"Fayetteville, NC","City","Fayetteville",3,NA,21,64,98,429,70,2023,9,"NC","Fayetteville, NC,City",88,597,"Fayetteville","https://data.fayettevillenc.gov/search?tags=incidents","Agency RMS","Open Source",208980,209262,NA,NA,"","Fayetteville","NC","South","South Atlantic",209262,"NC"
"Florissant, MO","City","Florissant",1,0,2,4,6,67,8,2017,2,"MO","Florissant, MO,City",7,81,"Florissant","https://showmecrime.mo.gov/","State UCR","Open Source",51565,51045,NA,NA,"","Florissant","MO","Midwest","West North Central",51045,"MO"
"Flower Mound, TX","City","Flower Mound",0,1,0,0,3,39,2,2023,6,"TX","Flower Mound, TX,City",1,44,"Flower Mound","https://txucr.nibrs.com/SRSReport/CrimeTrends","State UCR","Open Source",78167,79513,NA,NA,"","Flower Mound","TX","South","West South Central",79513,"TX"
"Fort Bend, TX","County","Fort Bend",0,12,8,35,55,326,34,2021,11,"TX","Fort Bend, TX,County",55,415,"Fort Bend","https://txucr.nibrs.com/SRSReport/CrimeTrends","State UCR","Open Source",578695,578695,NA,NA,"","Fort Bend","TX","South","West South Central",578695,"TX"
"Fort Collins, CO","City","Fort Collins",1,9,1,26,30,325,19,2019,4,"CO","Fort Collins, CO,City",37,374,"Fort Collins","https://coloradocrimestats.state.co.us/public/View/dispview.aspx","State UCR","Open Source",168045,168886,NA,NA,"","Fort Collins","CO","West","Mountain",168886,"CO"
"Fort Worth, TX","City","Fort Worth",5,72,67,259,319,1551,505,2023,10,"TX","Fort Worth, TX,City",403,2375,"Fort Worth","https://txucr.nibrs.com/SRSReport/CrimeTrends","State UCR","Open Source",948605,973722,NA,NA,"","Fort Worth","TX","South","West South Central",973722,"TX"
"Fremont, CA","City","Fremont",0,4,10,19,54,261,27,2021,10,"CA","Fremont, CA,City",33,342,"Fremont","https://www.fremontpolice.gov/","Agency Aggregated","Provided by Agency",223430,220775,NA,NA,"","Fremont","CA","West","Pacific",220775,"CA"
"Frisco, TX","City","Frisco",0,5,1,10,12,164,17,2024,9,"TX","Frisco, TX,City",16,193,"Frisco","https://txucr.nibrs.com/SRSReport/CrimeTrends","State UCR","Open Source",218962,228527,NA,NA,"","Frisco","TX","South","West South Central",228527,"TX"
"Galveston, TX","City","Galveston",0,5,4,9,15,82,21,2018,3,"TX","Galveston, TX,City",18,118,"Galveston","https://txucr.nibrs.com/SRSReport/CrimeTrends","State UCR","Open Source",52920,52810,NA,NA,"","Galveston","TX","South","West South Central",52810,"TX"
"Garland, TX","City","Garland",0,5,15,33,66,312,88,2023,4,"TX","Garland, TX,City",53,466,"Garland","https://txucr.nibrs.com/SRSReport/CrimeTrends","State UCR","Open Source",241095,240051,NA,NA,"","Garland","TX","South","West South Central",240051,"TX"
"Georgetown, TX","City","Georgetown",0,4,1,13,11,71,5,2024,4,"TX","Georgetown, TX,City",18,87,"Georgetown","https://txucr.nibrs.com/SRSReport/CrimeTrends","State UCR","Open Source",83371,87871,NA,NA,"","Georgetown","TX","South","West South Central",87871,"TX"
"Gilbert, AZ","City","Gilbert",0,6,3,29,22,230,15,2024,10,"AZ","Gilbert, AZ,City",38,267,"Gilbert","https://azcrimestatistics.azdps.gov/","State UCR","Open Source",277123,278495,NA,NA,"","Gilbert","AZ","West","Mountain",278495,"AZ"
"Glendale, AZ","City","Glendale",4,5,58,44,167,761,107,2017,1,"AZ","Glendale, AZ,City",111,1035,"Glendale","https://azcrimestatistics.azdps.gov/","State UCR","Open Source",250466,253768,NA,NA,"","Glendale","AZ","West","Mountain",253768,"AZ"
"Glendale, CA","City","Glendale",1,2,18,11,34,197,22,2017,6,"CA","Glendale, CA,City",32,253,"Glendale","https://www.glendaleca.gov/government/departments/police-department/community-outreach-resources-and-engagement-c-o-r-e/crime-prevention-programs-resources/crime-statistics-booking-logs","Agency Aggregated","Open Source",188599,185923,NA,NA,"","Glendale","CA","West","Pacific",185923,"CA"
"Goodyear, AZ","City","Goodyear",0,2,3,14,32,119,11,2018,7,"AZ","Goodyear, AZ,City",19,162,"Goodyear","https://azcrimestatistics.azdps.gov/","State UCR","Open Source",107212,109929,NA,NA,"","Goodyear","AZ","West","Mountain",109929,"AZ"
"Grand Island, NE","City","Grand Island",0,2,0,11,11,88,10,2023,4,"NE","Grand Island, NE,City",13,109,"Grand Island","https://crimestats.ne.gov/public/View/RSReport.aspx?ReportId=1082","State UCR","Open Source",51733,52264,NA,NA,"","Grand Island","NE","Midwest","West North Central",52264,"NE"
"Grand Junction, CO","City","Grand Junction",1,6,4,28,21,193,30,2021,3,"CO","Grand Junction, CO,City",39,244,"Grand Junction","https://coloradocrimestats.state.co.us/public/View/dispview.aspx","State UCR","Open Source",68126,69240,NA,NA,"","Grand Junction","CO","West","Mountain",69240,"CO"
"Grand Prairie, TX","City","Grand Prairie",2,3,6,32,29,219,35,2021,7,"TX","Grand Prairie, TX,City",43,283,"Grand Prairie","https://txucr.nibrs.com/SRSReport/CrimeTrends","State UCR","Open Source",199663,205487,NA,NA,"","Grand Prairie","TX","South","West South Central",205487,"TX"
"Grand Rapids, MI","City","Grand Rapids",1,21,19,69,38,185,35,2019,10,"MI","Grand Rapids, MI,City",110,258,"Grand Rapids","https://grpd-grandrapids.hub.arcgis.com/","Agency RMS","Open Source",196662,196019,NA,NA,"","Grand Rapids","MI","Midwest","East North Central",196019,"MI"
"Grapevine, TX","City","Grapevine",0,0,1,4,7,69,12,2019,1,"TX","Grapevine, TX,City",5,88,"Grapevine","https://txucr.nibrs.com/SRSReport/CrimeTrends","State UCR","Open Source",50988,51458,NA,NA,"","Grapevine","TX","South","West South Central",51458,"TX"
"Greeley, CO","City","Greeley",0,5,12,53,43,218,66,2023,5,"CO","Greeley, CO,City",70,327,"Greeley","https://coloradocrimestats.state.co.us/public/View/dispview.aspx","State UCR","Open Source",109258,109183,NA,NA,"","Greeley","CO","West","Mountain",109183,"CO"
"Green Township, OH","City","Green Township",1,2,2,4,3,66,2,2022,3,"OH","Green Township, OH,City",9,71,"Green Township","https://ocjs.ohio.gov/","State UCR","Provided by State UCR Program",59568,59277,NA,NA,"","Green Township","OH","Midwest","East North Central",59277,"OH"
"Greensboro, NC","City","Greensboro",6,6,52,126,167,724,98,2021,11,"NC","Greensboro, NC,City",190,989,"Greensboro","https://data.greensboro-nc.gov/pages/385998aa22e940999b05b6c3b6dcad03","Agency Aggregated","Provided by Agency",298719,303237,NA,NA,"","Greensboro","NC","South","South Atlantic",303237,"NC"
"Greenwich, CT","City","Greenwich",0,0,0,0,3,20,8,2021,5,"CT","Greenwich, CT,City",0,31,"Greenwich","https://ct.beyond2020.com/ct_public/Dim/dimension.aspx","State UCR","Open Source",63631,63777,NA,NA,"","Greenwich","CT","Northeast","New England",63777,"CT"
"Hamilton, OH","County","Hamilton",1,6,2,37,39,179,28,2019,9,"OH","Hamilton, OH,County",46,246,NA,NA,NA,NA,NA,NA,NA,NA,NA,NA,NA,NA,NA,NA,"OH"
"Hampton, VA","City","Hampton",3,2,8,24,29,252,29,2021,6,"VA","Hampton, VA,City",37,310,"Hampton","https://vsp.virginia.gov/","State UCR","Provided by State UCR Program",138843,138533,NA,NA,"","Hampton","VA","South","South Atlantic",138533,"VA"
"Hanover, VA","County","Hanover",0,4,3,13,3,66,3,2021,5,"VA","Hanover, VA,County",20,72,"Hanover","From VA","State UCR","",106595,106595,NA,NA,"","Hanover","VA","South","South Atlantic",106595,"VA"
"Harlingen, TX","City","Harlingen",0,1,2,13,51,175,8,2021,12,"TX","Harlingen, TX,City",16,234,"Harlingen","https://txucr.nibrs.com/SRSReport/CrimeTrends","State UCR","Open Source",72047,71581,NA,NA,"","Harlingen","TX","South","West South Central",71581,"TX"
"Harris, TX","County","Harris",7,99,175,299,529,2507,571,2020,2,"TX","Harris, TX,County",580,3607,"Harris","https://txucr.nibrs.com/SRSReport/CrimeTrends","State UCR","Open Source",2057899,2057899,NA,NA,"","Harris","TX","South","West South Central",2057899,"TX"
"Harrisburg, PA","City","Harrisburg",1,4,14,27,29,69,8,2019,7,"PA","Harrisburg, PA,City",46,106,"Harrisburg","https://www.ucr.pa.gov/PAUCRSPUBLIC/SRSReport/CrimeTrends","State UCR","Open Source",50201,50229,NA,NA,"","Harrisburg","PA","Northeast","Middle Atlantic",50229,"PA"
"Harrisonburg, VA","City","Harrisonburg",0,2,0,7,18,72,4,2023,7,"VA","Harrisonburg, VA,City",9,94,"Harrisonburg","https://vsp.virginia.gov/","State UCR","Provided by State UCR Program",51363,50928,NA,NA,"","Harrisonburg","VA","South","South Atlantic",50928,"VA"
"Hartford, CT","City","Hartford",1,6,14,23,22,150,72,2024,4,"CT","Hartford, CT,City",44,244,"Hartford","https://ct.beyond2020.com/ct_public/Dim/dimension.aspx","State UCR","Open Source",120196,120710,NA,NA,"","Hartford","CT","Northeast","New England",120710,"CT"
"Haverford, PA","City","Haverford",0,0,0,0,1,19,2,2021,2,"PA","Haverford, PA,City",0,22,"Haverford","https://www.ucr.pa.gov/PAUCRSPUBLIC/SRSReport/CrimeTrends","State UCR","Open Source",50505,50505,NA,NA,"","Haverford Township","PA","Northeast","Middle Atlantic",50505,"PA"
"Haverhill, MA","City","Haverhill",0,2,2,31,23,37,3,2021,8,"MA","Haverhill, MA,City",35,63,"Haverhill","https://www.mass.gov/crime-statistics","State UCR","Provided by State UCR Program",67359,67133,NA,NA,"","Haverhill","MA","Northeast","New England",67133,"MA"
"Hays, TX","County","Hays",0,9,1,8,12,68,10,2022,1,"TX","Hays, TX,County",18,90,"Hays","https://txucr.nibrs.com/SRSReport/CrimeTrends","State UCR","Open Source",130433,130433,NA,NA,"","Hays","TX","South","West South Central",130433,"TX"
"Henderson, NV","City","Henderson",1,6,18,22,73,396,52,2019,3,"NV","Henderson, NV,City",47,521,"Henderson","https://nevadacrimestats.nv.gov/public/View/dispview.aspx","State UCR","Open Source",325332,337794,NA,NA,"","Henderson","NV","West","Mountain",337794,"NV"
"Henrico, VA","County","Henrico",2,2,16,40,74,664,56,2018,7,"VA","Henrico, VA,County",60,794,"Henrico","From VA","State UCR","",334046,334046,NA,NA,"","Henrico County Police Department","VA","South","South Atlantic",334046,"VA"
"Hidalgo, TX","County","Hidalgo",0,11,6,34,57,157,52,2023,10,"TX","Hidalgo, TX,County",51,266,"Hidalgo","https://txucr.nibrs.com/SRSReport/CrimeTrends","State UCR","Open Source",260352,260352,NA,NA,"","Hidalgo","TX","South","West South Central",260352,"TX"
"Honolulu, HI","City","Honolulu",1,NA,51,101,201,1250,292,2023,5,"HI","Honolulu, HI,City",153,1743,"Honolulu","https://www.honolulupd.org/dashboard/crime-by-category/","Agency Aggregated","Open Source",994799,987546,NA,NA,"","Honolulu","HI","West","Pacific",987546,"HI"
"Houston, TX","City","Houston",62,117,637,1586,1357,5920,1324,2021,10,"TX","Houston, TX,City",2402,8601,"Houston","https://txucr.nibrs.com/SRSReport/CrimeTrends","State UCR","Open Source",2276533,2304406,NA,NA,"","Houston","TX","South","West South Central",2304406,"TX"
"Idaho Falls, ID","City","Idaho Falls",0,4,1,13,24,42,9,2019,11,"ID","Idaho Falls, ID,City",18,75,"Idaho Falls","https://nibrs.isp.idaho.gov/CrimeInIdaho/AdvancedSearch/AdvancedSearch","State UCR","Open Source",68162,68662,NA,NA,"","Idaho Falls","ID","West","Mountain",68662,"ID"
"Independence, MO","City","Independence",0,16,11,32,38,273,93,2021,11,"MO","Independence, MO,City",59,404,"Independence","https://showmecrime.mo.gov/","State UCR","Open Source",121255,120326,NA,NA,"","Independence","MO","Midwest","West North Central",120326,"MO"
"Indianapolis, IN","City","Indianapolis",9,38,282,485,727,2051,447,2017,12,"IN","Indianapolis, IN,City",814,3225,"Indianapolis","https://www.indy.gov/agency/indianapolis-metropolitan-police-department","Agency Aggregated","Provided by Agency",886455,887131,NA,NA,"","Indianapolis","IN","Midwest","East North Central",887131,"IN"
"Irving, TX","City","Irving",3,5,15,17,58,342,52,2018,6,"TX","Irving, TX,City",40,452,"Irving","https://txucr.nibrs.com/SRSReport/CrimeTrends","State UCR","Open Source",254141,255203,NA,NA,"","Irving","TX","South","West South Central",255203,"TX"
"Jefferson Parish, LA","County","Jefferson Parish",6,2,47,79,135,696,74,2017,1,"LA","Jefferson Parish, LA,County",134,905,NA,NA,NA,NA,NA,NA,NA,NA,NA,NA,NA,NA,NA,NA,"LA"
"Jefferson, MO","County","Jefferson",0,3,1,42,30,72,16,2023,2,"MO","Jefferson, MO,County",46,118,"Jefferson","https://showmecrime.mo.gov/","State UCR","Open Source",167018,167018,NA,NA,"","Jefferson","MO","Midwest","West North Central",167018,"MO"
"Joplin, MO","City","Joplin",0,7,4,16,31,228,48,2020,9,"MO","Joplin, MO,City",27,307,"Joplin","https://showmecrime.mo.gov/","State UCR","Open Source",51989,52881,NA,NA,"","Joplin","MO","Midwest","West North Central",52881,"MO"
"Kalamazoo, MI","County","Kalamazoo",0,4,4,18,24,134,16,2018,11,"MI","Kalamazoo, MI,County",26,174,"Kalamazoo","https://www.michigan.gov/msp/divisions/cjic/dashboard-portal/crime-dashboard","State UCR","Open Source",108458,108458,NA,NA,"","Kalamazoo","MI","Midwest","East North Central",108458,"MI"
"Kansas City, MO","City","Kansas City",9,36,72,533,285,1091,527,2022,12,"MO","Kansas City, MO,City",650,1903,"Kansas City","https://showmecrime.mo.gov/","State UCR","Open Source",508856,509855,NA,NA,"","Kansas City","MO","Midwest","West North Central",509855,"MO"
"Kaufman, TX","County","Kaufman",0,7,0,8,10,28,3,2018,10,"TX","Kaufman, TX,County",15,41,"Kaufman","https://txucr.nibrs.com/SRSReport/CrimeTrends","State UCR","Open Source",111179,111179,NA,NA,"","Kaufman","TX","South","West South Central",111179,"TX"
"Killeen, TX","City","Killeen",0,7,5,42,33,152,52,2023,8,"TX","Killeen, TX,City",54,237,"Killeen","https://txucr.nibrs.com/SRSReport/CrimeTrends","State UCR","Open Source",159546,161968,NA,NA,"","Killeen","TX","South","West South Central",161968,"TX"
"Knoxville, TN","City","Knoxville",2,7,16,73,99,488,67,2019,9,"TN","Knoxville, TN,City",98,654,"Knoxville","https://crimeinsight.tbi.tn.gov/public/View/dispview.aspx","Agency Aggregated","Provided by Agency",194724,198132,NA,NA,"","Knoxville","TN","South","East South Central",198132,"TN"
"Kyle, TX","City","Kyle",0,5,0,7,9,54,4,2024,8,"TX","Kyle, TX,City",12,67,"Kyle","https://txucr.nibrs.com/SRSReport/CrimeTrends","State UCR","Open Source",57724,63931,NA,NA,"","Kyle","TX","South","West South Central",63931,"TX"
"La Mesa, CA","City","La Mesa",0,3,2,13,5,50,15,2024,6,"CA","La Mesa, CA,City",18,70,"La Mesa","https://crimestats.arjis.org/default.aspx","Agency Aggregated","Open Source",60333,60008,NA,NA,"","La Mesa","CA","West","Pacific",60008,"CA"
"Lake Havasu City, AZ","City","Lake Havasu City",0,5,1,4,6,56,7,2020,10,"AZ","Lake Havasu City, AZ,City",10,69,"Lake Havasu City","https://azcrimestatistics.azdps.gov/","State UCR","Open Source",59166,59720,NA,NA,"","Lake Havasu City","AZ","West","Mountain",59720,"AZ"
"Lakeville, MN","City","Lakeville",0,2,1,2,13,53,5,2019,7,"MN","Lakeville, MN,City",5,71,"Lakeville","https://cde.state.mn.us/","State UCR","Open Source",75548,76929,NA,NA,"","Lakeville","MN","Midwest","West North Central",76929,"MN"
"Lancaster, PA","City","Lancaster",0,2,6,14,10,57,17,2023,7,"PA","Lancaster, PA,City",22,84,"Lancaster","https://www.ucr.pa.gov/PAUCRSPUBLIC/SRSReport/CrimeTrends","State UCR","Open Source",57295,57213,NA,NA,"","Lancaster","PA","Northeast","Middle Atlantic",57213,"PA"
"Laredo, TX","City","Laredo",1,12,11,36,87,300,28,2019,3,"TX","Laredo, TX,City",60,415,"Laredo","https://txucr.nibrs.com/SRSReport/CrimeTrends","State UCR","Open Source",256973,256542,NA,NA,"","Laredo","TX","South","West South Central",256542,"TX"
"Las Vegas, NV","City","Las Vegas",15,NA,107,485,791,2538,863,2021,10,"NV","Las Vegas, NV,City",607,4192,"Las Vegas","https://nevadacrimestats.nv.gov/public/View/dispview.aspx","State UCR","Open Source",1667961,1670226,NA,NA,"","Las Vegas Metropolitan Police Department","NV","West","Mountain",1670226,"NV"
"Lawrence, MA","City","Lawrence",0,1,4,38,10,81,7,2023,7,"MA","Lawrence, MA,City",43,98,"Lawrence","https://www.mass.gov/crime-statistics","State UCR","Provided by State UCR Program",88422,87806,NA,NA,"","Lawrence","MA","Northeast","New England",87806,"MA"
"League City, TX","City","League City",0,1,1,5,9,97,4,2024,11,"TX","League City, TX,City",7,110,"League City","https://txucr.nibrs.com/SRSReport/CrimeTrends","State UCR","Open Source",116511,115791,NA,NA,"","League City","TX","South","West South Central",115791,"TX"
"Lee's Summit, MO","City","Lee's Summit",0,3,3,18,13,129,35,2021,1,"MO","Lee's Summit, MO,City",24,177,"Lee's Summit","https://showmecrime.mo.gov/","State UCR","Open Source",103976,104402,NA,NA,"","Lee's Summit","MO","Midwest","West North Central",104402,"MO"
"Lewisville, TX","City","Lewisville",0,4,2,9,14,115,35,2024,7,"TX","Lewisville, TX,City",15,164,"Lewisville","https://txucr.nibrs.com/SRSReport/CrimeTrends","State UCR","Open Source",113568,133694,NA,NA,"","Lewisville","TX","South","West South Central",133694,"TX"
"Lexington, KY","City","Lexington",1,16,32,35,79,516,90,2024,5,"KY","Lexington, KY,City",84,685,"Lexington","https://www.lexingtonky.gov/crime-data","Agency Aggregated","Open Source",320983,319994,NA,NA,"","Lexington","KY","South","East South Central",319994,"KY"
"Lincoln, NE","City","Lincoln",0,19,9,58,54,366,53,2024,11,"NE","Lincoln, NE,City",86,473,"Lincoln","https://crimestats.ne.gov/public/View/RSReport.aspx?ReportId=1082","State UCR","Open Source",293937,293155,NA,NA,"","Lincoln","NE","Midwest","West North Central",293155,"NE"
"Little Elm, TX","City","Little Elm",0,3,3,4,2,17,3,2020,3,"TX","Little Elm, TX,City",10,22,"Little Elm","https://txucr.nibrs.com/SRSReport/CrimeTrends","State UCR","Open Source",55340,59954,NA,NA,"","Little Elm","TX","South","West South Central",59954,"TX"
"Little Rock, AR","City","Little Rock",6,19,35,277,169,657,87,2022,7,"AR","Little Rock, AR,City",337,913,"Little Rock","https://www.littlerock.gov/media/21988/part-i-offenses-by-month.pdf","Agency Aggregated","Open Source",201513,202986,NA,NA,"","Little Rock","AR","South","West South Central",202986,"AR"
"Long Beach, CA","City","Long Beach",3,22,111,125,221,635,232,2017,10,"CA","Long Beach, CA,City",261,1088,"Long Beach","https://www.longbeach.gov/police/crime-info/crime-statistics/","Agency Aggregated","Open Source",447528,444415,NA,NA,"","Long Beach","CA","West","Pacific",444415,"CA"
"Longview, TX","City","Longview",0,5,9,12,44,180,15,2017,7,"TX","Longview, TX,City",26,239,"Longview","https://txucr.nibrs.com/SRSReport/CrimeTrends","State UCR","Open Source",81811,82981,NA,NA,"","Longview","TX","South","West South Central",82981,"TX"
"Lorain, OH","City","Lorain",1,2,8,19,87,157,9,2017,7,"OH","Lorain, OH,City",30,253,"Lorain","https://ocjs.ohio.gov/","State UCR","Provided by State UCR Program",65536,65436,NA,NA,"","Lorain","OH","Midwest","East North Central",65436,"OH"
"Los Angeles, CA","City","Los Angeles",23,NA,NA,NA,NA,NA,NA,2020,2,"CA","Los Angeles, CA,City",23,0,"Los Angeles","https://www.lapdonline.org/","Agency Aggregated","Provided by Agency",3809182,3786018,NA,NA,"","Los Angeles","CA","West","Pacific",3786018,"CA"
"Los Angeles, CA","County","Los Angeles",12,18,343,629,894,2647,1376,2024,11,"CA","Los Angeles, CA,County",1002,4917,"Los Angeles","https://lasd.org/transparency/part1and2crimedata/#part1","Agency Aggregated","Open Source",1008018,1008018,NA,NA,"","Los Angeles","CA","West","Pacific",1008018,"CA"
"Louisville, KY","City","Louisville",9,18,92,185,387,1638,306,2018,11,"KY","Louisville, KY,City",304,2331,"Louisville","https://data.louisvilleky.gov/search?tags=lmpd","Agency RMS","Open Source",677554,669468,NA,NA,"","Louisville Metro","KY","South","East South Central",669468,"KY"
"Loveland, CO","City","Loveland",0,3,1,15,10,155,22,2021,12,"CO","Loveland, CO,City",19,187,"Loveland","https://coloradocrimestats.state.co.us/public/View/dispview.aspx","State UCR","Open Source",77770,78656,NA,NA,"","Loveland","CO","West","Mountain",78656,"CO"
"Lower Merion, PA","City","Lower Merion",0,0,4,8,6,81,6,2022,5,"PA","Lower Merion, PA,City",12,93,"Lower Merion","https://www.ucr.pa.gov/PAUCRSPUBLIC/SRSReport/CrimeTrends","State UCR","Open Source",64642,64350,NA,NA,"","Lower Merion Township","PA","Northeast","Middle Atlantic",64350,"PA"
"Lower Paxton, PA","City","Lower Paxton",0,1,1,2,3,57,2,2017,10,"PA","Lower Paxton, PA,City",4,62,"Lower Paxton","https://www.ucr.pa.gov/PAUCRSPUBLIC/SRSReport/CrimeTrends","State UCR","Open Source",54552,55204,NA,NA,"","Lower Paxton Township","PA","Northeast","Middle Atlantic",55204,"PA"
"Lynchburg, VA","City","Lynchburg",1,0,2,16,13,93,15,2018,11,"VA","Lynchburg, VA,City",19,121,"Lynchburg","https://vsp.virginia.gov/","State UCR","Provided by State UCR Program",79421,79509,NA,NA,"","Lynchburg","VA","South","South Atlantic",79509,"VA"
"Lynn, MA","City","Lynn",0,3,1,30,11,41,18,2021,3,"MA","Lynn, MA,City",34,70,"Lynn","https://www.mass.gov/crime-statistics","State UCR","Provided by State UCR Program",101056,101144,NA,NA,"","Lynn","MA","Northeast","New England",101144,"MA"
"Manchester, CT","City","Manchester",0,1,1,1,8,139,18,2021,11,"CT","Manchester, CT,City",3,165,"Manchester","https://ct.beyond2020.com/ct_public/Dim/dimension.aspx","State UCR","Open Source",59293,59408,NA,NA,"","Manchester","CT","Northeast","New England",59408,"CT"
"Mansfield, TX","City","Mansfield",0,1,4,5,10,75,5,2023,8,"TX","Mansfield, TX,City",10,90,"Mansfield","https://txucr.nibrs.com/SRSReport/CrimeTrends","State UCR","Open Source",75993,78788,NA,NA,"","Mansfield","TX","South","West South Central",78788,"TX"
"Maple Grove, MN","City","Maple Grove",0,3,1,5,7,84,1,2021,3,"MN","Maple Grove, MN,City",9,92,"Maple Grove","https://cde.state.mn.us/","State UCR","Open Source",70935,70729,NA,NA,"","Maple Grove","MN","Midwest","West North Central",70729,"MN"
"Marana, AZ","City","Marana",0,0,0,1,7,86,4,2022,10,"AZ","Marana, AZ,City",1,97,"Marana","https://azcrimestatistics.azdps.gov/","State UCR","Open Source",57119,57718,NA,NA,"","Marana","AZ","West","Mountain",57718,"AZ"
"McAllen, TX","City","McAllen",0,8,1,15,11,194,3,2021,7,"TX","McAllen, TX,City",24,208,"McAllen","https://txucr.nibrs.com/SRSReport/CrimeTrends","State UCR","Open Source",145510,145684,NA,NA,"","McAllen","TX","South","West South Central",145684,"TX"
"Mckinney, TX","City","Mckinney",0,10,8,16,28,124,4,2018,9,"TX","Mckinney, TX,City",34,156,"Mckinney","https://txucr.nibrs.com/SRSReport/CrimeTrends","State UCR","Open Source",208415,212716,NA,NA,"","McKinney","TX","South","West South Central",212716,"TX"
"Medford, MA","City","Medford",0,0,2,9,4,44,4,2021,9,"MA","Medford, MA,City",11,52,"Medford","https://www.mass.gov/crime-statistics","State UCR","Provided by State UCR Program",64122,68280,NA,NA,"","Medford","MA","Northeast","New England",68280,"MA"
"Memphis, TN","City","Memphis",20,36,189,666,516,2542,948,2022,6,"TN","Memphis, TN,City",911,4006,"Memphis","https://crimeinsight.tbi.tn.gov/public/View/dispview.aspx","Agency Aggregated","Open Source",624944,616061,NA,NA,"","Memphis","TN","South","East South Central",616061,"TN"
"Meridian, ID","City","Meridian",0,11,0,20,9,58,0,2021,7,"ID","Meridian, ID,City",31,67,"Meridian","https://nibrs.isp.idaho.gov/CrimeInIdaho/AdvancedSearch/AdvancedSearch","State UCR","Open Source",132522,135239,NA,NA,"","Meridian","ID","West","Mountain",135239,"ID"
"Mesa, AZ","City","Mesa",1,21,15,175,70,464,77,2024,10,"AZ","Mesa, AZ,City",212,611,"Mesa","https://azcrimestatistics.azdps.gov/","State UCR","Open Source",513116,515848,NA,NA,"","Mesa","AZ","West","Mountain",515848,"AZ"
"Mesquite, TX","City","Mesquite",1,6,10,27,43,206,65,2024,9,"TX","Mesquite, TX,City",44,314,"Mesquite","https://txucr.nibrs.com/SRSReport/CrimeTrends","State UCR","Open Source",147226,147926,NA,NA,"","Mesquite","TX","South","West South Central",147926,"TX"
"Miami Beach, FL","City","Miami Beach",0,11,25,35,69,570,49,2018,3,"FL","Miami Beach, FL,City",71,688,"Miami Beach","https://www.miamibeachfl.gov/yourmbpd/monthlycrimesdatareport/","Agency Aggregated","Open Source",89017,78824,NA,NA,"Population via FBI CIUS 2020","Miami Beach","FL","South","South Atlantic",78824,"FL"
"Midland, TX","City","Midland",1,5,1,57,35,154,19,2023,5,"TX","Midland, TX,City",64,208,"Midland","https://txucr.nibrs.com/SRSReport/CrimeTrends","State UCR","Open Source",129945,135253,NA,NA,"Inferred Jul-Dec 2021 from police reported annual total","Midland","TX","South","West South Central",135253,"TX"
"Millcreek, PA","City","Millcreek",0,1,0,11,6,57,0,2019,5,"PA","Millcreek, PA,City",12,63,"Millcreek","https://www.ucr.pa.gov/PAUCRSPUBLIC/SRSReport/CrimeTrends","State UCR","Open Source",53119,53119,NA,NA,"Erie County","Millcreek Township, Erie County","PA","Northeast","Middle Atlantic",53119,"PA"
"Milpitas, CA","City","Milpitas",0,NA,6,6,20,129,31,2020,7,"CA","Milpitas, CA,City",12,180,"Milpitas","https://www.milpitas.gov/1107/Crime-and-Incident-Data","Agency Aggregated","Open Source",77790,76573,NA,NA,"","Milpitas","CA","West","Pacific",76573,"CA"
"Milwaukee, WI","City","Milwaukee",19,NA,NA,NA,NA,NA,NA,2022,5,"WI","Milwaukee, WI,City",19,0,"Milwaukee","https://data.milwaukee.gov/dataset/wibr","Agency RMS","Open Source",561743,558698,NA,NA,"","Milwaukee","WI","Midwest","East North Central",558698,"WI"
"Minneapolis, MN","City","Minneapolis",4,48,185,211,333,1325,172,2017,7,"MN","Minneapolis, MN,City",448,1830,"Minneapolis","https://cde.state.mn.us/","State UCR","Open Source",421690,422341,NA,NA,"","Minneapolis","MN","Midwest","West North Central",422341,"MN"
"Minnetonka, MN","City","Minnetonka",0,0,1,6,15,70,11,2022,1,"MN","Minnetonka, MN,City",7,96,"Minnetonka","https://cde.state.mn.us/","State UCR","Open Source",52309,51791,NA,NA,"","Minnetonka","MN","Midwest","West North Central",51791,"MN"
"Mission, TX","City","Mission",0,0,0,3,21,146,6,2019,7,"TX","Mission, TX,City",3,173,"Mission","https://txucr.nibrs.com/SRSReport/CrimeTrends","State UCR","Open Source",86577,87031,NA,NA,"","Mission","TX","South","West South Central",87031,"TX"
"Missouri City, TX","City","Missouri City",0,0,2,4,14,44,0,2024,7,"TX","Missouri City, TX,City",6,58,"Missouri City","https://txucr.nibrs.com/SRSReport/CrimeTrends","State UCR","Open Source",75323,77560,NA,NA,"","Missouri City","TX","South","West South Central",77560,"TX"
"Moline, IL","City","Moline",0,1,0,13,11,84,7,2019,11,"IL","Moline, IL,City",14,102,"Moline","https://ilucr.nibrs.com/AdvancedSearch/AdvancedSearch","State UCR","Open Source",42009,42009,NA,NA,"","Moline","IL","Midwest","East North Central",41601,"IL"
"Montgomery, MD","County","Montgomery",1,36,39,60,103,980,65,2019,4,"MD","Montgomery, MD,County",136,1148,NA,NA,NA,NA,NA,NA,NA,NA,NA,NA,NA,NA,NA,NA,"MD"
"Montgomery, TX","County","Montgomery",2,9,16,31,73,229,57,2017,9,"TX","Montgomery, TX,County",58,359,"Montgomery","https://txucr.nibrs.com/SRSReport/CrimeTrends","State UCR","Open Source",565355,565355,NA,NA,"","Montgomery","TX","South","West South Central",565355,"TX"
"Mount Prospect, IL","City","Mount Prospect",0,1,0,5,8,31,0,2022,2,"IL","Mount Prospect, IL,City",6,39,"Mount Prospect","https://ilucr.nibrs.com/AdvancedSearch/AdvancedSearch","State UCR","Open Source",53932,53932,NA,NA,"Inferred Jan-Mar 2021 counts from annual average","Mount Prospect","IL","Midwest","East North Central",53932,"IL"
"Nashua, NH","City","Nashua",0,3,2,4,1,73,7,2021,5,"NH","Nashua, NH,City",9,81,"Nashua","https://crimestats.dos.nh.gov/","State UCR","Open Source",NA,91145,NA,NA,"","Nashua","NH","Northeast","New England",91145,"NH"
"Nashville, TN","City","Nashville",7,NA,81,406,250,1826,583,2023,11,"TN","Nashville, TN,City",494,2659,"Nashville","https://crimeinsight.tbi.tn.gov/public/View/dispview.aspx","Agency RMS","Open Source",679562,690495,NA,NA,"","Metropolitan Nashville Police Department","TN","South","East South Central",690495,"TN"
"National City, CA","City","National City",0,1,10,26,6,70,28,2019,3,"CA","National City, CA,City",37,104,"National City","https://crimestats.arjis.org/default.aspx","Agency Aggregated","Open Source",55676,55270,NA,NA,"","National City","CA","West","Pacific",55270,"CA"
"New Braunfels, TX","City","New Braunfels",1,3,0,16,19,84,11,2020,12,"TX","New Braunfels, TX,City",20,114,"New Braunfels","https://txucr.nibrs.com/SRSReport/CrimeTrends","State UCR","Open Source",107017,111942,NA,NA,"","New Braunfels","TX","South","West South Central",111942,"TX"
"New Britain, CT","City","New Britain",1,3,18,15,31,122,33,2017,9,"CT","New Britain, CT,City",37,186,"New Britain","https://ct.beyond2020.com/ct_public/Dim/dimension.aspx","State UCR","Open Source",73621,74609,NA,NA,"","New Britain","CT","Northeast","New England",74609,"CT"
"New Orleans, LA","City","New Orleans",18,35,78,163,129,870,699,2023,4,"LA","New Orleans, LA,City",294,1698,"New Orleans","https://data.nola.gov/Public-Safety-and-Preparedness/Electronic-Police-Report-2024/c5iy-ew8n/explore/query/SELECT%0A%20%20%60item_number%60%2C%0A%20%20%60district%60%2C%0A%20%20%60location%60%2C%0A%20%20%60disposition%60%2C%0A%20%20%60signal_type%60%2C%0A%20%20%60signal_description%60%2C%0A%20%20%60occurred_date_time%60%2C%0A%20%20%60charge_code%60%2C%0A%20%20%60charge_description%60%2C%0A%20%20%60offender_number%60%2C%0A%20%20%60offenderid%60%2C%0A%20%20%60offenderstatus%60%2C%0A%20%20%60offender_race%60%2C%0A%20%20%60offender_gender%60%2C%0A%20%20%60offender_age%60%2C%0A%20%20%60victim_number%60%2C%0A%20%20%60persontype%60%2C%0A%20%20%60victim_race%60%2C%0A%20%20%60victim_gender%60%2C%0A%20%20%60victim_age%60%2C%0A%20%20%60victim_fatal_status%60%2C%0A%20%20%60hate_crime%60%2C%0A%20%20%60report_type%60/page/filter","Agency RMS","Open Source",370128,364197,NA,NA,"","New Orleans","LA","South","West South Central",364197,"LA"
"New York City, NY","City","New York City",36,135,1261,2169,1215,4176,1164,2023,3,"NY","New York City, NY,City",3601,6555,"New York City","https://compstat.nypdonline.org/","Agency Aggregated","Open Source",8236567,8184044,NA,NA,"","New York","NY","Northeast","Middle Atlantic",8184044,"NY"
"Newark, OH","City","Newark",1,0,1,2,29,112,14,2018,11,"OH","Newark, OH,City",4,155,"Newark","https://ocjs.ohio.gov/","State UCR","Provided by State UCR Program",50818,51147,NA,NA,"","Newark","OH","Midwest","East North Central",51147,"OH"
"Newport News, VA","City","Newport News",2,7,17,44,76,385,35,2017,5,"VA","Newport News, VA,City",70,496,"Newport News","https://vsp.virginia.gov/","State UCR","Provided by State UCR Program",183903,183600,NA,NA,"","Newport News","VA","South","South Atlantic",183600,"VA"
"Norfolk, VA","City","Norfolk",1,5,29,58,76,611,76,2019,11,"VA","Norfolk, VA,City",93,763,"Norfolk","https://vsp.virginia.gov/","State UCR","Provided by State UCR Program",233419,230849,NA,NA,"","Norfolk","VA","South","South Atlantic",230849,"VA"
"North Bergen Township, NJ","City","North Bergen Township",1,2,5,4,0,18,5,2024,12,"NJ","North Bergen Township, NJ,City",12,23,"North Bergen Township","http://www.northbergenpolice.com/report/datasets/crime-statistics/","Agency Aggregated","Open Source",58378,59147,NA,NA,"","North Bergen Township","NJ","Northeast","Middle Atlantic",59147,"NJ"
"North Las Vegas, NV","City","North Las Vegas",1,6,35,55,78,220,202,2023,12,"NV","North Las Vegas, NV,City",97,500,"North Las Vegas","https://nevadacrimestats.nv.gov/public/View/dispview.aspx","State UCR","Open Source",284422,290751,NA,NA,"","North Las Vegas","NV","West","Mountain",290751,"NV"
"Oak Lawn, IL","City","Oak Lawn",0,0,4,7,3,50,6,2023,12,"IL","Oak Lawn, IL,City",11,59,"Oak Lawn","https://ilucr.nibrs.com/AdvancedSearch/AdvancedSearch","State UCR","Open Source",55368,55368,NA,NA,"Inferred Jan 2021 counts from annual average","Oak Lawn","IL","Midwest","East North Central",55368,"IL"
"Oceanside, CA","City","Oceanside",0,9,6,54,39,136,32,2023,6,"CA","Oceanside, CA,City",69,207,"Oceanside","https://crimestats.arjis.org/default.aspx","Agency Aggregated","Open Source",171844,171348,NA,NA,"","Oceanside","CA","West","Pacific",171348,"CA"
"Odessa, TX","City","Odessa",0,14,6,58,60,184,25,2020,2,"TX","Odessa, TX,City",78,269,"Odessa","https://txucr.nibrs.com/SRSReport/CrimeTrends","State UCR","Open Source",110163,111922,NA,NA,"","Odessa","TX","South","West South Central",111922,"TX"
"Omaha, NE","City","Omaha",2,30,54,213,156,975,300,2020,8,"NE","Omaha, NE,City",299,1431,"Omaha","https://police.cityofomaha.org/opd-crime-statistics","Agency Aggregated","Open Source",483462,481471,NA,NA,"","Omaha","NE","Midwest","West North Central",481471,"NE"
"Oshkosh, WI","City","Oshkosh",0,1,0,11,10,74,3,2017,4,"WI","Oshkosh, WI,City",12,87,"Oshkosh","https://www.oshkoshpd.com/MonthlyCrimeStats/Default.aspx","Agency Aggregated","Open Source",66521,65548,NA,NA,"","Oshkosh","WI","Midwest","East North Central",65548,"WI"
"Palatine, IL","City","Palatine",0,5,1,2,7,48,4,2022,4,"IL","Palatine, IL,City",8,59,"Palatine","https://ilucr.nibrs.com/AdvancedSearch/AdvancedSearch","State UCR","Open Source",64407,64407,NA,NA,"Inferred Jan-Mar 2021 counts from annual average","Palatine","IL","Midwest","East North Central",64407,"IL"
"Parker, TX","County","Parker",0,1,2,2,11,50,5,2019,12,"TX","Parker, TX,County",5,66,"Parker","https://txucr.nibrs.com/SRSReport/CrimeTrends","State UCR","Open Source",114776,114776,NA,NA,"","Parker","TX","South","West South Central",114776,"TX"
"Pasadena, TX","City","Pasadena",0,6,17,31,50,181,25,2017,9,"TX","Pasadena, TX,City",54,256,"Pasadena","https://txucr.nibrs.com/SRSReport/CrimeTrends","State UCR","Open Source",145954,145850,NA,NA,"","Pasadena","TX","South","West South Central",145850,"TX"
"Pawtucket, RI","City","Pawtucket",1,3,2,8,20,71,16,2023,9,"RI","Pawtucket, RI,City",14,107,"Pawtucket","https://riucr.nibrs.com/AdvancedSearch/AdvancedSearch","State UCR","Open Source",74967,75100,NA,NA,"","Pawtucket","RI","Northeast","New England",75100,"RI"
"Pearland, TX","City","Pearland",0,3,1,11,22,162,17,2018,6,"TX","Pearland, TX,City",15,201,"Pearland","https://txucr.nibrs.com/SRSReport/CrimeTrends","State UCR","Open Source",125894,127433,NA,NA,"","Pearland","TX","South","West South Central",127433,"TX"
"Pflugerville, TX","City","Pflugerville",0,3,0,3,8,88,10,2021,9,"TX","Pflugerville, TX,City",6,106,"Pflugerville","https://txucr.nibrs.com/SRSReport/CrimeTrends","State UCR","Open Source",67817,65599,NA,NA,"","Pflugerville","TX","South","West South Central",65599,"TX"
"Pharr, TX","City","Pharr",0,4,2,15,14,99,8,2018,9,"TX","Pharr, TX,City",21,121,"Pharr","https://txucr.nibrs.com/SRSReport/CrimeTrends","State UCR","Open Source",79558,80359,NA,NA,"","Pharr","TX","South","West South Central",80359,"TX"
"Philadelphia, PA","City","Philadelphia",55,73,310,862,558,NA,676,2021,6,"PA","Philadelphia, PA,City",1300,1234,"Philadelphia","https://www.ucr.pa.gov/PAUCRSPUBLIC/SRSReport/CrimeTrends","State UCR","Open Source",1555812,1550843,NA,NA,"","Philadelphia","PA","Northeast","Middle Atlantic",1550843,"PA"
"Phoenix, AZ","City","Phoenix",12,83,215,494,465,3011,667,2021,11,"AZ","Phoenix, AZ,City",804,4143,"Phoenix","https://www.phoenixopendata.com/dataset/crime-data/resource/0ce3411a-2fc6-4302-a33f-167f68608a20","Agency RMS","Open Source",1637902,1660686,NA,NA,"","Phoenix","AZ","West","Mountain",1660686,"AZ"
"Pima, AZ","County","Pima",4,7,7,67,119,426,48,2021,6,"AZ","Pima, AZ,County",85,593,"Pima","https://azcrimestatistics.azdps.gov/","State UCR","Open Source",365222,365222,NA,NA,"Inferred Jan-Feb 2019 from annual average","Pima","AZ","West","Mountain",365222,"AZ"
"Pittsburgh, PA","City","Pittsburgh",4,NA,NA,NA,NA,NA,NA,2023,5,"PA","Pittsburgh, PA,City",4,0,"Pittsburgh","https://app.powerbigov.us/view?r=eyJrIjoiMDYzNWMyNGItNWNjMS00ODMwLWIxZDgtMTNkNzhlZDE2OWFjIiwidCI6ImY1ZjQ3OTE3LWM5MDQtNDM2OC05MTIwLWQzMjdjZjE3NTU5MSJ9","Agency Aggregated","Open Source",303137,304825,NA,NA,"","Pittsburgh","PA","Northeast","Middle Atlantic",304825,"PA"
"Plano, TX","City","Plano",0,14,8,29,51,298,26,2023,2,"TX","Plano, TX,City",51,375,"Plano","https://txucr.nibrs.com/SRSReport/CrimeTrends","State UCR","Open Source",289847,291140,NA,NA,"","Plano","TX","South","West South Central",291140,"TX"
"Plymouth, MA","City","Plymouth",0,1,0,18,5,40,4,2024,7,"MA","Plymouth, MA,City",19,49,"Plymouth","https://www.mass.gov/crime-statistics","State UCR","Provided by State UCR Program",65779,68771,NA,NA,"","Plymouth","MA","Northeast","New England",68771,"MA"
"Plymouth, MN","City","Plymouth",0,0,2,8,9,42,2,2024,6,"MN","Plymouth, MN,City",10,53,"Plymouth","https://cde.state.mn.us/","State UCR","Open Source",78585,77576,NA,NA,"","Plymouth","MN","Midwest","West North Central",77576,"MN"
"Pocatello, ID","City","Pocatello",0,4,3,15,16,65,6,2023,8,"ID","Pocatello, ID,City",22,87,"Pocatello","https://nibrs.isp.idaho.gov/CrimeInIdaho/AdvancedSearch/AdvancedSearch","State UCR","Open Source",57914,58390,NA,NA,"","Pocatello","ID","West","Mountain",58390,"ID"
"Port Arthur, TX","City","Port Arthur",1,3,5,12,26,45,6,2022,2,"TX","Port Arthur, TX,City",21,77,"Port Arthur","https://txucr.nibrs.com/SRSReport/CrimeTrends","State UCR","Open Source",55899,55371,NA,NA,"","Port Arthur","TX","South","West South Central",55371,"TX"
"Portland, OR","City","Portland",8,20,100,354,392,1977,810,2021,8,"OR","Portland, OR,City",482,3179,"Portland","https://public.tableau.com/app/profile/portlandpolicebureau/viz/New_Monthly_Neighborhood/MonthlyOffenseTotals","Agency RMS","Open Source",630129,626146,NA,NA,"","Portland","OR","West","Pacific",626146,"OR"
"Portsmouth, VA","City","Portsmouth",3,3,12,47,37,266,45,2021,7,"VA","Portsmouth, VA,City",65,348,"Portsmouth","https://vsp.virginia.gov/","State UCR","Provided by State UCR Program",98003,96649,NA,NA,"","Portsmouth","VA","South","South Atlantic",96649,"VA"
"Prince George's, MD","County","Prince George's",0,12,61,81,60,527,338,2025,1,"MD","Prince George's, MD,County",154,925,NA,NA,NA,NA,NA,NA,NA,NA,NA,NA,NA,NA,NA,NA,"MD"
"Prince William, VA","County","Prince William",2,12,17,82,30,457,48,2022,6,"VA","Prince William, VA,County",113,535,"Prince William","From VA","State UCR","",480467,480467,NA,NA,"","Prince William County Police Department","VA","South","South Atlantic",480467,"VA"
"Providence, RI","City","Providence",0,5,11,45,47,318,48,2022,6,"RI","Providence, RI,City",61,413,"Providence","https://riucr.nibrs.com/AdvancedSearch/AdvancedSearch","State UCR","Open Source",189064,189590,NA,NA,"","Providence","RI","Northeast","New England",189590,"RI"
"Raleigh, NC","City","Raleigh",2,20,66,84,205,748,83,2017,10,"NC","Raleigh, NC,City",172,1036,"Raleigh","https://data-ral.opendata.arcgis.com/datasets/ral::raleigh-police-incidents-nibrs/explore","Agency RMS","Open Source",470829,482842,NA,NA,"","Raleigh","NC","South","South Atlantic",482842,"NC"
"Reading, PA","City","Reading",2,3,4,21,28,92,26,2023,8,"PA","Reading, PA,City",30,146,"Reading","https://www.ucr.pa.gov/PAUCRSPUBLIC/SRSReport/CrimeTrends","State UCR","Open Source",97698,97790,NA,NA,"","Reading","PA","Northeast","Middle Atlantic",97790,"PA"
"Redlands, CA","City","Redlands",0,1,6,23,20,122,29,2019,11,"CA","Redlands, CA,City",30,171,"Redlands","https://www.cityofredlands.org/police","Agency Aggregated","Provided by Agency",73554,74147,NA,NA,"","Redlands","CA","West","Pacific",74147,"CA"
"Reno, NV","City","Reno",0,22,31,104,104,417,105,2018,1,"NV","Reno, NV,City",157,626,"Reno","https://nevadacrimestats.nv.gov/public/View/dispview.aspx","State UCR","Open Source",273671,277792,NA,NA,"","Reno","NV","West","Mountain",277792,"NV"
"Revere, MA","City","Revere",0,3,2,23,9,63,6,2017,6,"MA","Revere, MA,City",28,78,"Revere","https://www.mass.gov/crime-statistics","State UCR","Provided by State UCR Program",56961,57132,NA,NA,"","Revere","MA","Northeast","New England",57132,"MA"
"Richardson, TX","City","Richardson",1,2,3,8,18,130,27,2019,8,"TX","Richardson, TX,City",14,175,"Richardson","https://txucr.nibrs.com/SRSReport/CrimeTrends","State UCR","Open Source",115771,119008,NA,NA,"","Richardson","TX","South","West South Central",119008,"TX"
"Richmond, CA","City","Richmond",2,2,19,69,38,221,98,2019,9,"CA","Richmond, CA,City",92,357,"Richmond","https://www.ci.richmond.ca.us/4010/Crime-Statistics-Reports","Agency Aggregated","Open Source",115043,113282,NA,NA,"","Richmond","CA","West","Pacific",113282,"CA"
"Richmond, VA","City","Richmond",9,3,18,49,57,560,61,2021,8,"VA","Richmond, VA,City",79,678,"Richmond","https://apps.richmondgov.com/applications/CrimeInfo","Agency RMS","Open Source",227323,230789,NA,NA,"","Richmond","VA","South","South Atlantic",230789,"VA"
"Riverside, CA","City","Riverside",2,NA,32,97,110,413,128,2020,8,"CA","Riverside, CA,City",131,651,"Riverside","https://www.riversideca.gov/transparency/data/dataset/show/27","Agency RMS","Open Source",319889,323473,NA,NA,"","Riverside","CA","West","Pacific",323473,"CA"
"Roanoke, VA","City","Roanoke",4,4,5,14,44,253,30,2023,1,"VA","Roanoke, VA,City",27,327,"Roanoke","https://vsp.virginia.gov/","State UCR","Provided by State UCR Program",98204,96925,NA,NA,"","Roanoke","VA","South","South Atlantic",96925,"VA"
"Rochester, MN","City","Rochester",0,7,7,11,38,226,10,2017,8,"MN","Rochester, MN,City",25,274,"Rochester","https://cde.state.mn.us/","State UCR","Open Source",121534,122035,NA,NA,"","Rochester","MN","Midwest","West North Central",122035,"MN"
"Rochester, NY","City","Rochester",6,NA,27,78,66,360,81,2022,4,"NY","Rochester, NY,City",111,507,"Rochester","https://data-rpdny.opendata.arcgis.com/datasets/rpdny::rpd-part-i-crime-2011-to-present/explore","Agency RMS","Open Source",210270,208452,NA,NA,"","Rochester","NY","Northeast","Middle Atlantic",208452,"NY"
"Rockford, IL","City","Rockford",2,8,32,172,110,294,32,2017,9,"IL","Rockford, IL,City",214,436,"Rockford","https://ilucr.nibrs.com/AdvancedSearch/AdvancedSearch","State UCR","Open Source",146710,145873,NA,NA,"","Rockford","IL","Midwest","East North Central",145873,"IL"
"Rockwall, TX","City","Rockwall",0,0,0,8,13,51,2,2024,3,"TX","Rockwall, TX,City",8,66,"Rockwall","https://txucr.nibrs.com/SRSReport/CrimeTrends","State UCR","Open Source",51724,53433,NA,NA,"","Rockwall","TX","South","West South Central",53433,"TX"
"Round Rock, TX","City","Round Rock",0,4,3,7,15,218,15,2021,11,"TX","Round Rock, TX,City",14,248,"Round Rock","https://txucr.nibrs.com/SRSReport/CrimeTrends","State UCR","Open Source",127349,129898,NA,NA,"","Round Rock","TX","South","West South Central",129898,"TX"
"Rowlett, TX","City","Rowlett",0,1,0,6,3,59,8,2024,3,"TX","Rowlett, TX,City",7,70,"Rowlett","https://txucr.nibrs.com/SRSReport/CrimeTrends","State UCR","Open Source",65196,66671,NA,NA,"","Rowlett","TX","South","West South Central",66671,"TX"
"Salt Lake City, UT","City","Salt Lake City",0,20,34,69,174,1004,127,2017,4,"UT","Salt Lake City, UT,City",123,1305,"Salt Lake City","https://slcpd.com/open-data/crimestatistics/","Agency Aggregated","Open Source",201373,206692,NA,NA,"","Salt Lake City","UT","West","Mountain",206692,"UT"
"San Angelo, TX","City","San Angelo",0,2,3,10,25,202,26,2020,2,"TX","San Angelo, TX,City",15,253,"San Angelo","https://txucr.nibrs.com/SRSReport/CrimeTrends","State UCR","Open Source",99243,98642,NA,NA,"","San Angelo","TX","South","West South Central",98642,"TX"
"San Antonio, TX","City","San Antonio",8,117,139,582,770,3799,471,2018,4,"TX","San Antonio, TX,City",846,5040,"San Antonio","https://txucr.nibrs.com/SRSReport/CrimeTrends","State UCR","Open Source",1465608,1490047,NA,NA,"","San Antonio","TX","South","West South Central",1490047,"TX"
"San Bernardino, CA","City","San Bernardino",10,14,78,142,150,605,192,2019,10,"CA","San Bernardino, CA,City",244,947,"San Bernardino","https://www.sbcity.org/city_hall/police_department/crime_statistics/about_ucr_statistics/crime_statistics","Agency Aggregated","Open Source",222623,219483,NA,NA,"","San Bernardino","CA","West","Pacific",219483,"CA"
"San Diego, CA","City","San Diego",8,45,123,239,368,1647,396,2018,1,"CA","San Diego, CA,City",415,2411,"San Diego","https://crimestats.arjis.org/default.aspx","Agency Aggregated","Open Source",1377838,1378349,NA,NA,"","San Diego","CA","West","Pacific",1378349,"CA"
"San Diego, CA","County","San Diego",2,13,26,162,116,402,133,2020,5,"CA","San Diego, CA,County",203,651,"San Diego","https://crimestats.arjis.org/default.aspx","Agency Aggregated","Open Source",519218,519218,NA,NA,"See County Sheriff","San Diego","CA","West","Pacific",519218,"CA"
"San Francisco, CA","City","San Francisco",0,27,278,201,442,3663,299,2017,12,"CA","San Francisco, CA,City",506,4404,"San Francisco","https://www.sanfranciscopolice.org/stay-safe/crime-data/crime-reports","Agency Aggregated","Open Source",764693,782846,NA,NA,"","San Francisco","CA","West","Pacific",782846,"CA"
"San Jose, CA","City","San Jose",2,49,89,221,306,1295,470,2019,9,"CA","San Jose, CA,City",361,2071,"San Jose","https://www.sjpd.org/records/crime-stats-maps/police-dashboards","Agency Aggregated","Open Source",956814,952530,NA,NA,"","San Jose","CA","West","Pacific",952530,"CA"
"San Marcos, TX","City","San Marcos",0,7,2,12,16,108,19,2024,8,"TX","San Marcos, TX,City",21,143,"San Marcos","https://txucr.nibrs.com/SRSReport/CrimeTrends","State UCR","Open Source",69470,71413,NA,NA,"","San Marcos","TX","South","West South Central",71413,"TX"
"Sarasota, FL","County","Sarasota",0,5,7,18,45,175,29,2023,8,"FL","Sarasota, FL,County",30,249,"Sarasota","https://www.sarasotasheriff.org/news/crime_crash_statistics/uniform_crime_reporting_statistics.php#revize_document_center_rz1986","Agency Aggregated","Open Source",294526,294526,NA,NA,"","Sarasota","FL","South","South Atlantic",294526,"FL"
"Schaumburg, IL","City","Schaumburg",0,3,5,1,7,121,7,2019,12,"IL","Schaumburg, IL,City",9,135,"Schaumburg","https://ilucr.nibrs.com/AdvancedSearch/AdvancedSearch","State UCR","Open Source",75745,75140,NA,NA,"Inferred Jan-Mar 2021 from annual average","Schaumburg","IL","Midwest","East North Central",75140,"IL"
"Scottsdale, AZ","City","Scottsdale",2,11,14,19,85,393,27,2017,1,"AZ","Scottsdale, AZ,City",46,505,"Scottsdale","https://azcrimestatistics.azdps.gov/","State UCR","Open Source",243576,243644,NA,NA,"","Scottsdale","AZ","West","Mountain",243644,"AZ"
"Scranton, PA","City","Scranton",0,7,3,20,15,73,22,2021,10,"PA","Scranton, PA,City",30,110,"Scranton","https://www.ucr.pa.gov/PAUCRSPUBLIC/SRSReport/CrimeTrends","State UCR","Open Source",75798,75687,NA,NA,"","Scranton","PA","Northeast","Middle Atlantic",75687,"PA"
"Seattle, WA","City","Seattle",3,24,184,257,884,2586,501,2021,11,"WA","Seattle, WA,City",468,3971,"Seattle","https://www.seattle.gov/police/information-and-data/data/crime-dashboard","Agency Aggregated","Open Source",729691,753786,NA,NA,"","Seattle","WA","West","Pacific",753786,"WA"
"Sioux Falls, SD","City","Sioux Falls",1,6,17,87,64,491,100,2022,7,"SD","Sioux Falls, SD,City",111,655,"Sioux Falls","https://sdcrime.nibrs.com/AdvancedSearch/AdvancedSearch","State UCR","Open Source",199879,206559,NA,NA,"","Sioux Falls","SD","Midwest","West North Central",206559,"SD"
"Skokie, IL","City","Skokie",0,1,2,4,20,129,13,2021,12,"IL","Skokie, IL,City",7,162,"Skokie","https://ilucr.nibrs.com/AdvancedSearch/AdvancedSearch","State UCR","Open Source",65185,64417,NA,NA,"","Skokie","IL","Midwest","East North Central",64417,"IL"
"Smith, TX","County","Smith",0,1,1,14,27,53,22,2022,1,"TX","Smith, TX,County",16,102,"Smith","https://txucr.nibrs.com/SRSReport/CrimeTrends","State UCR","Open Source",111489,111489,NA,NA,"","Smith","TX","South","West South Central",111489,"TX"
"Somerville, MA","City","Somerville",1,1,1,5,12,77,10,2021,12,"MA","Somerville, MA,City",8,99,"Somerville","https://www.mass.gov/crime-statistics","State UCR","Provided by State UCR Program",79178,79513,NA,NA,"","Somerville","MA","Northeast","New England",79513,"MA"
"Sonoma, CA","County","Sonoma",0,8,5,20,49,74,7,2020,7,"CA","Sonoma, CA,County",33,130,"Sonoma","https://data.sonomacounty.ca.gov/Public-Safety/Sonoma-County-Sheriff-s-Office-Incident-Data/3rsj-iche/explore/query/SELECT%0A%20%20%60id%60%2C%0A%20%20%60agency_code%60%2C%0A%20%20%60agency%60%2C%0A%20%20%60incident_number%60%2C%0A%20%20%60date_time%60%2C%0A%20%20%60incident_type%60%2C%0A%20%20%60location_type%60%2C%0A%20%20%60city%60%2C%0A%20%20%60intersection%60%2C%0A%20%20%60location%60%2C%0A%20%20%60upload%60/page/filter","Agency RMS","Open Source",131522,131522,NA,NA,"","Sonoma","CA","West","Pacific",131522,"CA"
"South Bend, IN","City","South Bend",0,5,12,85,45,168,51,2024,5,"IN","South Bend, IN,City",102,264,"South Bend","https://southbendin.gov/transparency-and-performance/police-transparency-hub/particrimes/","Agency Aggregated","Open Source",103179,102999,NA,NA,"Inferred Apr-Nov 2021 from annual state total","South Bend","IN","Midwest","East North Central",102999,"IN"
"Southaven, MS","City","Southaven",1,0,2,3,17,64,13,2018,1,"MS","Southaven, MS,City",6,94,"Southaven","https://mscrimestats.dps.ms.gov/public/View/dispview.aspx","State UCR","Open Source",56092,57135,NA,NA,"","Southaven","MS","South","East South Central",57135,"MS"
"Sparks, NV","City","Sparks",0,9,3,18,18,172,21,2024,6,"NV","Sparks, NV,City",30,211,"Sparks","https://nevadacrimestats.nv.gov/public/View/dispview.aspx","State UCR","Open Source",110475,109403,NA,NA,"","Sparks","NV","West","Mountain",109403,"NV"
"Spotsylvania, VA","County","Spotsylvania",0,5,3,16,3,65,8,2024,7,"VA","Spotsylvania, VA,County",24,76,"Spotsylvania","From VA","State UCR","",149957,149957,NA,NA,"","Spotsylvania","VA","South","South Atlantic",149957,"VA"
"Springfield, IL","City","Springfield",0,10,14,66,137,267,25,2024,3,"IL","Springfield, IL,City",90,429,"Springfield","https://ilucr.nibrs.com/AdvancedSearch/AdvancedSearch","State UCR","Open Source",112549,112781,NA,NA,"","Springfield","IL","Midwest","East North Central",112781,"IL"
"Springfield, MA","City","Springfield",3,8,36,82,173,231,42,2017,6,"MA","Springfield, MA,City",129,446,"Springfield","https://www.mass.gov/crime-statistics","State UCR","Provided by State UCR Program",155046,154218,NA,NA,"","Springfield","MA","Northeast","New England",154218,"MA"
"Springfield, MO","City","Springfield",2,26,48,99,179,912,180,2017,1,"MO","Springfield, MO,City",175,1271,"Springfield","https://showmecrime.mo.gov/","State UCR","Open Source",169822,170521,NA,NA,"","Springfield","MO","Midwest","West North Central",170521,"MO"
"Springfield, OH","City","Springfield",0,3,6,1,11,35,9,2021,1,"OH","Springfield, OH,City",10,55,"Springfield","https://ocjs.ohio.gov/","State UCR","Provided by State UCR Program",58725,57866,NA,NA,"","Springfield","OH","Midwest","East North Central",57866,"OH"
"St Charles, MO","City","St Charles",0,5,1,8,6,108,14,2018,10,"MO","St Charles, MO,City",14,128,"St Charles","https://showmecrime.mo.gov/","State UCR","Open Source",71079,71408,NA,NA,"","St. Charles","MO","Midwest","West North Central",71408,"MO"
"St Charles, MO","County","St Charles",0,0,2,6,1,35,10,2024,8,"MO","St Charles, MO,County",8,46,NA,NA,NA,NA,NA,NA,NA,NA,NA,NA,NA,NA,NA,NA,"MO"
"St Joseph, MO","City","St Joseph",0,9,4,25,47,230,32,2020,12,"MO","St Joseph, MO,City",38,309,"St Joseph","https://showmecrime.mo.gov/","State UCR","Open Source",70918,69925,NA,NA,"","St. Joseph","MO","Midwest","West North Central",69925,"MO"
"St Louis, MO","County","St Louis",5,7,27,155,84,493,142,2021,7,"MO","St Louis, MO,County",194,719,NA,NA,NA,NA,NA,NA,NA,NA,NA,NA,NA,NA,NA,NA,"MO"
"St Peters, MO","City","St Peters",0,2,1,5,6,57,3,2022,10,"MO","St Peters, MO,City",8,66,"St Peters","https://showmecrime.mo.gov/","State UCR","Open Source",58584,58937,NA,NA,"","St. Peters","MO","Midwest","West North Central",58937,"MO"
"St. Cloud, MN","City","St. Cloud",1,8,1,28,18,301,29,2022,5,"MN","St. Cloud, MN,City",38,348,"St. Cloud","https://cde.state.mn.us/","State UCR","Open Source",68925,69922,NA,NA,"","St. Cloud","MN","Midwest","West North Central",69922,"MN"
"St. Paul, MN","City","St. Paul",2,21,33,149,107,519,120,2024,6,"MN","St. Paul, MN,City",205,746,"St. Paul","https://cde.state.mn.us/","State UCR","Open Source",277533,300368,NA,NA,"","St. Paul","MN","Midwest","West North Central",300368,"MN"
"Stafford, VA","County","Stafford",0,4,3,16,7,131,7,2018,9,"VA","Stafford, VA,County",23,145,"Stafford","From VA","State UCR","",166413,166413,NA,NA,"","Stafford","VA","South","South Atlantic",166413,"VA"
"Stark, OH","County","Stark",0,3,0,5,42,67,9,2019,3,"OH","Stark, OH,County",8,118,NA,NA,NA,NA,NA,NA,NA,NA,NA,NA,NA,NA,NA,NA,"OH"
"State College, PA","City","State College",0,0,2,1,6,44,0,2017,5,"PA","State College, PA,City",3,50,"State College","https://www.ucr.pa.gov/PAUCRSPUBLIC/SRSReport/CrimeTrends","State UCR","Open Source",55998,58532,NA,NA,"","State College","PA","Northeast","Middle Atlantic",58532,"PA"
"Stockton, CA","City","Stockton",2,15,91,218,172,756,173,2020,1,"CA","Stockton, CA,City",326,1101,"Stockton","https://www.stocktonca.gov/services/police_department/police_news___information/statistical_reports.php#outer-629","Agency Aggregated","Open Source",323501,322220,NA,NA,"Inferred Jan-Feb 2021 from annual state total","Stockton","CA","West","Pacific",322220,"CA"
"Stratford, CT","City","Stratford",0,1,3,2,3,68,20,2019,8,"CT","Stratford, CT,City",6,91,"Stratford","https://ct.beyond2020.com/ct_public/Dim/dimension.aspx","State UCR","Open Source",52320,52596,NA,NA,"","Stratford","CT","Northeast","New England",52596,"CT"
"Suffolk, VA","City","Suffolk",4,0,6,60,7,89,13,2022,5,"VA","Suffolk, VA,City",70,109,"Suffolk","https://vsp.virginia.gov/","State UCR","Provided by State UCR Program",98065,100598,NA,NA,"","Suffolk","VA","South","South Atlantic",100598,"VA"
"Sugar Land, TX","City","Sugar Land",0,0,1,5,9,88,9,2020,5,"TX","Sugar Land, TX,City",6,106,"Sugar Land","https://txucr.nibrs.com/SRSReport/CrimeTrends","State UCR","Open Source",107989,108718,NA,NA,"","Sugar Land","TX","South","West South Central",108718,"TX"
"Surprise, AZ","City","Surprise",0,1,2,4,26,130,10,2018,10,"AZ","Surprise, AZ,City",7,166,"Surprise","https://azcrimestatistics.azdps.gov/","State UCR","Open Source",154128,159346,NA,NA,"","Surprise","AZ","West","Mountain",159346,"AZ"
"Tacoma, WA","City","Tacoma",5,NA,56,110,253,919,467,2021,12,"WA","Tacoma, WA,City",171,1639,"Tacoma","https://public.tableau.com/app/profile/city.of.tacoma/viz/TacomaPoliceCrimeDashboard/CrimeDashboard-IntroPage","Agency Aggregated","Open Source",219027,222828,NA,NA,"","Tacoma","WA","West","Pacific",222828,"WA"
"Taunton, MA","City","Taunton",0,1,2,33,15,41,5,2024,8,"MA","Taunton, MA,City",36,61,"Taunton","https://www.mass.gov/crime-statistics","State UCR","Provided by State UCR Program",60062,60356,NA,NA,"","Taunton","MA","Northeast","New England",60356,"MA"
"Tempe, AZ","City","Tempe",1,18,28,53,64,484,56,2021,3,"AZ","Tempe, AZ,City",100,604,"Tempe","https://azcrimestatistics.azdps.gov/","State UCR","Open Source",187473,188144,NA,NA,"","Tempe","AZ","West","Mountain",188144,"AZ"
"Temple, TX","City","Temple",0,13,7,10,16,100,14,2022,8,"TX","Temple, TX,City",30,130,"Temple","https://txucr.nibrs.com/SRSReport/CrimeTrends","State UCR","Open Source",88484,93073,NA,NA,"","Temple","TX","South","West South Central",93073,"TX"
"Texas City, TX","City","Texas City",3,3,0,9,16,91,13,2024,8,"TX","Texas City, TX,City",15,120,"Texas City","https://txucr.nibrs.com/SRSReport/CrimeTrends","State UCR","Open Source",56311,57448,NA,NA,"","Texas City","TX","South","West South Central",57448,"TX"
"Thornton, CO","City","Thornton",0,5,9,25,35,307,48,2017,9,"CO","Thornton, CO,City",39,390,"Thornton","https://coloradocrimestats.state.co.us/public/View/dispview.aspx","State UCR","Open Source",143055,143838,NA,NA,"","Thornton","CO","West","Mountain",143838,"CO"
"Tinley Park, IL","City","Tinley Park",0,1,1,2,7,34,22,2022,11,"IL","Tinley Park, IL,City",4,63,"Tinley Park","https://ilucr.nibrs.com/AdvancedSearch/AdvancedSearch","State UCR","Open Source",53973,53528,NA,NA,"","Tinley Park","IL","Midwest","East North Central",53528,"IL"
"Tracy, CA","City","Tracy",0,2,7,4,13,121,22,2020,12,"CA","Tracy, CA,City",13,156,"Tracy","https://tracypd.com/crime-mapping","Agency Aggregated","Open Source",97219,99347,NA,NA,"","Tracy","CA","West","Pacific",99347,"CA"
"Travis, TX","County","Travis",2,5,4,54,56,196,49,2022,1,"TX","Travis, TX,County",65,301,"Travis","https://txucr.nibrs.com/SRSReport/CrimeTrends","State UCR","Open Source",277111,277111,NA,NA,"Inferred Jan & Aug 2023 from 12 month average","Travis","TX","South","West South Central",277111,"TX"
"Tucson, AZ","City","Tucson",1,37,65,191,218,1289,201,2023,5,"AZ","Tucson, AZ,City",294,1708,"Tucson","https://app.powerbigov.us/view?r=eyJrIjoiY2ViZmNiYzAtMDQ5ZC00OTMwLTliMTgtYjM1ZjAwYjJlMTkzIiwidCI6ImQyMWU1OWVjLWMyMDgtNDNlYi1hYWYxLWNmMDZkOWExOTZlMCJ9&pageName=ReportSectionccd6be2a1a0db780dadd","Agency Aggregated","Open Source",544629,548544,NA,NA,"","Tucson","AZ","West","Mountain",548544,"AZ"
"Twin Falls, ID","City","Twin Falls",0,0,0,15,7,55,4,2022,6,"ID","Twin Falls, ID,City",15,66,"Twin Falls","https://nibrs.isp.idaho.gov/CrimeInIdaho/AdvancedSearch/AdvancedSearch","State UCR","Open Source",54648,55447,NA,NA,"","Twin Falls","ID","West","Mountain",55447,"ID"
"Tyler, TX","City","Tyler",0,7,4,16,37,199,13,2019,11,"TX","Tyler, TX,City",27,249,"Tyler","https://txucr.nibrs.com/SRSReport/CrimeTrends","State UCR","Open Source",108422,110824,NA,NA,"","Tyler","TX","South","West South Central",110824,"TX"
"Upper Darby, PA","City","Upper Darby",0,1,9,7,5,47,11,2019,9,"PA","Upper Darby, PA,City",17,63,"Upper Darby","https://www.ucr.pa.gov/PAUCRSPUBLIC/SRSReport/CrimeTrends","State UCR","Open Source",84407,84468,NA,NA,"","Upper Darby Township","PA","Northeast","Middle Atlantic",84468,"PA"
"Vallejo, CA","City","Vallejo",4,10,41,61,46,245,97,2022,2,"CA","Vallejo, CA,City",116,388,"Vallejo","https://www.vallejopd.net/public_information/crime_data/operations_bureau_reports/operations_bureau_2024_reports","Agency Aggregated","Open Source",123940,122419,NA,NA,"","Vallejo","CA","West","Pacific",122419,"CA"
"Victoria, TX","City","Victoria",0,4,1,11,15,94,5,2023,8,"TX","Victoria, TX,City",16,114,"Victoria","https://txucr.nibrs.com/SRSReport/CrimeTrends","State UCR","Open Source",65165,65298,NA,NA,"","Victoria","TX","South","West South Central",65298,"TX"
"Virginia Beach, VA","City","Virginia Beach",1,11,19,21,62,734,48,2017,8,"VA","Virginia Beach, VA,City",52,844,"Virginia Beach","https://vsp.virginia.gov/","State UCR","Provided by State UCR Program",457556,453991,NA,NA,"","Virginia Beach","VA","South","South Atlantic",453991,"VA"
"Waco, TX","City","Waco",0,6,16,35,96,309,13,2017,8,"TX","Waco, TX,City",57,418,"Waco","https://txucr.nibrs.com/SRSReport/CrimeTrends","State UCR","Open Source",140911,145741,NA,NA,"","Waco","TX","South","West South Central",145741,"TX"
"Waltham, MA","City","Waltham",0,2,5,15,4,34,5,2023,8,"MA","Waltham, MA,City",22,43,"Waltham","https://www.mass.gov/crime-statistics","State UCR","Provided by State UCR Program",63525,63797,NA,NA,"","Waltham","MA","Northeast","New England",63797,"MA"
"Warren, OH","County","Warren",0,3,2,12,14,174,13,2022,9,"OH","Warren, OH,County",17,201,NA,NA,NA,NA,NA,NA,NA,NA,NA,NA,NA,NA,NA,NA,"OH"
"Warwick, RI","City","Warwick",0,2,0,3,14,81,6,2017,8,"RI","Warwick, RI,City",5,101,"Warwick","https://riucr.nibrs.com/AdvancedSearch/AdvancedSearch","State UCR","Open Source",82966,83369,NA,NA,"","Warwick","RI","Northeast","New England",83369,"RI"
"Washington, DC","City","Washington",15,29,211,140,113,2405,186,2019,8,"DC","Washington, DC,City",395,2704,"Washington","https://crimecards.dc.gov/","Agency RMS","Open Source",671803,678972,NA,NA,"","Washington","DC","South","South Atlantic",678972,"DC"
"Washington, MD","County","Washington",0,0,2,10,3,51,15,2023,12,"MD","Washington, MD,County",12,69,"Washington","https://washcosheriff.com/crime/crime-statistics/","Agency Aggregated","",104179,104179,NA,NA,"","Washington","MD","South","South Atlantic",104179,"MD"
"Waterbury, CT","City","Waterbury",0,2,7,8,22,218,61,2021,3,"CT","Waterbury, CT,City",17,301,"Waterbury","https://ct.beyond2020.com/ct_public/Dim/dimension.aspx","State UCR","Open Source",113464,115380,NA,NA,"","Waterbury","CT","Northeast","New England",115380,"CT"
"West Chester Township, OH","City","West Chester Township",0,4,1,2,5,84,6,2023,7,"OH","West Chester Township, OH,City",7,95,"West Chester Township","https://ocjs.ohio.gov/","State UCR","Provided by State UCR Program",62374,62860,NA,NA,"","West Chester Township","OH","Midwest","East North Central",62860,"OH"
"West Hartford, CT","City","West Hartford",0,0,2,0,5,169,28,2023,7,"CT","West Hartford, CT,City",2,202,"West Hartford","https://ct.beyond2020.com/ct_public/Dim/dimension.aspx","State UCR","Open Source",63934,64423,NA,NA,"","West Hartford","CT","Northeast","New England",64423,"CT"
"West Haven, CT","City","West Haven",0,0,1,1,4,59,23,2022,11,"CT","West Haven, CT,City",2,86,"West Haven","https://ct.beyond2020.com/ct_public/Dim/dimension.aspx","State UCR","Open Source",55133,54791,NA,NA,"","West Haven","CT","Northeast","New England",54791,"CT"
"Westminster, CO","City","Westminster",0,7,12,13,38,211,44,2019,1,"CO","Westminster, CO,City",32,293,"Westminster","https://coloradocrimestats.state.co.us/public/View/dispview.aspx","State UCR","Open Source",112844,113660,NA,NA,"","Westminster","CO","West","Mountain",113660,"CO"
"Weymouth, MA","City","Weymouth",0,1,0,13,7,37,8,2018,8,"MA","Weymouth, MA,City",14,52,"Weymouth","https://www.mass.gov/crime-statistics","State UCR","Provided by State UCR Program",58231,57725,NA,NA,"","Weymouth","MA","Northeast","New England",57725,"MA"
"Wichita Falls, TX","City","Wichita Falls",0,6,8,24,41,180,22,2020,5,"TX","Wichita Falls, TX,City",38,243,"Wichita Falls","https://txucr.nibrs.com/SRSReport/CrimeTrends","State UCR","Open Source",103337,102740,NA,NA,"","Wichita Falls","TX","South","West South Central",102740,"TX"
"Will, IL","County","Will",1,6,2,14,16,32,6,2020,7,"IL","Will, IL,County",23,54,"Will","https://ilucr.nibrs.com/Report/CrimeTrends","State UCR","Open Source",104475,104475,NA,NA,"","Will","IL","Midwest","East North Central",104475,"IL"
"Williamson, TX","County","Williamson",0,2,2,5,21,89,7,2021,10,"TX","Williamson, TX,County",9,117,"Williamson","https://txucr.nibrs.com/SRSReport/CrimeTrends","State UCR","Open Source",202897,202897,NA,NA,"","Williamson","TX","South","West South Central",202897,"TX"
"Woodbury, MN","City","Woodbury",0,4,1,3,10,80,5,2021,4,"MN","Woodbury, MN,City",8,95,"Woodbury","https://cde.state.mn.us/","State UCR","Open Source",78531,80153,NA,NA,"","Woodbury","MN","Midwest","West North Central",80153,"MN"
"Wright, MN","County","Wright",0,2,0,7,9,71,2,2017,2,"MN","Wright, MN,County",9,82,"Wright","https://cde.state.mn.us/CrimesAgainstPerson/CrimesAgainstPerson","State UCR","Open Source",129359,129359,NA,NA,"","Wright","MN","Midwest","West North Central",129359,"MN"
"Wylie, TX","City","Wylie",0,2,2,0,0,28,1,2018,12,"TX","Wylie, TX,City",4,29,"Wylie","https://txucr.nibrs.com/SRSReport/CrimeTrends","State UCR","Open Source",60910,62539,NA,NA,"","Wylie","TX","South","West South Central",62539,"TX"
"Yuma, AZ","City","Yuma",0,2,5,66,48,66,20,2022,8,"AZ","Yuma, AZ,City",73,134,"Yuma","https://azcrimestatistics.azdps.gov/","State UCR","Open Source",98164,99610,NA,NA,"","Yuma","AZ","West","Mountain",99610,"AZ"
