"city_state","Agency Name","Murder","Rape","Robbery","Aggravated Assault","Burglary","Theft","Motor Vehicle Theft","Year","Month","State","city_state_id","vio_crime","prop_crime","Agency","Source.Link","Source.Type","Source.Method","Population","pop23","Latitude","Longitude","Comment","pub_agency_name","state_abbr","region_name","division_name","population"
"Abilene, TX","Abilene",2,6,2,35,27,137,11,2023,5,"TX","Abilene, TX,City",45,175,"Abilene","https://txucr.nibrs.com/SRSReport/CrimeTrends","State UCR","Open Source",125186,128387,NA,NA,"","Abilene","TX","South","West South Central",128387
"Abington, PA","Abington",0,0,0,1,1,82,5,2024,6,"PA","Abington, PA,City",1,88,"Abington","https://www.ucr.pa.gov/PAUCRSPUBLIC/SRSReport/CrimeTrends","State UCR","Open Source",58432,58433,NA,NA,"","Abington Township, Montgomery County","PA","Northeast","Middle Atlantic",58433
"Ada, ID","Ada",0,2,1,12,6,38,6,2022,7,"ID","Ada, ID,County",15,50,"Ada","https://nibrs.isp.idaho.gov/CrimeInIdaho/Report/CrimeTrends","State UCR","Open Source",138487,138487,NA,NA,"","Ada","ID","West","Mountain",138487
"Albany, GA","Albany",4,3,15,87,82,295,22,2017,6,"GA","Albany, GA,City",109,399,"Albany","https://www.albanyga.gov/crime-statistics","Agency Aggregated","Open Source",68613,66281,NA,NA,"","Albany","GA","South","South Atlantic",66281
"Albemarle, VA","Albemarle",0,3,0,6,11,112,5,2020,12,"VA","Albemarle, VA,County",9,128,NA,NA,NA,NA,NA,NA,NA,NA,NA,NA,NA,NA,NA,NA
"Alexandria, VA","Alexandria",0,0,6,26,11,239,28,2023,2,"VA","Alexandria, VA,City",32,278,"Alexandria","https://vsp.virginia.gov/","State UCR","Provided by State UCR Program",150957,153897,NA,NA,"","Alexandria","VA","South","South Atlantic",153897
"Alhambra, CA","Alhambra",0,0,8,17,41,107,20,2018,3,"CA","Alhambra, CA,City",25,168,"Alhambra","https://www.cityofalhambra.org/271/Crime-Statistics","Agency Aggregated","Open Source",79703,79087,NA,NA,"","Alhambra","CA","West","Pacific",79087
"Allen, TX","Allen",0,5,1,3,11,125,3,2018,11,"TX","Allen, TX,City",9,139,"Allen","https://txucr.nibrs.com/SRSReport/CrimeTrends","State UCR","Open Source",108135,114696,NA,NA,"Inferred Jan-Mar 2022 from annual average","Allen","TX","South","West South Central",114696
"Allentown, PA","Allentown",0,7,14,11,28,165,24,2018,6,"PA","Allentown, PA,City",32,217,"Allentown","https://www.ucr.pa.gov/PAUCRSPUBLIC/SRSReport/CrimeTrends","State UCR","Open Source",125917,124782,NA,NA,"","Allentown","PA","Northeast","Middle Atlantic",124782
"Amarillo, TX","Amarillo",0,21,29,76,114,428,78,2018,3,"TX","Amarillo, TX,City",126,620,"Amarillo","https://txucr.nibrs.com/SRSReport/CrimeTrends","State UCR","Open Source",201572,201684,NA,NA,"","Amarillo","TX","South","West South Central",201684
"Antioch, CA","Antioch",4,7,26,35,64,196,48,2018,7,"CA","Antioch, CA,City",72,308,"Antioch","https://www.antiochca.gov/police/crime-statistics/","Agency Aggregated","Open Source",114338,115271,NA,NA,"","Antioch","CA","West","Pacific",115271
"Arlington Heights, IL","Arlington Heights",0,1,1,2,8,34,2,2024,8,"IL","Arlington Heights, IL,City",4,44,"Arlington Heights","https://ilucr.nibrs.com/AdvancedSearch/AdvancedSearch","State UCR","Open Source",74094,74094,NA,NA,"","Arlington Heights","IL","Midwest","East North Central",74094
"Arlington, TX","Arlington",2,36,25,148,72,638,104,2022,4,"TX","Arlington, TX,City",211,814,"Arlington","https://txucr.nibrs.com/SRSReport/CrimeTrends","State UCR","Open Source",391591,394799,NA,NA,"","Arlington","TX","South","West South Central",394799
"Arlington, VA","Arlington",1,5,6,19,19,197,18,2018,10,"VA","Arlington, VA,County",31,234,NA,NA,NA,NA,NA,NA,NA,NA,NA,NA,NA,NA,NA,NA
"Asheville, NC","Asheville",1,NA,12,20,64,229,21,2018,9,"NC","Asheville, NC,City",33,314,"Asheville","https://data-avl.opendata.arcgis.com/datasets/fa266be763124be89fee8c1fd99f88ff_3/explore","Agency RMS","Open Source",93729,93471,NA,NA,"","Asheville","NC","South","South Atlantic",93471
"Atlanta, GA","Atlanta",20,NA,80,233,153,1042,275,2020,8,"GA","Atlanta, GA,City",333,1470,"Atlanta","https://experience.arcgis.com/experience/d5dd2be2977d40acb340ef42f80671b8/","Agency RMS","Open Source",495707,500212,NA,NA,"","Atlanta","GA","South","South Atlantic",500212
"Austin, TX","Austin",6,53,94,263,406,2540,260,2019,7,"TX","Austin, TX,City",416,3206,"Austin","https://txucr.nibrs.com/SRSReport/CrimeTrends, rape data for 2023 on from https://app.powerbigov.us/view?r=eyJrIjoiYmYyNTQ4NjgtNjhlMC00YjNiLWE0MDAtZTUwNWU5ZGIwNTk4IiwidCI6IjVjNWUxOWY2LWE2YWItNGI0NS1iMWQwLWJlNDYwOGE5YTY3ZiJ9","State UCR","Open Source",965234,978816,NA,NA,"","Austin","TX","South","West South Central",978816
"Avondale, AZ","Avondale",0,0,4,13,10,197,16,2020,4,"AZ","Avondale, AZ,City",17,223,"Avondale","https://azcrimestatistics.azdps.gov/","State UCR","Open Source",91467,92661,NA,NA,"","Avondale","AZ","West","Mountain",92661
"Baltimore, MD","Baltimore",35,16,400,664,332,1287,315,2022,7,"MD","Baltimore, MD,City",1115,1934,"Baltimore","https://data.baltimorecity.gov/datasets/part-1-crime-data/explore","Agency RMS","Open Source",570546,565192,NA,NA,"","Baltimore","MD","South","South Atlantic",565192
"Baltimore, MD","Baltimore",3,NA,56,223,133,1037,103,2020,6,"MD","Baltimore, MD,County",282,1273,NA,NA,NA,NA,NA,NA,NA,NA,NA,NA,NA,NA,NA,NA
"Baytown, TX","Baytown",0,4,5,17,14,143,31,2023,11,"TX","Baytown, TX,City",26,188,"Baytown","https://txucr.nibrs.com/SRSReport/CrimeTrends","State UCR","Open Source",81477,83809,NA,NA,"","Baytown","TX","South","West South Central",83809
"Beaumont, TX","Beaumont",1,12,21,85,58,206,24,2023,10,"TX","Beaumont, TX,City",119,288,"Beaumont","https://txucr.nibrs.com/SRSReport/CrimeTrends","State UCR","Open Source",110898,110671,NA,NA,"","Beaumont","TX","South","West South Central",110671
"Bellevue, NE","Bellevue",0,6,1,3,6,45,26,2023,2,"NE","Bellevue, NE,City",10,77,"Bellevue","https://crimestats.ne.gov/public/View/RSReport.aspx?ReportId=1082","State UCR","Open Source",63178,62372,NA,NA,"","Bellevue","NE","Midwest","West North Central",62372
"Bellingham, WA","Bellingham",0,NA,9,NA,NA,230,12,2024,9,"WA","Bellingham, WA,City",9,242,"Bellingham","https://cob.org/gov/dept/police/news-police/crime-stats","Agency Aggregated","Open Source",93014,94968,NA,NA,"","Bellingham","WA","West","Pacific",94968
"Bensalem, PA","Bensalem",0,0,5,2,16,116,7,2021,9,"PA","Bensalem, PA,City",7,139,"Bensalem","https://www.ucr.pa.gov/PAUCRSPUBLIC/SRSReport/CrimeTrends","State UCR","Open Source",62782,62595,NA,NA,"","Bensalem Township","PA","Northeast","Middle Atlantic",62595
"Bethlehem, PA","Bethlehem",0,2,2,4,5,91,6,2023,3,"PA","Bethlehem, PA,City",8,102,"Bethlehem","https://www.ucr.pa.gov/PAUCRSPUBLIC/SRSReport/CrimeTrends","State UCR","Open Source",75619,78606,NA,NA,"Inferred Dec 2019 from annual average","Bethlehem","PA","Northeast","Middle Atlantic",78606
"Blue Springs, MO","Blue Springs",0,1,2,5,13,104,10,2019,4,"MO","Blue Springs, MO,City",8,127,"Blue Springs","https://showmecrime.mo.gov/","State UCR","Open Source",60093,59896,NA,NA,"","Blue Springs","MO","Midwest","West North Central",59896
"Bolingbrook, IL","Bolingbrook",1,4,3,13,5,54,1,2017,6,"IL","Bolingbrook, IL,City",21,60,"Bolingbrook","https://ilucr.nibrs.com/AdvancedSearch/AdvancedSearch","State UCR","Open Source",73364,74138,NA,NA,"","Bolingbrook","IL","Midwest","East North Central",74138
"Brazoria, TX","Brazoria",1,6,2,19,25,79,13,2023,1,"TX","Brazoria, TX,County",28,117,"Brazoria","https://txucr.nibrs.com/SRSReport/CrimeTrends","State UCR","Open Source",132229,132229,NA,NA,"","Brazoria","TX","South","West South Central",132229
"Bridgeport, CT","Bridgeport",1,8,39,49,49,121,43,2019,6,"CT","Bridgeport, CT,City",97,213,"Bridgeport","https://ct.beyond2020.com/ct_public/Dim/dimension.aspx","State UCR","Open Source",148395,148483,NA,NA,"","Bridgeport","CT","Northeast","New England",148483
"Bristol, CT","Bristol",0,1,2,1,13,34,33,2023,4,"CT","Bristol, CT,City",4,80,"Bristol","https://ct.beyond2020.com/ct_public/Dim/dimension.aspx","State UCR","Open Source",60657,61609,NA,NA,"","Bristol","CT","Northeast","New England",61609
"Brownsville, TX","Brownsville",2,7,12,36,32,217,6,2020,7,"TX","Brownsville, TX,City",57,255,"Brownsville","https://txucr.nibrs.com/SRSReport/CrimeTrends","State UCR","Open Source",188906,190590,NA,NA,"","Brownsville","TX","South","West South Central",190590
"Buckeye, AZ","Buckeye",0,2,1,15,11,82,5,2022,5,"AZ","Buckeye, AZ,City",18,98,"Buckeye","https://azcrimestatistics.azdps.gov/","State UCR","Open Source",110002,112048,NA,NA,"","Buckeye","AZ","West","Mountain",112048
"Buffalo, NY","Buffalo",4,14,93,138,228,688,83,2018,9,"NY","Buffalo, NY,City",249,999,"Buffalo","https://data.buffalony.gov/Public-Safety/Monthly-Uniform-Crime-Reporting-UCR-Program-Statis/xxu9-yrhd/data","Agency Aggregated","Open Source",275710,275922,NA,NA,"","Buffalo","NY","Northeast","Middle Atlantic",275922
"Burbank, CA","Burbank",0,2,6,12,26,159,17,2018,12,"CA","Burbank, CA,City",20,202,"Burbank","https://www.burbankpd.org/crime-information/crime-statistics/","Agency Aggregated","Open Source",103516,102345,NA,NA,"","Burbank","CA","West","Pacific",102345
"Burleson, TX","Burleson",0,0,0,6,7,46,9,2024,2,"TX","Burleson, TX,City",6,62,"Burleson","https://txucr.nibrs.com/SRSReport/CrimeTrends","State UCR","Open Source",55356,56307,NA,NA,"","Burleson","TX","South","West South Central",56307
"Caldwell, ID","Caldwell",0,2,0,20,12,67,9,2022,3,"ID","Caldwell, ID,City",22,88,"Caldwell","https://nibrs.isp.idaho.gov/CrimeInIdaho/AdvancedSearch/AdvancedSearch","State UCR","Open Source",66940,68731,NA,NA,"","Caldwell","ID","West","Mountain",68731
"Carlsbad, CA","Carlsbad",0,2,3,10,29,143,17,2019,11,"CA","Carlsbad, CA,City",15,189,"Carlsbad","https://crimestats.arjis.org/default.aspx","Agency Aggregated","Open Source",115531,113796,NA,NA,"","Carlsbad","CA","West","Pacific",113796
"Carrollton, TX","Carrollton",0,4,9,4,39,112,21,2017,7,"TX","Carrollton, TX,City",17,172,"Carrollton","https://txucr.nibrs.com/SRSReport/CrimeTrends","State UCR","Open Source",133610,134261,NA,NA,"Inferred Aug-Dec 2019 from annual average","Carrollton","TX","South","West South Central",134261
"Casa Grande, AZ","Casa Grande",0,2,1,20,8,62,17,2024,9,"AZ","Casa Grande, AZ,City",23,87,"Casa Grande","https://azcrimestatistics.azdps.gov/","State UCR","Open Source",61271,63228,NA,NA,"","Casa Grande","AZ","West","Mountain",63228
"Cedar Park, TX","Cedar Park",0,3,0,4,5,66,13,2021,8,"TX","Cedar Park, TX,City",7,84,"Cedar Park","https://txucr.nibrs.com/SRSReport/CrimeTrends","State UCR","Open Source",79353,77464,NA,NA,"","Cedar Park","TX","South","West South Central",77464
"Champaign, IL","Champaign",0,7,4,32,39,209,19,2019,6,"IL","Champaign, IL,City",43,267,"Champaign","https://ilucr.nibrs.com/AdvancedSearch/AdvancedSearch","State UCR","Open Source",89815,89687,NA,NA,"","Champaign","IL","Midwest","East North Central",89687
"Chandler, AZ","Chandler",0,16,9,33,37,353,20,2018,9,"AZ","Chandler, AZ,City",58,410,"Chandler","https://azcrimestatistics.azdps.gov/","State UCR","Open Source",281373,282419,NA,NA,"","Chandler","AZ","West","Mountain",282419
"Charlotte, NC","Charlotte",7,34,170,263,375,2276,261,2019,5,"NC","Charlotte, NC,City",474,2912,"Charlotte","https://data.charlottenc.gov/search?q=CMPD","Agency RMS","Open Source",955466,979304,NA,NA,"","Charlotte-Mecklenburg","NC","South","South Atlantic",979304
"Chattanooga, TN","Chattanooga",1,9,12,81,68,564,87,2022,12,"TN","Chattanooga, TN,City",103,719,"Chattanooga","https://crimeinsight.tbi.tn.gov/public/View/dispview.aspx","Agency RMS","Open Source",182603,185370,NA,NA,"","Chattanooga","TN","South","East South Central",185370
"Chesapeake, VA","Chesapeake",1,8,9,102,30,234,44,2021,4,"VA","Chesapeake, VA,City",120,308,"Chesapeake","https://vsp.virginia.gov/","State UCR","Provided by State UCR Program",253745,254051,NA,NA,"","Chesapeake","VA","South","South Atlantic",254051
"Chesterfield, VA","Chesterfield",3,7,8,44,47,380,28,2021,12,"VA","Chesterfield, VA,County",62,455,NA,NA,NA,NA,NA,NA,NA,NA,NA,NA,NA,NA,NA,NA
"Cheyenne, WY","Cheyenne",0,2,0,11,17,138,17,2017,4,"WY","Cheyenne, WY,City",13,172,"Cheyenne","https://crimestats.wyo.gov/public/View/dispview.aspx","State UCR","Open Source",64610,64307,NA,NA,"","Cheyenne","WY","West","Mountain",64307
"Chicago, IL","Chicago",55,175,768,1488,673,5416,2011,2024,8,"IL","Chicago, IL,City",2486,8100,"Chicago","https://data.cityofchicago.org/Public-Safety/Crimes-2001-to-Present/ijzp-q8t2/explore/query/SELECT%0A%20%20%60id%60%2C%0A%20%20%60case_number%60%2C%0A%20%20%60date%60%2C%0A%20%20%60block%60%2C%0A%20%20%60iucr%60%2C%0A%20%20%60primary_type%60%2C%0A%20%20%60description%60%2C%0A%20%20%60location_description%60%2C%0A%20%20%60arrest%60%2C%0A%20%20%60domestic%60%2C%0A%20%20%60beat%60%2C%0A%20%20%60district%60%2C%0A%20%20%60ward%60%2C%0A%20%20%60community_area%60%2C%0A%20%20%60fbi_code%60%2C%0A%20%20%60x_coordinate%60%2C%0A%20%20%60y_coordinate%60%2C%0A%20%20%60year%60%2C%0A%20%20%60updated_on%60%2C%0A%20%20%60latitude%60%2C%0A%20%20%60longitude%60%2C%0A%20%20%60location%60%2C%0A%20%20%60%3A%40computed_region_awaf_s7ux%60%2C%0A%20%20%60%3A%40computed_region_6mkv_f3dw%60%2C%0A%20%20%60%3A%40computed_region_vrxf_vc4k%60%2C%0A%20%20%60%3A%40computed_region_bdys_3d7i%60%2C%0A%20%20%60%3A%40computed_region_43wa_7qmu%60%2C%0A%20%20%60%3A%40computed_region_rpca_8um6%60%2C%0A%20%20%60%3A%40computed_region_d9mm_jgwp%60%2C%0A%20%20%60%3A%40computed_region_d3ds_rm58%60%2C%0A%20%20%60%3A%40computed_region_8hcu_yrd4%60%0AORDER%20BY%20%60date%60%20DESC%20NULL%20FIRST/page/filter","Agency RMS","Open Source",2652124,2628298,NA,NA,"","Chicago","IL","Midwest","East North Central",2628298
"Chula Vista, CA","Chula Vista",0,6,25,41,40,202,61,2017,7,"CA","Chula Vista, CA,City",72,303,"Chula Vista","https://crimestats.arjis.org/default.aspx","Agency Aggregated","Open Source",277976,280748,NA,NA,"","Chula Vista","CA","West","Pacific",280748
"Cicero, IL","Cicero",1,3,16,14,21,43,19,2021,5,"IL","Cicero, IL,City",34,83,"Cicero","https://ilucr.nibrs.com/AdvancedSearch/AdvancedSearch","State UCR","Open Source",81492,80455,NA,NA,"","Cicero","IL","Midwest","East North Central",80455
"Coeur D Alene, ID","Coeur D Alene",0,5,0,6,7,61,11,2018,4,"ID","Coeur D Alene, ID,City",11,79,"Coeur D Alene","https://nibrs.isp.idaho.gov/CrimeInIdaho/AdvancedSearch/AdvancedSearch","State UCR","Open Source",57061,57653,NA,NA,"","Coeur d'Alene","ID","West","Mountain",57653
"College Station, TX","College Station",0,2,1,11,35,136,14,2020,6,"TX","College Station, TX,City",14,185,"College Station","https://txucr.nibrs.com/SRSReport/CrimeTrends","State UCR","Open Source",121618,126136,NA,NA,"","College Station","TX","South","West South Central",126136
"Columbia, MO","Columbia",3,9,16,66,57,173,13,2017,3,"MO","Columbia, MO,City",94,243,"Columbia","https://showmecrime.mo.gov/","State UCR","Open Source",127862,129602,NA,NA,"","Columbia","MO","Midwest","West North Central",129602
"Columbus, OH","Columbus",11,NA,NA,NA,NA,NA,NA,2017,11,"OH","Columbus, OH,City",11,0,"Columbus","https://ocjs.ohio.gov/","State UCR","Provided by State UCR Program",907196,908834,NA,NA,"","Columbus","OH","Midwest","East North Central",908834
"Concord, CA","Concord",0,11,12,27,45,297,69,2017,10,"CA","Concord, CA,City",50,411,"Concord","https://www.cityofconcord.org/1197/2024-Crime-Statistics","Agency Aggregated","Open Source",122982,121331,NA,NA,"","Concord","CA","West","Pacific",121331
"Conroe, TX","Conroe",0,3,8,7,33,156,15,2017,1,"TX","Conroe, TX,City",18,204,"Conroe","https://txucr.nibrs.com/SRSReport/CrimeTrends","State UCR","Open Source",98623,106904,NA,NA,"","Conroe","TX","South","West South Central",106904
"Corpus Christi, TX","Corpus Christi",3,26,28,182,221,641,61,2022,3,"TX","Corpus Christi, TX,City",239,923,"Corpus Christi","https://txucr.nibrs.com/SRSReport/CrimeTrends","State UCR","Open Source",317694,315340,NA,NA,"","Corpus Christi","TX","South","West South Central",315340
"Cranston, RI","Cranston",0,3,1,4,4,62,9,2020,1,"RI","Cranston, RI,City",8,75,"Cranston","https://riucr.nibrs.com/AdvancedSearch/AdvancedSearch","State UCR","Open Source",82205,82484,NA,NA,"","Cranston","RI","Northeast","New England",82484
"Dallas, TX","Dallas",17,57,214,707,517,2211,1028,2021,6,"TX","Dallas, TX,City",995,3756,"Dallas","https://txucr.nibrs.com/SRSReport/CrimeTrends","State UCR","Open Source",1286121,1304989,NA,NA,"","Dallas","TX","South","West South Central",1304989
"Danbury, CT","Danbury",1,3,4,2,6,57,6,2021,3,"CT","Danbury, CT,City",10,69,"Danbury","https://ct.beyond2020.com/ct_public/Dim/dimension.aspx","State UCR","Open Source",87164,87327,NA,NA,"","Danbury","CT","Northeast","New England",87327
"Decatur, IL","Decatur",1,6,6,27,35,88,16,2022,3,"IL","Decatur, IL,City",40,139,"Decatur","https://ilucr.nibrs.com/AdvancedSearch/AdvancedSearch","State UCR","Open Source",68789,68301,NA,NA,"","Decatur","IL","Midwest","East North Central",68301
"Denton, TX","Denton",0,10,11,13,27,227,17,2019,1,"TX","Denton, TX,City",34,271,"Denton","https://txucr.nibrs.com/SRSReport/CrimeTrends","State UCR","Open Source",154230,155215,NA,NA,"","Denton","TX","South","West South Central",155215
"Denton, TX","Denton",0,3,0,5,16,35,2,2018,10,"TX","Denton, TX,County",8,53,"Denton","https://txucr.nibrs.com/SRSReport/CrimeTrends","State UCR","Open Source",160587,160587,NA,NA,"","Denton","TX","South","West South Central",160587
"Desoto, TX","Desoto",0,5,5,10,18,46,25,2023,5,"TX","Desoto, TX,City",20,89,"Desoto","https://txucr.nibrs.com/SRSReport/CrimeTrends","State UCR","Open Source",55956,56257,NA,NA,"","DeSoto","TX","South","West South Central",56257
"Detroit, MI","Detroit",32,80,218,883,644,1267,557,2018,8,"MI","Detroit, MI,City",1213,2468,"Detroit","https://data.detroitmi.gov/datasets/rms-crime-incidents","Agency RMS","Open Source",626757,615501,NA,NA,"","Detroit","MI","Midwest","East North Central",615501
"Dunwoody, GA","Dunwoody",0,1,0,3,9,138,14,2017,1,"GA","Dunwoody, GA,City",4,161,"Dunwoody","https://www.dunwoodyga.gov/police/crime-info-stats/crime-comparison","Agency Aggregated","Open Source",50271,52505,NA,NA,"","Dunwoody","GA","South","South Atlantic",52505
"Durham, NC","Durham",1,8,88,147,207,701,53,2017,10,"NC","Durham, NC,City",244,961,"Durham","https://www.durhamnc.gov/Archive.aspx?AMID=195","Agency Aggregated","Open Source",286377,295788,NA,NA,"","Durham","NC","South","South Atlantic",295788
"East Hartford, CT","East Hartford",0,4,8,1,7,85,14,2018,4,"CT","East Hartford, CT,City",13,106,"East Hartford","https://ct.beyond2020.com/ct_public/Dim/dimension.aspx","State UCR","Open Source",50579,50625,NA,NA,"","East Hartford","CT","Northeast","New England",50625
"Edinburg, TX","Edinburg",0,5,1,15,13,173,17,2024,12,"TX","Edinburg, TX,City",21,203,"Edinburg","https://txucr.nibrs.com/SRSReport/CrimeTrends","State UCR","Open Source",104987,106137,NA,NA,"","Edinburg","TX","South","West South Central",106137
"El Cajon, CA","El Cajon",0,3,10,24,14,85,23,2023,4,"CA","El Cajon, CA,City",37,122,"El Cajon","https://crimestats.arjis.org/default.aspx","Agency Aggregated","Open Source",104693,103569,NA,NA,"","El Cajon","CA","West","Pacific",103569
"El Paso, TX","El Paso",5,19,31,140,102,594,233,2023,9,"TX","El Paso, TX,City",195,929,"El Paso","https://txucr.nibrs.com/SRSReport/CrimeTrends","State UCR","Open Source",678232,676665,NA,NA,"","El Paso","TX","South","West South Central",676665
"El Paso, TX","El Paso",0,1,2,30,13,48,14,2022,12,"TX","El Paso, TX,County",33,75,"El Paso","https://txucr.nibrs.com/SRSReport/CrimeTrends","State UCR","Open Source",116599,116599,NA,NA,"","El Paso","TX","South","West South Central",116599
"Erie, PA","Erie",0,6,6,31,35,215,14,2022,6,"PA","Erie, PA,City",43,264,"Erie","https://www.ucr.pa.gov/PAUCRSPUBLIC/SRSReport/CrimeTrends","State UCR","Open Source",93363,92920,NA,NA,"","Erie","PA","Northeast","Middle Atlantic",92920
"Escondido, CA","Escondido",0,7,10,36,28,122,44,2021,7,"CA","Escondido, CA,City",53,194,"Escondido","https://crimestats.arjis.org/default.aspx","Agency Aggregated","Open Source",150072,149837,NA,NA,"","Escondido","CA","West","Pacific",149837
"Euless, TX","Euless",0,0,1,3,24,51,2,2017,6,"TX","Euless, TX,City",4,77,"Euless","https://txucr.nibrs.com/SRSReport/CrimeTrends","State UCR","Open Source",59901,59722,NA,NA,"","Euless","TX","South","West South Central",59722
"Evanston, IL","Evanston",0,0,4,8,14,75,3,2018,1,"IL","Evanston, IL,City",12,92,"Evanston","https://ilucr.nibrs.com/AdvancedSearch/AdvancedSearch","State UCR","Open Source",76259,74413,NA,NA,"","Evanston","IL","Midwest","East North Central",74413
"Fairfax, VA","Fairfax",1,12,21,38,40,793,116,2020,5,"VA","Fairfax, VA,County",72,949,NA,NA,NA,NA,NA,NA,NA,NA,NA,NA,NA,NA,NA,NA
"Fayetteville, NC","Fayetteville",2,NA,14,76,78,338,38,2021,2,"NC","Fayetteville, NC,City",92,454,"Fayetteville","https://data.fayettevillenc.gov/search?tags=incidents","Agency RMS","Open Source",208980,209262,NA,NA,"","Fayetteville","NC","South","South Atlantic",209262
"Flower Mound, TX","Flower Mound",0,1,1,2,2,58,3,2017,6,"TX","Flower Mound, TX,City",4,63,"Flower Mound","https://txucr.nibrs.com/SRSReport/CrimeTrends","State UCR","Open Source",78167,79513,NA,NA,"","Flower Mound","TX","South","West South Central",79513
"Fort Bend, TX","Fort Bend",0,10,9,45,47,188,16,2017,11,"TX","Fort Bend, TX,County",64,251,"Fort Bend","https://txucr.nibrs.com/SRSReport/CrimeTrends","State UCR","Open Source",578695,578695,NA,NA,"","Fort Bend","TX","South","West South Central",578695
"Fort Worth, TX","Fort Worth",14,54,62,312,315,1448,306,2021,9,"TX","Fort Worth, TX,City",442,2069,"Fort Worth","https://txucr.nibrs.com/SRSReport/CrimeTrends","State UCR","Open Source",948605,973722,NA,NA,"","Fort Worth","TX","South","West South Central",973722
"Fremont, CA","Fremont",0,1,16,31,69,370,130,2023,5,"CA","Fremont, CA,City",48,569,"Fremont","https://www.fremontpolice.gov/","Agency Aggregated","Provided by Agency",223430,220775,NA,NA,"","Fremont","CA","West","Pacific",220775
"Frisco, TX","Frisco",0,5,3,10,24,185,8,2020,2,"TX","Frisco, TX,City",18,217,"Frisco","https://txucr.nibrs.com/SRSReport/CrimeTrends","State UCR","Open Source",218962,228527,NA,NA,"","Frisco","TX","South","West South Central",228527
"Galveston, TX","Galveston",0,11,8,12,18,106,15,2017,3,"TX","Galveston, TX,City",31,139,"Galveston","https://txucr.nibrs.com/SRSReport/CrimeTrends","State UCR","Open Source",52920,52810,NA,NA,"","Galveston","TX","South","West South Central",52810
"Garland, TX","Garland",0,11,30,30,86,330,110,2020,1,"TX","Garland, TX,City",71,526,"Garland","https://txucr.nibrs.com/SRSReport/CrimeTrends","State UCR","Open Source",241095,240051,NA,NA,"","Garland","TX","South","West South Central",240051
"Georgetown, TX","Georgetown",0,2,1,6,14,53,7,2018,5,"TX","Georgetown, TX,City",9,74,"Georgetown","https://txucr.nibrs.com/SRSReport/CrimeTrends","State UCR","Open Source",83371,87871,NA,NA,"","Georgetown","TX","South","West South Central",87871
"Gilbert, AZ","Gilbert",0,3,2,7,22,196,9,2018,8,"AZ","Gilbert, AZ,City",12,227,"Gilbert","https://azcrimestatistics.azdps.gov/","State UCR","Open Source",277123,278495,NA,NA,"","Gilbert","AZ","West","Mountain",278495
"Glendale, AZ","Glendale",4,3,16,32,112,525,72,2019,4,"AZ","Glendale, AZ,City",55,709,"Glendale","https://azcrimestatistics.azdps.gov/","State UCR","Open Source",250466,253768,NA,NA,"","Glendale","AZ","West","Mountain",253768
"Glendale, CA","Glendale",0,2,4,8,25,211,23,2018,3,"CA","Glendale, CA,City",14,259,"Glendale","https://www.glendaleca.gov/government/departments/police-department/community-outreach-resources-and-engagement-c-o-r-e/crime-prevention-programs-resources/crime-statistics-booking-logs","Agency Aggregated","Open Source",188599,185923,NA,NA,"","Glendale","CA","West","Pacific",185923
"Goodyear, AZ","Goodyear",0,1,4,13,39,188,16,2017,7,"AZ","Goodyear, AZ,City",18,243,"Goodyear","https://azcrimestatistics.azdps.gov/","State UCR","Open Source",107212,109929,NA,NA,"","Goodyear","AZ","West","Mountain",109929
"Grand Island, NE","Grand Island",0,0,0,10,5,44,5,2021,1,"NE","Grand Island, NE,City",10,54,"Grand Island","https://crimestats.ne.gov/public/View/RSReport.aspx?ReportId=1082","State UCR","Open Source",51733,52264,NA,NA,"","Grand Island","NE","Midwest","West North Central",52264
"Grand Prairie, TX","Grand Prairie",0,7,8,15,39,225,51,2019,3,"TX","Grand Prairie, TX,City",30,315,"Grand Prairie","https://txucr.nibrs.com/SRSReport/CrimeTrends","State UCR","Open Source",199663,205487,NA,NA,"","Grand Prairie","TX","South","West South Central",205487
"Grand Rapids, MI","Grand Rapids",3,6,19,156,73,303,73,2017,4,"MI","Grand Rapids, MI,City",184,449,"Grand Rapids","https://grpd-grandrapids.hub.arcgis.com/","Agency RMS","Open Source",196662,196019,NA,NA,"","Grand Rapids","MI","Midwest","East North Central",196019
"Grapevine, TX","Grapevine",0,2,3,8,8,86,11,2020,12,"TX","Grapevine, TX,City",13,105,"Grapevine","https://txucr.nibrs.com/SRSReport/CrimeTrends","State UCR","Open Source",50988,51458,NA,NA,"","Grapevine","TX","South","West South Central",51458
"Greensboro, NC","Greensboro",5,5,51,132,174,706,71,2018,6,"NC","Greensboro, NC,City",193,951,"Greensboro","https://data.greensboro-nc.gov/pages/385998aa22e940999b05b6c3b6dcad03","Agency Aggregated","Provided by Agency",298719,303237,NA,NA,"","Greensboro","NC","South","South Atlantic",303237
"Greenwich, CT","Greenwich",0,0,0,0,3,29,8,2024,9,"CT","Greenwich, CT,City",0,40,"Greenwich","https://ct.beyond2020.com/ct_public/Dim/dimension.aspx","State UCR","Open Source",63631,63777,NA,NA,"","Greenwich","CT","Northeast","New England",63777
"Hampton, VA","Hampton",2,3,18,21,66,399,40,2017,10,"VA","Hampton, VA,City",44,505,"Hampton","https://vsp.virginia.gov/","State UCR","Provided by State UCR Program",138843,138533,NA,NA,"","Hampton","VA","South","South Atlantic",138533
"Hanover, VA","Hanover",0,5,0,13,4,69,6,2023,2,"VA","Hanover, VA,County",18,79,NA,NA,NA,NA,NA,NA,NA,NA,NA,NA,NA,NA,NA,NA
"Harlingen, TX","Harlingen",0,1,4,11,17,101,30,2023,11,"TX","Harlingen, TX,City",16,148,"Harlingen","https://txucr.nibrs.com/SRSReport/CrimeTrends","State UCR","Open Source",72047,71581,NA,NA,"","Harlingen","TX","South","West South Central",71581
"Harris, TX","Harris",8,54,202,505,615,2463,454,2017,10,"TX","Harris, TX,County",769,3532,"Harris","https://txucr.nibrs.com/SRSReport/CrimeTrends","State UCR","Open Source",2057899,2057899,NA,NA,"","Harris","TX","South","West South Central",2057899
"Harrisburg, PA","Harrisburg",1,4,7,34,18,60,14,2020,7,"PA","Harrisburg, PA,City",46,92,"Harrisburg","https://www.ucr.pa.gov/PAUCRSPUBLIC/SRSReport/CrimeTrends","State UCR","Open Source",50201,50229,NA,NA,"","Harrisburg","PA","Northeast","Middle Atlantic",50229
"Harrisonburg, VA","Harrisonburg",0,3,0,2,1,71,2,2019,1,"VA","Harrisonburg, VA,City",5,74,"Harrisonburg","https://vsp.virginia.gov/","State UCR","Provided by State UCR Program",51363,50928,NA,NA,"","Harrisonburg","VA","South","South Atlantic",50928
"Hartford, CT","Hartford",2,3,13,32,32,160,67,2022,9,"CT","Hartford, CT,City",50,259,"Hartford","https://ct.beyond2020.com/ct_public/Dim/dimension.aspx","State UCR","Open Source",120196,120710,NA,NA,"","Hartford","CT","Northeast","New England",120710
"Haverford, PA","Haverford",0,1,0,1,4,46,1,2018,6,"PA","Haverford, PA,City",2,51,"Haverford","https://www.ucr.pa.gov/PAUCRSPUBLIC/SRSReport/CrimeTrends","State UCR","Open Source",50505,50505,NA,NA,"","Haverford Township","PA","Northeast","Middle Atlantic",50505
"Hays, TX","Hays",0,3,3,11,2,38,10,2023,1,"TX","Hays, TX,County",17,50,"Hays","https://txucr.nibrs.com/SRSReport/CrimeTrends","State UCR","Open Source",130433,130433,NA,NA,"","Hays","TX","South","West South Central",130433
"Henderson, NV","Henderson",1,4,21,33,52,273,40,2020,3,"NV","Henderson, NV,City",59,365,"Henderson","https://nevadacrimestats.nv.gov/public/View/dispview.aspx","State UCR","Open Source",325332,337794,NA,NA,"","Henderson","NV","West","Mountain",337794
"Henrico, VA","Henrico",2,5,8,38,44,448,68,2023,2,"VA","Henrico, VA,County",53,560,NA,NA,NA,NA,NA,NA,NA,NA,NA,NA,NA,NA,NA,NA
"Hidalgo, TX","Hidalgo",0,14,5,66,49,94,33,2024,10,"TX","Hidalgo, TX,County",85,176,"Hidalgo","https://txucr.nibrs.com/SRSReport/CrimeTrends","State UCR","Open Source",260352,260352,NA,NA,"","Hidalgo","TX","South","West South Central",260352
"Honolulu, HI","Honolulu",0,NA,68,85,408,1777,458,2020,12,"HI","Honolulu, HI,City",153,2643,"Honolulu","https://www.honolulupd.org/dashboard/crime-by-category/","Agency Aggregated","Open Source",994799,987546,NA,NA,"","Honolulu","HI","West","Pacific",987546
"Houston, TX","Houston",15,89,766,1185,1796,5341,1124,2017,8,"TX","Houston, TX,City",2055,8261,"Houston","https://txucr.nibrs.com/SRSReport/CrimeTrends","State UCR","Open Source",2276533,2304406,NA,NA,"","Houston","TX","South","West South Central",2304406
"Idaho Falls, ID","Idaho Falls",0,3,2,11,23,61,13,2017,3,"ID","Idaho Falls, ID,City",16,97,"Idaho Falls","https://nibrs.isp.idaho.gov/CrimeInIdaho/AdvancedSearch/AdvancedSearch","State UCR","Open Source",68162,68662,NA,NA,"","Idaho Falls","ID","West","Mountain",68662
"Independence, MO","Independence",0,16,6,24,61,281,84,2020,1,"MO","Independence, MO,City",46,426,"Independence","https://showmecrime.mo.gov/","State UCR","Open Source",121255,120326,NA,NA,"","Independence","MO","Midwest","West North Central",120326
"Indianapolis, IN","Indianapolis",9,56,248,559,529,1621,395,2019,1,"IN","Indianapolis, IN,City",872,2545,"Indianapolis","https://www.indy.gov/agency/indianapolis-metropolitan-police-department","Agency Aggregated","Provided by Agency",886455,887131,NA,NA,"","Indianapolis","IN","Midwest","East North Central",887131
"Irving, TX","Irving",0,11,10,35,51,368,127,2023,9,"TX","Irving, TX,City",56,546,"Irving","https://txucr.nibrs.com/SRSReport/CrimeTrends","State UCR","Open Source",254141,255203,NA,NA,"","Irving","TX","South","West South Central",255203
"Jackson, MI","Jackson",0,3,10,19,18,90,4,2017,1,"MI","Jackson, MI,City",32,112,NA,NA,NA,NA,NA,NA,NA,NA,NA,NA,NA,NA,NA,NA
"Jefferson Parish, LA","Jefferson Parish",6,2,47,79,135,696,74,2017,1,"LA","Jefferson Parish, LA,County",134,905,NA,NA,NA,NA,NA,NA,NA,NA,NA,NA,NA,NA,NA,NA
"Jefferson, MO","Jefferson",0,0,1,23,30,64,25,2021,3,"MO","Jefferson, MO,County",24,119,"Jefferson","https://showmecrime.mo.gov/","State UCR","Open Source",167018,167018,NA,NA,"","Jefferson","MO","Midwest","West North Central",167018
"Joplin, MO","Joplin",1,2,5,16,35,198,26,2018,6,"MO","Joplin, MO,City",24,259,"Joplin","https://showmecrime.mo.gov/","State UCR","Open Source",51989,52881,NA,NA,"","Joplin","MO","Midwest","West North Central",52881
"Kalamazoo, MI","Kalamazoo",0,0,0,0,0,0,0,2021,3,"MI","Kalamazoo, MI,County",0,0,"Kalamazoo","https://www.michigan.gov/msp/divisions/cjic/dashboard-portal/crime-dashboard","State UCR","Open Source",108458,108458,NA,NA,"","Kalamazoo","MI","Midwest","East North Central",108458
"Kansas City, MO","Kansas City",17,46,158,612,391,1088,319,2017,5,"MO","Kansas City, MO,City",833,1798,"Kansas City","https://showmecrime.mo.gov/","State UCR","Open Source",508856,509855,NA,NA,"","Kansas City","MO","Midwest","West North Central",509855
"Kaufman, TX","Kaufman",0,3,0,6,27,24,7,2017,4,"TX","Kaufman, TX,County",9,58,"Kaufman","https://txucr.nibrs.com/SRSReport/CrimeTrends","State UCR","Open Source",111179,111179,NA,NA,"","Kaufman","TX","South","West South Central",111179
"Killeen, TX","Killeen",0,12,12,29,88,178,20,2019,4,"TX","Killeen, TX,City",53,286,"Killeen","https://txucr.nibrs.com/SRSReport/CrimeTrends","State UCR","Open Source",159546,161968,NA,NA,"","Killeen","TX","South","West South Central",161968
"Kyle, TX","Kyle",0,0,2,3,5,39,3,2017,5,"TX","Kyle, TX,City",5,47,"Kyle","https://txucr.nibrs.com/SRSReport/CrimeTrends","State UCR","Open Source",57724,63931,NA,NA,"","Kyle","TX","South","West South Central",63931
"La Mesa, CA","La Mesa",0,0,9,7,10,64,9,2022,9,"CA","La Mesa, CA,City",16,83,"La Mesa","https://crimestats.arjis.org/default.aspx","Agency Aggregated","Open Source",60333,60008,NA,NA,"","La Mesa","CA","West","Pacific",60008
"Lake Havasu City, AZ","Lake Havasu City",1,0,0,2,7,46,0,2018,1,"AZ","Lake Havasu City, AZ,City",3,53,"Lake Havasu City","https://azcrimestatistics.azdps.gov/","State UCR","Open Source",59166,59720,NA,NA,"","Lake Havasu City","AZ","West","Mountain",59720
"Lancaster, PA","Lancaster",0,3,3,21,7,71,7,2021,4,"PA","Lancaster, PA,City",27,85,"Lancaster","https://www.ucr.pa.gov/PAUCRSPUBLIC/SRSReport/CrimeTrends","State UCR","Open Source",57295,57213,NA,NA,"","Lancaster","PA","Northeast","Middle Atlantic",57213
"Laredo, TX","Laredo",0,8,4,51,70,455,16,2018,7,"TX","Laredo, TX,City",63,541,"Laredo","https://txucr.nibrs.com/SRSReport/CrimeTrends","State UCR","Open Source",256973,256542,NA,NA,"","Laredo","TX","South","West South Central",256542
"Las Vegas, NV","Las Vegas",7,NA,168,459,975,2457,591,2019,8,"NV","Las Vegas, NV,City",634,4023,"Las Vegas","https://nevadacrimestats.nv.gov/public/View/dispview.aspx","State UCR","Open Source",1667961,1670226,NA,NA,"","Las Vegas Metropolitan Police Department","NV","West","Mountain",1670226
"League City, TX","League City",1,5,0,3,8,67,8,2021,6,"TX","League City, TX,City",9,83,"League City","https://txucr.nibrs.com/SRSReport/CrimeTrends","State UCR","Open Source",116511,115791,NA,NA,"","League City","TX","South","West South Central",115791
"Lee's Summit, MO","Lee's Summit",0,0,2,10,5,131,14,2025,1,"MO","Lee's Summit, MO,City",12,150,"Lee's Summit","https://showmecrime.mo.gov/","State UCR","Open Source",103976,104402,NA,NA,"","Lee's Summit","MO","Midwest","West North Central",104402
"Lewisville, TX","Lewisville",0,3,5,11,25,140,20,2019,5,"TX","Lewisville, TX,City",19,185,"Lewisville","https://txucr.nibrs.com/SRSReport/CrimeTrends","State UCR","Open Source",113568,133694,NA,NA,"","Lewisville","TX","South","West South Central",133694
"Lexington, KY","Lexington",1,15,21,49,94,602,83,2021,9,"KY","Lexington, KY,City",86,779,"Lexington","https://www.lexingtonky.gov/crime-data","Agency Aggregated","Open Source",320983,319994,NA,NA,"","Lexington","KY","South","East South Central",319994
"Lincoln, NE","Lincoln",0,24,13,75,88,583,42,2018,6,"NE","Lincoln, NE,City",112,713,"Lincoln","https://crimestats.ne.gov/public/View/RSReport.aspx?ReportId=1082","State UCR","Open Source",293937,293155,NA,NA,"","Lincoln","NE","Midwest","West North Central",293155
"Little Elm, TX","Little Elm",0,4,0,3,1,20,3,2023,8,"TX","Little Elm, TX,City",7,24,"Little Elm","https://txucr.nibrs.com/SRSReport/CrimeTrends","State UCR","Open Source",55340,59954,NA,NA,"","Little Elm","TX","South","West South Central",59954
"Little Rock, AR","Little Rock",3,14,55,231,173,858,119,2017,1,"AR","Little Rock, AR,City",303,1150,"Little Rock","https://www.littlerock.gov/media/21988/part-i-offenses-by-month.pdf","Agency Aggregated","Open Source",201513,202986,NA,NA,"","Little Rock","AR","South","West South Central",202986
"Long Beach, CA","Long Beach",5,30,95,158,263,616,308,2024,6,"CA","Long Beach, CA,City",288,1187,"Long Beach","https://www.longbeach.gov/police/crime-info/crime-statistics/","Agency Aggregated","Open Source",447528,444415,NA,NA,"","Long Beach","CA","West","Pacific",444415
"Longview, TX","Longview",1,6,2,14,15,134,17,2024,3,"TX","Longview, TX,City",23,166,"Longview","https://txucr.nibrs.com/SRSReport/CrimeTrends","State UCR","Open Source",81811,82981,NA,NA,"","Longview","TX","South","West South Central",82981
"Los Angeles, CA","Los Angeles",22,NA,NA,NA,NA,NA,NA,2017,5,"CA","Los Angeles, CA,City",22,0,"Los Angeles","https://www.lapdonline.org/","Agency Aggregated","Provided by Agency",3809182,3786018,NA,NA,"","Los Angeles","CA","West","Pacific",3786018
"Los Angeles, CA","Los Angeles",12,18,340,598,824,2638,1350,2024,2,"CA","Los Angeles, CA,County",968,4812,"Los Angeles","https://lasd.org/transparency/part1and2crimedata/#part1","Agency Aggregated","Open Source",1008018,1008018,NA,NA,"","Los Angeles","CA","West","Pacific",1008018
"Louisville, KY","Louisville",9,22,114,264,330,1646,317,2019,9,"KY","Louisville, KY,City",409,2293,"Louisville","https://data.louisvilleky.gov/search?tags=lmpd","Agency RMS","Open Source",677554,669468,NA,NA,"","Louisville Metro","KY","South","East South Central",669468
"Lower Merion, PA","Lower Merion",0,0,1,1,3,79,5,2020,3,"PA","Lower Merion, PA,City",2,87,"Lower Merion","https://www.ucr.pa.gov/PAUCRSPUBLIC/SRSReport/CrimeTrends","State UCR","Open Source",64642,64350,NA,NA,"","Lower Merion Township","PA","Northeast","Middle Atlantic",64350
"Lower Paxton, PA","Lower Paxton",0,2,0,7,4,51,2,2018,9,"PA","Lower Paxton, PA,City",9,57,"Lower Paxton","https://www.ucr.pa.gov/PAUCRSPUBLIC/SRSReport/CrimeTrends","State UCR","Open Source",54552,55204,NA,NA,"","Lower Paxton Township","PA","Northeast","Middle Atlantic",55204
"Lynchburg, VA","Lynchburg",0,1,4,12,18,110,15,2017,2,"VA","Lynchburg, VA,City",17,143,"Lynchburg","https://vsp.virginia.gov/","State UCR","Provided by State UCR Program",79421,79509,NA,NA,"","Lynchburg","VA","South","South Atlantic",79509
"Manchester, CT","Manchester",0,2,2,9,11,102,29,2023,5,"CT","Manchester, CT,City",13,142,"Manchester","https://ct.beyond2020.com/ct_public/Dim/dimension.aspx","State UCR","Open Source",59293,59408,NA,NA,"","Manchester","CT","Northeast","New England",59408
"Mansfield, TX","Mansfield",0,2,2,4,9,64,8,2020,9,"TX","Mansfield, TX,City",8,81,"Mansfield","https://txucr.nibrs.com/SRSReport/CrimeTrends","State UCR","Open Source",75993,78788,NA,NA,"","Mansfield","TX","South","West South Central",78788
"Marana, AZ","Marana",0,0,0,1,1,86,1,2021,8,"AZ","Marana, AZ,City",1,88,"Marana","https://azcrimestatistics.azdps.gov/","State UCR","Open Source",57119,57718,NA,NA,"","Marana","AZ","West","Mountain",57718
"McAllen, TX","McAllen",0,5,2,5,14,283,2,2019,4,"TX","McAllen, TX,City",12,299,"McAllen","https://txucr.nibrs.com/SRSReport/CrimeTrends","State UCR","Open Source",145510,145684,NA,NA,"","McAllen","TX","South","West South Central",145684
"Mckinney, TX","Mckinney",1,5,3,9,14,101,20,2024,4,"TX","Mckinney, TX,City",18,135,"Mckinney","https://txucr.nibrs.com/SRSReport/CrimeTrends","State UCR","Open Source",208415,212716,NA,NA,"","McKinney","TX","South","West South Central",212716
"Memphis, TN","Memphis",16,62,170,533,415,2137,592,2024,11,"TN","Memphis, TN,City",781,3144,"Memphis","https://crimeinsight.tbi.tn.gov/public/View/dispview.aspx","Agency Aggregated","Open Source",624944,616061,NA,NA,"","Memphis","TN","South","East South Central",616061
"Meridian, ID","Meridian",0,1,0,6,3,52,0,2018,1,"ID","Meridian, ID,City",7,55,"Meridian","https://nibrs.isp.idaho.gov/CrimeInIdaho/AdvancedSearch/AdvancedSearch","State UCR","Open Source",132522,135239,NA,NA,"","Meridian","ID","West","Mountain",135239
"Mesa, AZ","Mesa",2,28,38,118,144,636,75,2017,10,"AZ","Mesa, AZ,City",186,855,"Mesa","https://azcrimestatistics.azdps.gov/","State UCR","Open Source",513116,515848,NA,NA,"","Mesa","AZ","West","Mountain",515848
"Mesquite, TX","Mesquite",1,6,15,19,47,239,66,2019,2,"TX","Mesquite, TX,City",41,352,"Mesquite","https://txucr.nibrs.com/SRSReport/CrimeTrends","State UCR","Open Source",147226,147926,NA,NA,"","Mesquite","TX","South","West South Central",147926
"Miami Beach, FL","Miami Beach",0,2,10,18,52,369,51,2023,11,"FL","Miami Beach, FL,City",30,472,"Miami Beach","https://www.miamibeachfl.gov/yourmbpd/monthlycrimesdatareport/","Agency Aggregated","Open Source",89017,78824,NA,NA,"Population via FBI CIUS 2020","Miami Beach","FL","South","South Atlantic",78824
"Midland, TX","Midland",1,2,0,4,3,7,3,2021,1,"TX","Midland, TX,City",7,13,"Midland","https://txucr.nibrs.com/SRSReport/CrimeTrends","State UCR","Open Source",129945,135253,NA,NA,"Inferred Jul-Dec 2021 from police reported annual total","Midland","TX","South","West South Central",135253
"Millcreek, PA","Millcreek",0,2,1,9,1,23,2,2024,9,"PA","Millcreek, PA,City",12,26,"Millcreek","https://www.ucr.pa.gov/PAUCRSPUBLIC/SRSReport/CrimeTrends","State UCR","Open Source",53119,53119,NA,NA,"Erie County","Millcreek Township, Erie County","PA","Northeast","Middle Atlantic",53119
"Milwaukee, WI","Milwaukee",15,NA,NA,NA,NA,NA,NA,2022,3,"WI","Milwaukee, WI,City",15,0,"Milwaukee","https://data.milwaukee.gov/dataset/wibr","Agency RMS","Open Source",561743,558698,NA,NA,"","Milwaukee","WI","Midwest","East North Central",558698
"Mission, TX","Mission",0,5,3,13,9,94,7,2022,6,"TX","Mission, TX,City",21,110,"Mission","https://txucr.nibrs.com/SRSReport/CrimeTrends","State UCR","Open Source",86577,87031,NA,NA,"","Mission","TX","South","West South Central",87031
"Missouri City, TX","Missouri City",0,2,2,8,8,47,9,2022,9,"TX","Missouri City, TX,City",12,64,"Missouri City","https://txucr.nibrs.com/SRSReport/CrimeTrends","State UCR","Open Source",75323,77560,NA,NA,"","Missouri City","TX","South","West South Central",77560
"Moline, IL","Moline",1,3,0,16,5,62,15,2022,3,"IL","Moline, IL,City",20,82,"Moline","https://ilucr.nibrs.com/AdvancedSearch/AdvancedSearch","State UCR","Open Source",42009,42009,NA,NA,"","Moline","IL","Midwest","East North Central",41601
"Montgomery, MD","Montgomery",2,32,45,65,130,1168,82,2019,12,"MD","Montgomery, MD,County",144,1380,NA,NA,NA,NA,NA,NA,NA,NA,NA,NA,NA,NA,NA,NA
"Montgomery, TX","Montgomery",0,15,5,75,84,272,69,2023,2,"TX","Montgomery, TX,County",95,425,"Montgomery","https://txucr.nibrs.com/SRSReport/CrimeTrends","State UCR","Open Source",565355,565355,NA,NA,"","Montgomery","TX","South","West South Central",565355
"Mount Prospect, IL","Mount Prospect",0,0,1,2,4,54,0,2018,5,"IL","Mount Prospect, IL,City",3,58,"Mount Prospect","https://ilucr.nibrs.com/AdvancedSearch/AdvancedSearch","State UCR","Open Source",53932,53932,NA,NA,"Inferred Jan-Mar 2021 counts from annual average","Mount Prospect","IL","Midwest","East North Central",53932
"NA, MN",NA,1,23,59,85,113,638,268,2021,2,"MN","NA, MN,City",168,1019,NA,NA,NA,NA,NA,NA,NA,NA,NA,NA,NA,NA,NA,NA
"Nashua, NH","Nashua",0,5,0,6,5,102,4,2019,3,"NH","Nashua, NH,City",11,111,"Nashua","https://crimestats.dos.nh.gov/","State UCR","Open Source",NA,91145,NA,NA,"","Nashua","NH","Northeast","New England",91145
"Nashville, TN","Nashville",12,NA,194,484,387,1682,244,2017,5,"TN","Nashville, TN,City",690,2313,"Nashville","https://crimeinsight.tbi.tn.gov/public/View/dispview.aspx","Agency RMS","Open Source",679562,690495,NA,NA,"","Metropolitan Nashville Police Department","TN","South","East South Central",690495
"National City, CA","National City",0,3,11,26,22,98,29,2022,1,"CA","National City, CA,City",40,149,"National City","https://crimestats.arjis.org/default.aspx","Agency Aggregated","Open Source",55676,55270,NA,NA,"","National City","CA","West","Pacific",55270
"New Braunfels, TX","New Braunfels",0,2,1,24,15,54,12,2021,4,"TX","New Braunfels, TX,City",27,81,"New Braunfels","https://txucr.nibrs.com/SRSReport/CrimeTrends","State UCR","Open Source",107017,111942,NA,NA,"","New Braunfels","TX","South","West South Central",111942
"New Britain, CT","New Britain",0,3,6,22,21,118,31,2018,8,"CT","New Britain, CT,City",31,170,"New Britain","https://ct.beyond2020.com/ct_public/Dim/dimension.aspx","State UCR","Open Source",73621,74609,NA,NA,"","New Britain","CT","Northeast","New England",74609
"New Orleans, LA","New Orleans",21,43,106,213,179,1002,402,2020,10,"LA","New Orleans, LA,City",383,1583,"New Orleans","https://data.nola.gov/Public-Safety-and-Preparedness/Electronic-Police-Report-2024/c5iy-ew8n/explore/query/SELECT%0A%20%20%60item_number%60%2C%0A%20%20%60district%60%2C%0A%20%20%60location%60%2C%0A%20%20%60disposition%60%2C%0A%20%20%60signal_type%60%2C%0A%20%20%60signal_description%60%2C%0A%20%20%60occurred_date_time%60%2C%0A%20%20%60charge_code%60%2C%0A%20%20%60charge_description%60%2C%0A%20%20%60offender_number%60%2C%0A%20%20%60offenderid%60%2C%0A%20%20%60offenderstatus%60%2C%0A%20%20%60offender_race%60%2C%0A%20%20%60offender_gender%60%2C%0A%20%20%60offender_age%60%2C%0A%20%20%60victim_number%60%2C%0A%20%20%60persontype%60%2C%0A%20%20%60victim_race%60%2C%0A%20%20%60victim_gender%60%2C%0A%20%20%60victim_age%60%2C%0A%20%20%60victim_fatal_status%60%2C%0A%20%20%60hate_crime%60%2C%0A%20%20%60report_type%60/page/filter","Agency RMS","Open Source",370128,364197,NA,NA,"","New Orleans","LA","South","West South Central",364197
"New York City, NY","New York City",20,113,973,1583,934,3408,388,2017,3,"NY","New York City, NY,City",2689,4730,"New York City","https://compstat.nypdonline.org/","Agency Aggregated","Open Source",8236567,8184044,NA,NA,"","New York","NY","Northeast","Middle Atlantic",8184044
"Newport News, VA","Newport News",1,5,8,70,42,246,24,2020,4,"VA","Newport News, VA,City",84,312,"Newport News","https://vsp.virginia.gov/","State UCR","Provided by State UCR Program",183903,183600,NA,NA,"","Newport News","VA","South","South Atlantic",183600
"Norfolk, VA","Norfolk",6,8,31,95,44,838,138,2022,5,"VA","Norfolk, VA,City",140,1020,"Norfolk","https://vsp.virginia.gov/","State UCR","Provided by State UCR Program",233419,230849,NA,NA,"","Norfolk","VA","South","South Atlantic",230849
"North Bergen Township, NJ","North Bergen Township",0,3,1,3,7,25,4,2018,12,"NJ","North Bergen Township, NJ,City",7,36,"North Bergen Township","http://www.northbergenpolice.com/report/datasets/crime-statistics/","Agency Aggregated","Open Source",58378,59147,NA,NA,"","North Bergen Township","NJ","Northeast","Middle Atlantic",59147
"North Las Vegas, NV","North Las Vegas",2,16,32,147,104,226,82,2018,4,"NV","North Las Vegas, NV,City",197,412,"North Las Vegas","https://nevadacrimestats.nv.gov/public/View/dispview.aspx","State UCR","Open Source",284422,290751,NA,NA,"","North Las Vegas","NV","West","Mountain",290751
"Oak Lawn, IL","Oak Lawn",0,1,0,0,4,41,2,2021,2,"IL","Oak Lawn, IL,City",1,47,"Oak Lawn","https://ilucr.nibrs.com/AdvancedSearch/AdvancedSearch","State UCR","Open Source",55368,55368,NA,NA,"Inferred Jan 2021 counts from annual average","Oak Lawn","IL","Midwest","East North Central",55368
"Oceanside, CA","Oceanside",0,6,9,42,25,157,29,2024,4,"CA","Oceanside, CA,City",57,211,"Oceanside","https://crimestats.arjis.org/default.aspx","Agency Aggregated","Open Source",171844,171348,NA,NA,"","Oceanside","CA","West","Pacific",171348
"Odessa, TX","Odessa",1,6,2,24,26,140,32,2024,10,"TX","Odessa, TX,City",33,198,"Odessa","https://txucr.nibrs.com/SRSReport/CrimeTrends","State UCR","Open Source",110163,111922,NA,NA,"","Odessa","TX","South","West South Central",111922
"Omaha, NE","Omaha",4,28,47,165,170,950,224,2018,7,"NE","Omaha, NE,City",244,1344,"Omaha","https://police.cityofomaha.org/opd-crime-statistics","Agency Aggregated","Open Source",483462,481471,NA,NA,"","Omaha","NE","Midwest","West North Central",481471
"Oshkosh, WI","Oshkosh",0,0,2,13,20,84,7,2018,9,"WI","Oshkosh, WI,City",15,111,"Oshkosh","https://www.oshkoshpd.com/MonthlyCrimeStats/Default.aspx","Agency Aggregated","Open Source",66521,65548,NA,NA,"","Oshkosh","WI","Midwest","East North Central",65548
"Palatine, IL","Palatine",0,3,0,2,6,37,10,2021,12,"IL","Palatine, IL,City",5,53,"Palatine","https://ilucr.nibrs.com/AdvancedSearch/AdvancedSearch","State UCR","Open Source",64407,64407,NA,NA,"Inferred Jan-Mar 2021 counts from annual average","Palatine","IL","Midwest","East North Central",64407
"Parker, TX","Parker",0,3,0,8,25,42,7,2018,10,"TX","Parker, TX,County",11,74,"Parker","https://txucr.nibrs.com/SRSReport/CrimeTrends","State UCR","Open Source",114776,114776,NA,NA,"","Parker","TX","South","West South Central",114776
"Pasadena, TX","Pasadena",2,5,19,57,41,230,46,2020,12,"TX","Pasadena, TX,City",83,317,"Pasadena","https://txucr.nibrs.com/SRSReport/CrimeTrends","State UCR","Open Source",145954,145850,NA,NA,"","Pasadena","TX","South","West South Central",145850
"Pawtucket, RI","Pawtucket",0,3,5,24,29,91,20,2018,10,"RI","Pawtucket, RI,City",32,140,"Pawtucket","https://riucr.nibrs.com/AdvancedSearch/AdvancedSearch","State UCR","Open Source",74967,75100,NA,NA,"","Pawtucket","RI","Northeast","New England",75100
"Pearland, TX","Pearland",0,2,4,1,12,89,7,2020,2,"TX","Pearland, TX,City",7,108,"Pearland","https://txucr.nibrs.com/SRSReport/CrimeTrends","State UCR","Open Source",125894,127433,NA,NA,"","Pearland","TX","South","West South Central",127433
"Pflugerville, TX","Pflugerville",0,2,2,10,14,51,4,2017,10,"TX","Pflugerville, TX,City",14,69,"Pflugerville","https://txucr.nibrs.com/SRSReport/CrimeTrends","State UCR","Open Source",67817,65599,NA,NA,"","Pflugerville","TX","South","West South Central",65599
"Pharr, TX","Pharr",0,1,1,19,20,57,9,2020,5,"TX","Pharr, TX,City",21,86,"Pharr","https://txucr.nibrs.com/SRSReport/CrimeTrends","State UCR","Open Source",79558,80359,NA,NA,"","Pharr","TX","South","West South Central",80359
"Philadelphia, PA","Philadelphia",41,102,531,700,518,NA,513,2019,8,"PA","Philadelphia, PA,City",1374,1031,"Philadelphia","https://www.ucr.pa.gov/PAUCRSPUBLIC/SRSReport/CrimeTrends","State UCR","Open Source",1555812,1550843,NA,NA,"","Philadelphia","PA","Northeast","Middle Atlantic",1550843
"Phoenix, AZ","Phoenix",6,105,219,503,689,2892,533,2019,9,"AZ","Phoenix, AZ,City",833,4114,"Phoenix","https://www.phoenixopendata.com/dataset/crime-data/resource/0ce3411a-2fc6-4302-a33f-167f68608a20","Agency RMS","Open Source",1637902,1660686,NA,NA,"","Phoenix","AZ","West","Mountain",1660686
"Pima, AZ","Pima",3,4,13,56,92,496,48,2021,10,"AZ","Pima, AZ,County",76,636,"Pima","https://azcrimestatistics.azdps.gov/","State UCR","Open Source",365222,365222,NA,NA,"Inferred Jan-Feb 2019 from annual average",NA,NA,NA,NA,NA
"Pittsburgh, PA","Pittsburgh",3,NA,NA,NA,NA,NA,NA,2017,9,"PA","Pittsburgh, PA,City",3,0,"Pittsburgh","https://app.powerbigov.us/view?r=eyJrIjoiMDYzNWMyNGItNWNjMS00ODMwLWIxZDgtMTNkNzhlZDE2OWFjIiwidCI6ImY1ZjQ3OTE3LWM5MDQtNDM2OC05MTIwLWQzMjdjZjE3NTU5MSJ9","Agency Aggregated","Open Source",303137,304825,NA,NA,"","Pittsburgh","PA","Northeast","Middle Atlantic",304825
"Plano, TX","Plano",0,6,9,29,35,332,38,2021,1,"TX","Plano, TX,City",44,405,"Plano","https://txucr.nibrs.com/SRSReport/CrimeTrends","State UCR","Open Source",289847,291140,NA,NA,"","Plano","TX","South","West South Central",291140
"Pocatello, ID","Pocatello",0,5,1,17,11,71,10,2019,11,"ID","Pocatello, ID,City",23,92,"Pocatello","https://nibrs.isp.idaho.gov/CrimeInIdaho/AdvancedSearch/AdvancedSearch","State UCR","Open Source",57914,58390,NA,NA,"","Pocatello","ID","West","Mountain",58390
"Port Arthur, TX","Port Arthur",1,8,4,10,34,54,10,2020,4,"TX","Port Arthur, TX,City",23,98,"Port Arthur","https://txucr.nibrs.com/SRSReport/CrimeTrends","State UCR","Open Source",55899,55371,NA,NA,"","Port Arthur","TX","South","West South Central",55371
"Portland, OR","Portland",9,24,111,292,382,1406,685,2023,5,"OR","Portland, OR,City",436,2473,"Portland","https://public.tableau.com/app/profile/portlandpolicebureau/viz/New_Monthly_Neighborhood/MonthlyOffenseTotals","Agency RMS","Open Source",630129,626146,NA,NA,"","Portland","OR","West","Pacific",626146
"Portsmouth, VA","Portsmouth",3,1,14,53,34,248,31,2024,5,"VA","Portsmouth, VA,City",71,313,"Portsmouth","https://vsp.virginia.gov/","State UCR","Provided by State UCR Program",98003,96649,NA,NA,"","Portsmouth","VA","South","South Atlantic",96649
"Prince George's, MD","Prince George's",7,13,66,82,107,671,195,2017,3,"MD","Prince George's, MD,County",168,973,NA,NA,NA,NA,NA,NA,NA,NA,NA,NA,NA,NA,NA,NA
"Prince William, VA","Prince William",7,10,24,72,44,475,47,2023,5,"VA","Prince William, VA,County",113,566,NA,NA,NA,NA,NA,NA,NA,NA,NA,NA,NA,NA,NA,NA
"Providence, RI","Providence",2,8,20,61,59,277,73,2020,9,"RI","Providence, RI,City",91,409,"Providence","https://riucr.nibrs.com/AdvancedSearch/AdvancedSearch","State UCR","Open Source",189064,189590,NA,NA,"","Providence","RI","Northeast","New England",189590
"Raleigh, NC","Raleigh",1,14,42,117,94,752,106,2022,6,"NC","Raleigh, NC,City",174,952,"Raleigh","https://data-ral.opendata.arcgis.com/datasets/ral::raleigh-police-incidents-nibrs/explore","Agency RMS","Open Source",470829,482842,NA,NA,"","Raleigh","NC","South","South Atlantic",482842
"Reading, PA","Reading",1,5,15,33,48,99,27,2018,8,"PA","Reading, PA,City",54,174,"Reading","https://www.ucr.pa.gov/PAUCRSPUBLIC/SRSReport/CrimeTrends","State UCR","Open Source",97698,97790,NA,NA,"","Reading","PA","Northeast","Middle Atlantic",97790
"Redlands, CA","Redlands",1,3,7,10,34,160,22,2017,9,"CA","Redlands, CA,City",21,216,"Redlands","https://www.cityofredlands.org/police","Agency Aggregated","Provided by Agency",73554,74147,NA,NA,"","Redlands","CA","West","Pacific",74147
"Reno, NV","Reno",1,7,21,108,105,337,111,2017,5,"NV","Reno, NV,City",137,553,"Reno","https://nevadacrimestats.nv.gov/public/View/dispview.aspx","State UCR","Open Source",273671,277792,NA,NA,"","Reno","NV","West","Mountain",277792
"Richardson, TX","Richardson",0,2,4,3,24,163,14,2018,9,"TX","Richardson, TX,City",9,201,"Richardson","https://txucr.nibrs.com/SRSReport/CrimeTrends","State UCR","Open Source",115771,119008,NA,NA,"","Richardson","TX","South","West South Central",119008
"Richmond, CA","Richmond",0,2,30,48,5,162,115,2018,2,"CA","Richmond, CA,City",80,282,"Richmond","https://www.ci.richmond.ca.us/4010/Crime-Statistics-Reports","Agency Aggregated","Open Source",115043,113282,NA,NA,"","Richmond","CA","West","Pacific",113282
"Richmond, VA","Richmond",6,11,27,62,75,574,61,2019,8,"VA","Richmond, VA,City",106,710,"Richmond","https://apps.richmondgov.com/applications/CrimeInfo","Agency RMS","Open Source",227323,230789,NA,NA,"","Richmond","VA","South","South Atlantic",230789
"Riverside, CA","Riverside",1,NA,50,106,126,536,114,2017,8,"CA","Riverside, CA,City",157,776,"Riverside","https://www.riversideca.gov/transparency/data/dataset/show/27","Agency RMS","Open Source",319889,323473,NA,NA,"","Riverside","CA","West","Pacific",323473
"Roanoke, VA","Roanoke",3,2,9,20,46,319,32,2019,7,"VA","Roanoke, VA,City",34,397,"Roanoke","https://vsp.virginia.gov/","State UCR","Provided by State UCR Program",98204,96925,NA,NA,"","Roanoke","VA","South","South Atlantic",96925
"Rochester, NY","Rochester",3,NA,32,52,80,269,113,2024,2,"NY","Rochester, NY,City",87,462,"Rochester","https://data-rpdny.opendata.arcgis.com/datasets/rpdny::rpd-part-i-crime-2011-to-present/explore","Agency RMS","Open Source",210270,208452,NA,NA,"","Rochester","NY","Northeast","Middle Atlantic",208452
"Rockford, IL","Rockford",3,16,39,138,118,393,39,2018,7,"IL","Rockford, IL,City",196,550,"Rockford","https://ilucr.nibrs.com/AdvancedSearch/AdvancedSearch","State UCR","Open Source",146710,145873,NA,NA,"","Rockford","IL","Midwest","East North Central",145873
"Rockwall, TX","Rockwall",0,0,1,2,3,49,3,2022,10,"TX","Rockwall, TX,City",3,55,"Rockwall","https://txucr.nibrs.com/SRSReport/CrimeTrends","State UCR","Open Source",51724,53433,NA,NA,"","Rockwall","TX","South","West South Central",53433
"Round Rock, TX","Round Rock",0,1,4,12,25,159,11,2024,1,"TX","Round Rock, TX,City",17,195,"Round Rock","https://txucr.nibrs.com/SRSReport/CrimeTrends","State UCR","Open Source",127349,129898,NA,NA,"","Round Rock","TX","South","West South Central",129898
"Rowlett, TX","Rowlett",0,1,0,6,3,59,8,2024,3,"TX","Rowlett, TX,City",7,70,"Rowlett","https://txucr.nibrs.com/SRSReport/CrimeTrends","State UCR","Open Source",65196,66671,NA,NA,"","Rowlett","TX","South","West South Central",66671
"Salt Lake City, UT","Salt Lake City",1,20,31,49,89,681,107,2019,4,"UT","Salt Lake City, UT,City",101,877,"Salt Lake City","https://slcpd.com/open-data/crimestatistics/","Agency Aggregated","Open Source",201373,206692,NA,NA,"","Salt Lake City","UT","West","Mountain",206692
"San Angelo, TX","San Angelo",0,1,3,15,33,145,8,2023,5,"TX","San Angelo, TX,City",19,186,"San Angelo","https://txucr.nibrs.com/SRSReport/CrimeTrends","State UCR","Open Source",99243,98642,NA,NA,"","San Angelo","TX","South","West South Central",98642
"San Antonio, TX","San Antonio",11,49,176,623,685,2992,451,2020,4,"TX","San Antonio, TX,City",859,4128,"San Antonio","https://txucr.nibrs.com/SRSReport/CrimeTrends","State UCR","Open Source",1465608,1490047,NA,NA,"","San Antonio","TX","South","West South Central",1490047
"San Diego, CA","San Diego",3,52,127,275,293,1471,449,2019,4,"CA","San Diego, CA,City",457,2213,"San Diego","https://crimestats.arjis.org/default.aspx","Agency Aggregated","Open Source",1377838,1378349,NA,NA,"","San Diego","CA","West","Pacific",1378349
"San Diego, CA","San Diego",0,20,40,162,226,602,116,2018,5,"CA","San Diego, CA,County",222,944,"San Diego","https://crimestats.arjis.org/default.aspx","Agency Aggregated","Open Source",519218,519218,NA,NA,"See County Sheriff","San Diego","CA","West","Pacific",519218
"San Francisco, CA","San Francisco",4,11,211,153,665,1685,457,2021,2,"CA","San Francisco, CA,City",379,2807,"San Francisco","https://www.sanfranciscopolice.org/stay-safe/crime-data/crime-reports","Agency Aggregated","Open Source",764693,782846,NA,NA,"","San Francisco","CA","West","Pacific",782846
"San Jose, CA","San Jose",3,33,94,181,326,1106,459,2019,2,"CA","San Jose, CA,City",311,1891,"San Jose","https://www.sjpd.org/records/crime-stats-maps/police-dashboards","Agency Aggregated","Open Source",956814,952530,NA,NA,"","San Jose","CA","West","Pacific",952530
"San Marcos, TX","San Marcos",1,5,1,6,18,90,15,2017,8,"TX","San Marcos, TX,City",13,123,"San Marcos","https://txucr.nibrs.com/SRSReport/CrimeTrends","State UCR","Open Source",69470,71413,NA,NA,"","San Marcos","TX","South","West South Central",71413
"Sarasota, FL","Sarasota",0,3,4,19,34,226,41,2023,2,"FL","Sarasota, FL,County",26,301,"Sarasota","https://www.sarasotasheriff.org/news/crime_crash_statistics/uniform_crime_reporting_statistics.php#revize_document_center_rz1986","Agency Aggregated","Open Source",294526,294526,NA,NA,"","Sarasota","FL","South","South Atlantic",294526
"Schaumburg, IL","Schaumburg",0,4,1,4,12,85,6,2019,1,"IL","Schaumburg, IL,City",9,103,"Schaumburg","https://ilucr.nibrs.com/AdvancedSearch/AdvancedSearch","State UCR","Open Source",75745,75140,NA,NA,"Inferred Jan-Mar 2021 from annual average","Schaumburg","IL","Midwest","East North Central",75140
"Scottsdale, AZ","Scottsdale",1,12,8,19,47,302,27,2020,9,"AZ","Scottsdale, AZ,City",40,376,"Scottsdale","https://azcrimestatistics.azdps.gov/","State UCR","Open Source",243576,243644,NA,NA,"","Scottsdale","AZ","West","Mountain",243644
"Scranton, PA","Scranton",0,4,1,11,19,51,11,2023,12,"PA","Scranton, PA,City",16,81,"Scranton","https://www.ucr.pa.gov/PAUCRSPUBLIC/SRSReport/CrimeTrends","State UCR","Open Source",75798,75687,NA,NA,"","Scranton","PA","Northeast","Middle Atlantic",75687
"Seattle, WA","Seattle",4,35,140,263,717,1754,616,2024,3,"WA","Seattle, WA,City",442,3087,"Seattle","https://www.seattle.gov/police/information-and-data/data/crime-dashboard","Agency Aggregated","Open Source",729691,753786,NA,NA,"","Seattle","WA","West","Pacific",753786
"Sioux Falls, SD","Sioux Falls",0,9,6,41,58,418,50,2018,10,"SD","Sioux Falls, SD,City",56,526,"Sioux Falls","https://sdcrime.nibrs.com/AdvancedSearch/AdvancedSearch","State UCR","Open Source",199879,206559,NA,NA,"","Sioux Falls","SD","Midwest","West North Central",206559
"Skokie, IL","Skokie",0,3,3,9,55,100,34,2024,6,"IL","Skokie, IL,City",15,189,"Skokie","https://ilucr.nibrs.com/AdvancedSearch/AdvancedSearch","State UCR","Open Source",65185,64417,NA,NA,"","Skokie","IL","Midwest","East North Central",64417
"Smith, TX","Smith",0,3,2,18,21,33,12,2021,2,"TX","Smith, TX,County",23,66,"Smith","https://txucr.nibrs.com/SRSReport/CrimeTrends","State UCR","Open Source",111489,111489,NA,NA,"","Smith","TX","South","West South Central",111489
"Sonoma, CA","Sonoma",0,4,6,26,41,45,3,2019,7,"CA","Sonoma, CA,County",36,89,"Sonoma","https://data.sonomacounty.ca.gov/Public-Safety/Sonoma-County-Sheriff-s-Office-Incident-Data/3rsj-iche/explore/query/SELECT%0A%20%20%60id%60%2C%0A%20%20%60agency_code%60%2C%0A%20%20%60agency%60%2C%0A%20%20%60incident_number%60%2C%0A%20%20%60date_time%60%2C%0A%20%20%60incident_type%60%2C%0A%20%20%60location_type%60%2C%0A%20%20%60city%60%2C%0A%20%20%60intersection%60%2C%0A%20%20%60location%60%2C%0A%20%20%60upload%60/page/filter","Agency RMS","Open Source",131522,131522,NA,NA,"","Sonoma","CA","West","Pacific",131522
"South Bend, IN","South Bend",1,1,21,83,78,243,57,2019,10,"IN","South Bend, IN,City",106,378,"South Bend","https://southbendin.gov/transparency-and-performance/police-transparency-hub/particrimes/","Agency Aggregated","Open Source",103179,102999,NA,NA,"Inferred Apr-Nov 2021 from annual state total","South Bend","IN","Midwest","East North Central",102999
"Southaven, MS","Southaven",1,3,1,8,9,74,23,2024,3,"MS","Southaven, MS,City",13,106,"Southaven","https://mscrimestats.dps.ms.gov/public/View/dispview.aspx","State UCR","Open Source",56092,57135,NA,NA,"","Southaven","MS","South","East South Central",57135
"Sparks, NV","Sparks",0,2,3,22,58,144,31,2017,3,"NV","Sparks, NV,City",27,233,"Sparks","https://nevadacrimestats.nv.gov/public/View/dispview.aspx","State UCR","Open Source",110475,109403,NA,NA,"","Sparks","NV","West","Mountain",109403
"Spotsylvania, VA","Spotsylvania",0,3,1,14,1,54,5,2020,8,"VA","Spotsylvania, VA,County",18,60,NA,NA,NA,NA,NA,NA,NA,NA,NA,NA,NA,NA,NA,NA
"Springfield, IL","Springfield",1,14,14,69,91,321,18,2020,7,"IL","Springfield, IL,City",98,430,"Springfield","https://ilucr.nibrs.com/AdvancedSearch/AdvancedSearch","State UCR","Open Source",112549,112781,NA,NA,"","Springfield","IL","Midwest","East North Central",112781
"Springfield, MO","Springfield",0,35,31,141,202,864,164,2017,4,"MO","Springfield, MO,City",207,1230,"Springfield","https://showmecrime.mo.gov/","State UCR","Open Source",169822,170521,NA,NA,"","Springfield","MO","Midwest","West North Central",170521
"St Charles, MO","St Charles",0,4,2,13,40,99,6,2019,3,"MO","St Charles, MO,City",19,145,"St Charles","https://showmecrime.mo.gov/","State UCR","Open Source",71079,71408,NA,NA,"","St. Charles","MO","Midwest","West North Central",71408
"St Charles, MO","St Charles",0,0,1,4,16,54,5,2017,8,"MO","St Charles, MO,County",5,75,NA,NA,NA,NA,NA,NA,NA,NA,NA,NA,NA,NA,NA,NA
"St Joseph, MO","St Joseph",0,6,1,31,30,164,53,2024,7,"MO","St Joseph, MO,City",38,247,"St Joseph","https://showmecrime.mo.gov/","State UCR","Open Source",70918,69925,NA,NA,"","St. Joseph","MO","Midwest","West North Central",69925
"St Louis, MO","St Louis",2,19,40,111,132,476,76,2017,9,"MO","St Louis, MO,County",172,684,NA,NA,NA,NA,NA,NA,NA,NA,NA,NA,NA,NA,NA,NA
"St Peters, MO","St Peters",0,1,1,12,8,104,9,2019,10,"MO","St Peters, MO,City",14,121,"St Peters","https://showmecrime.mo.gov/","State UCR","Open Source",58584,58937,NA,NA,"","St. Peters","MO","Midwest","West North Central",58937
"Stafford, VA","Stafford",0,6,2,21,9,82,11,2021,8,"VA","Stafford, VA,County",29,102,NA,NA,NA,NA,NA,NA,NA,NA,NA,NA,NA,NA,NA,NA
"State College, PA","State College",0,0,0,2,1,31,0,2018,11,"PA","State College, PA,City",2,32,"State College","https://www.ucr.pa.gov/PAUCRSPUBLIC/SRSReport/CrimeTrends","State UCR","Open Source",55998,58532,NA,NA,"","State College","PA","Northeast","Middle Atlantic",58532
"Stockton, CA","Stockton",8,7,89,157,139,520,146,2023,3,"CA","Stockton, CA,City",261,805,"Stockton","https://www.stocktonca.gov/services/police_department/police_news___information/statistical_reports.php#outer-629","Agency Aggregated","Open Source",323501,322220,NA,NA,"Inferred Jan-Feb 2021 from annual state total","Stockton","CA","West","Pacific",322220
"Stratford, CT","Stratford",0,2,4,2,6,44,5,2017,2,"CT","Stratford, CT,City",8,55,"Stratford","https://ct.beyond2020.com/ct_public/Dim/dimension.aspx","State UCR","Open Source",52320,52596,NA,NA,"","Stratford","CT","Northeast","New England",52596
"Suffolk, VA","Suffolk",0,3,6,23,64,162,5,2017,7,"VA","Suffolk, VA,City",32,231,"Suffolk","https://vsp.virginia.gov/","State UCR","Provided by State UCR Program",98065,100598,NA,NA,"","Suffolk","VA","South","South Atlantic",100598
"Sugar Land, TX","Sugar Land",0,0,3,1,24,136,4,2019,1,"TX","Sugar Land, TX,City",4,164,"Sugar Land","https://txucr.nibrs.com/SRSReport/CrimeTrends","State UCR","Open Source",107989,108718,NA,NA,"","Sugar Land","TX","South","West South Central",108718
"Surprise, AZ","Surprise",0,7,2,8,19,151,14,2021,9,"AZ","Surprise, AZ,City",17,184,"Surprise","https://azcrimestatistics.azdps.gov/","State UCR","Open Source",154128,159346,NA,NA,"","Surprise","AZ","West","Mountain",159346
"Tacoma, WA","Tacoma",1,NA,47,40,125,616,149,2018,2,"WA","Tacoma, WA,City",88,890,"Tacoma","https://public.tableau.com/app/profile/city.of.tacoma/viz/TacomaPoliceCrimeDashboard/CrimeDashboard-IntroPage","Agency Aggregated","Open Source",219027,222828,NA,NA,"","Tacoma","WA","West","Pacific",222828
"Tempe, AZ","Tempe",1,7,9,49,62,323,59,2024,8,"AZ","Tempe, AZ,City",66,444,"Tempe","https://azcrimestatistics.azdps.gov/","State UCR","Open Source",187473,188144,NA,NA,"","Tempe","AZ","West","Mountain",188144
"Temple, TX","Temple",0,3,1,9,19,121,10,2021,4,"TX","Temple, TX,City",13,150,"Temple","https://txucr.nibrs.com/SRSReport/CrimeTrends","State UCR","Open Source",88484,93073,NA,NA,"","Temple","TX","South","West South Central",93073
"Texas City, TX","Texas City",1,2,5,12,18,106,4,2018,8,"TX","Texas City, TX,City",20,128,"Texas City","https://txucr.nibrs.com/SRSReport/CrimeTrends","State UCR","Open Source",56311,57448,NA,NA,"","Texas City","TX","South","West South Central",57448
"Tinley Park, IL","Tinley Park",0,0,1,0,4,40,19,2022,10,"IL","Tinley Park, IL,City",1,63,"Tinley Park","https://ilucr.nibrs.com/AdvancedSearch/AdvancedSearch","State UCR","Open Source",53973,53528,NA,NA,"","Tinley Park","IL","Midwest","East North Central",53528
"Tracy, CA","Tracy",0,5,11,10,27,141,34,2017,5,"CA","Tracy, CA,City",26,202,"Tracy","https://tracypd.com/crime-mapping","Agency Aggregated","Open Source",97219,99347,NA,NA,"","Tracy","CA","West","Pacific",99347
"Travis, TX","Travis",0,7,6,44,56,191,73,2024,9,"TX","Travis, TX,County",57,320,"Travis","https://txucr.nibrs.com/SRSReport/CrimeTrends","State UCR","Open Source",277111,277111,NA,NA,"Inferred Jan & Aug 2023 from 12 month average","Travis","TX","South","West South Central",277111
"Tucson, AZ","Tucson",6,16,42,155,164,764,135,2025,1,"AZ","Tucson, AZ,City",219,1063,"Tucson","https://app.powerbigov.us/view?r=eyJrIjoiY2ViZmNiYzAtMDQ5ZC00OTMwLTliMTgtYjM1ZjAwYjJlMTkzIiwidCI6ImQyMWU1OWVjLWMyMDgtNDNlYi1hYWYxLWNmMDZkOWExOTZlMCJ9&pageName=ReportSectionccd6be2a1a0db780dadd","Agency Aggregated","Open Source",544629,548544,NA,NA,"","Tucson","AZ","West","Mountain",548544
"Twin Falls, ID","Twin Falls",0,1,0,16,3,35,7,2022,4,"ID","Twin Falls, ID,City",17,45,"Twin Falls","https://nibrs.isp.idaho.gov/CrimeInIdaho/AdvancedSearch/AdvancedSearch","State UCR","Open Source",54648,55447,NA,NA,"","Twin Falls","ID","West","Mountain",55447
"Tyler, TX","Tyler",0,8,6,18,14,129,8,2022,11,"TX","Tyler, TX,City",32,151,"Tyler","https://txucr.nibrs.com/SRSReport/CrimeTrends","State UCR","Open Source",108422,110824,NA,NA,"","Tyler","TX","South","West South Central",110824
"Upper Darby, PA","Upper Darby",0,2,7,1,2,156,12,2024,8,"PA","Upper Darby, PA,City",10,170,"Upper Darby","https://www.ucr.pa.gov/PAUCRSPUBLIC/SRSReport/CrimeTrends","State UCR","Open Source",84407,84468,NA,NA,"","Upper Darby Township","PA","Northeast","Middle Atlantic",84468
"Vallejo, CA","Vallejo",1,8,33,46,206,105,112,2017,3,"CA","Vallejo, CA,City",88,423,"Vallejo","https://www.vallejopd.net/public_information/crime_data/operations_bureau_reports/operations_bureau_2024_reports","Agency Aggregated","Open Source",123940,122419,NA,NA,"","Vallejo","CA","West","Pacific",122419
"Victoria, TX","Victoria",1,1,1,11,19,80,7,2022,2,"TX","Victoria, TX,City",14,106,"Victoria","https://txucr.nibrs.com/SRSReport/CrimeTrends","State UCR","Open Source",65165,65298,NA,NA,"","Victoria","TX","South","West South Central",65298
"Virginia Beach, VA","Virginia Beach",1,5,11,15,17,582,55,2023,1,"VA","Virginia Beach, VA,City",32,654,"Virginia Beach","https://vsp.virginia.gov/","State UCR","Provided by State UCR Program",457556,453991,NA,NA,"","Virginia Beach","VA","South","South Atlantic",453991
"Waco, TX","Waco",1,7,13,43,56,245,29,2021,2,"TX","Waco, TX,City",64,330,"Waco","https://txucr.nibrs.com/SRSReport/CrimeTrends","State UCR","Open Source",140911,145741,NA,NA,"","Waco","TX","South","West South Central",145741
"Warwick, RI","Warwick",1,6,2,1,8,102,6,2019,1,"RI","Warwick, RI,City",10,116,"Warwick","https://riucr.nibrs.com/AdvancedSearch/AdvancedSearch","State UCR","Open Source",82966,83369,NA,NA,"","Warwick","RI","Northeast","New England",83369
"Washington, DC","Washington",15,21,139,113,79,1782,168,2018,3,"DC","Washington, DC,City",288,2029,"Washington","https://crimecards.dc.gov/","Agency RMS","Open Source",671803,678972,NA,NA,"","Washington","DC","South","South Atlantic",678972
"Washington, MD","Washington",0,3,3,21,10,40,6,2023,1,"MD","Washington, MD,County",27,56,NA,NA,NA,NA,NA,NA,NA,NA,NA,NA,NA,NA,NA,NA
"Waterbury, CT","Waterbury",0,3,13,25,29,186,51,2020,9,"CT","Waterbury, CT,City",41,266,"Waterbury","https://ct.beyond2020.com/ct_public/Dim/dimension.aspx","State UCR","Open Source",113464,115380,NA,NA,"","Waterbury","CT","Northeast","New England",115380
"West Hartford, CT","West Hartford",0,0,5,0,13,117,12,2020,1,"CT","West Hartford, CT,City",5,142,"West Hartford","https://ct.beyond2020.com/ct_public/Dim/dimension.aspx","State UCR","Open Source",63934,64423,NA,NA,"","West Hartford","CT","Northeast","New England",64423
"West Haven, CT","West Haven",0,0,1,1,4,59,23,2022,11,"CT","West Haven, CT,City",2,86,"West Haven","https://ct.beyond2020.com/ct_public/Dim/dimension.aspx","State UCR","Open Source",55133,54791,NA,NA,"","West Haven","CT","Northeast","New England",54791
"Wichita Falls, TX","Wichita Falls",0,7,4,24,36,150,14,2023,8,"TX","Wichita Falls, TX,City",35,200,"Wichita Falls","https://txucr.nibrs.com/SRSReport/CrimeTrends","State UCR","Open Source",103337,102740,NA,NA,"","Wichita Falls","TX","South","West South Central",102740
"Will, IL","Will",0,2,3,3,26,56,11,2017,8,"IL","Will, IL,County",8,93,"Will","https://ilucr.nibrs.com/Report/CrimeTrends","State UCR","Open Source",104475,104475,NA,NA,"","Will","IL","Midwest","East North Central",104475
"Williamson, TX","Williamson",0,1,0,8,30,128,11,2020,8,"TX","Williamson, TX,County",9,169,"Williamson","https://txucr.nibrs.com/SRSReport/CrimeTrends","State UCR","Open Source",202897,202897,NA,NA,"","Williamson","TX","South","West South Central",202897
"Wright, MN","Wright",0,1,0,7,4,40,2,2023,6,"MN","Wright, MN,County",8,46,"Wright","https://cde.state.mn.us/CrimesAgainstPerson/CrimesAgainstPerson","State UCR","Open Source",129359,129359,NA,NA,"","Wright","MN","Midwest","West North Central",129359
"Wylie, TX","Wylie",0,2,0,4,5,31,4,2023,1,"TX","Wylie, TX,City",6,40,"Wylie","https://txucr.nibrs.com/SRSReport/CrimeTrends","State UCR","Open Source",60910,62539,NA,NA,"","Wylie","TX","South","West South Central",62539
"Yuma, AZ","Yuma",2,3,0,21,34,157,13,2019,10,"AZ","Yuma, AZ,City",26,204,"Yuma","https://azcrimestatistics.azdps.gov/","State UCR","Open Source",98164,99610,NA,NA,"","Yuma","AZ","West","Mountain",99610
